{
    "modes": [
        {
            "strictly local log-evidence": -276.1339101176332,
            "maximum a posterior": [
                1305.8202438140524,
                2020.2353022490834,
                -2999.9502407722525,
                1841.047667853839,
                -416.904160015647,
                0.2988789514225552,
                67.04928988800941,
                11.589191593260486,
                9.687712997882779
            ],
            "maximum": [
                1305.8202438140524,
                2020.2353022490834,
                -2999.9502407722525,
                1841.047667853839,
                -416.904160015647,
                0.2988789514225552,
                67.04928988800941,
                11.589191593260486,
                9.687712997882779
            ],
            "local log-evidence": -276.1339101176332,
            "mean": [
                1306.546781473342,
                2017.4876787916905,
                -2996.0746801999685,
                1838.6316405747377,
                -416.34229411209583,
                0.29983597970741277,
                67.06585682474928,
                11.562815038939355,
                9.142576489554463
            ],
            "sigma": [
                0.7660033813968717,
                2.6732337952399394,
                3.724284911063165,
                2.4900972197665876,
                0.6604131419956837,
                0.008277590300706236,
                0.11127523973661668,
                0.19345179598672968,
                0.6373560895843471
            ],
            "index": 0,
            "strictly local log-evidence error": 0.012925927172822205,
            "local log-evidence error": 0.012925927172822205
        }
    ],
    "nested sampling global log-evidence": -274.2780624431153,
    "global evidence": -276.1339101176332,
    "marginals": [
        {
            "q25%": 1306.012554372223,
            "q10%": 1305.6988152764852,
            "median": 1306.4321866135294,
            "2sigma": [
                1305.4038280365048,
                1308.3665157599494
            ],
            "1sigma": [
                1305.842649815373,
                1307.2382538892543
            ],
            "q01%": 1305.247667509678,
            "q99%": 1309.0862797612485,
            "sigma": 0.6978020369406295,
            "q75%": 1306.9492890790184,
            "5sigma": [
                1304.0811136450375,
                1315.396364607939
            ],
            "3sigma": [
                1304.9792899643587,
                1310.2010059287372
            ],
            "q90%": 1307.5133150690358
        },
        {
            "q25%": 2016.1675529465242,
            "q10%": 2014.0824183607795,
            "median": 2018.144036323246,
            "2sigma": [
                2010.8230217468633,
                2020.786799121975
            ],
            "1sigma": [
                2015.107848288128,
                2019.7871540610272
            ],
            "q01%": 2007.8378148217173,
            "q99%": 2021.1619918361873,
            "sigma": 2.339652886449585,
            "q75%": 2019.378982467961,
            "5sigma": [
                1983.3409261245379,
                2023.6871332070887
            ],
            "3sigma": [
                2003.9141711329507,
                2021.7280181330098
            ],
            "q90%": 2020.1224864037488
        },
        {
            "q25%": -2998.814643675086,
            "q10%": -2999.538576836636,
            "median": -2997.2138534022756,
            "2sigma": [
                -2999.8912835637557,
                -2986.5777959731104
            ],
            "1sigma": [
                -2999.2561444635917,
                -2992.8211657222832
            ],
            "q01%": -2999.950685407127,
            "q99%": -2982.5219205250255,
            "sigma": 3.2174893706542207,
            "q75%": -2994.4306126449337,
            "5sigma": [
                -2999.9995215982904,
                -2949.1660416984873
            ],
            "3sigma": [
                -2999.9941185293724,
                -2976.7826092962323
            ],
            "q90%": -2991.1395320438824
        },
        {
            "q25%": 1837.5382633444362,
            "q10%": 1835.3021737410327,
            "median": 1839.2309740775136,
            "2sigma": [
                1832.419366069588,
                1841.780144405396
            ],
            "1sigma": [
                1836.4030225184422,
                1840.7498562843064
            ],
            "q01%": 1829.9877420077255,
            "q99%": 1842.0514679119683,
            "sigma": 2.173416882932088,
            "q75%": 1840.3560264214927,
            "5sigma": [
                1809.0020473176032,
                1843.734770142002
            ],
            "3sigma": [
                1826.014445324916,
                1842.7646542172781
            ],
            "q90%": 1841.0942369479694
        },
        {
            "q25%": -416.78575428797,
            "q10%": -417.0674744525779,
            "median": -416.4489310670299,
            "2sigma": [
                -417.33897674501054,
                -414.7623887919302
            ],
            "1sigma": [
                -416.93052246524843,
                -415.73749318645025
            ],
            "q01%": -417.47050155212736,
            "q99%": -414.26951255539893,
            "sigma": 0.5965146393990892,
            "q75%": -416.00237597800145,
            "5sigma": [
                -418.2202795772399,
                -409.2183392332084
            ],
            "3sigma": [
                -417.80786568039565,
                -413.25662077379434
            ],
            "q90%": -415.47387903811693
        },
        {
            "q25%": 0.29408788381536044,
            "q10%": 0.2895741464319589,
            "median": 0.2995973415787722,
            "2sigma": [
                0.28451087208209785,
                0.31693451591538
            ],
            "1sigma": [
                0.2916170902954001,
                0.3079235282935981
            ],
            "q01%": 0.28154694853564743,
            "q99%": 0.3216368328027169,
            "sigma": 0.008153218999098988,
            "q75%": 0.3050568765638386,
            "5sigma": [
                0.26549689151059963,
                0.34385509265419617
            ],
            "3sigma": [
                0.27637491144838605,
                0.32767915107942247
            ],
            "q90%": 0.3104692106106165
        },
        {
            "q25%": 66.99160278936795,
            "q10%": 66.92406516330061,
            "median": 67.06842482335598,
            "2sigma": [
                66.84280118534953,
                67.27455658386536
            ],
            "1sigma": [
                66.95353488894405,
                67.17655912262524
            ],
            "q01%": 66.79153520865201,
            "q99%": 67.31945800288801,
            "sigma": 0.11151211684059348,
            "q75%": 67.14354245369924,
            "5sigma": [
                66.5202057611584,
                67.58037689375855
            ],
            "3sigma": [
                66.71828933088142,
                67.38286816931164
            ],
            "q90%": 67.20575391605044
        },
        {
            "q25%": 11.430601079672785,
            "q10%": 11.32657681168836,
            "median": 11.558081464695817,
            "2sigma": [
                11.191752719101828,
                11.944534746318622
            ],
            "1sigma": [
                11.366617634269312,
                11.757590375795292
            ],
            "q01%": 11.104368809735867,
            "q99%": 12.036002150197696,
            "sigma": 0.19548637076298991,
            "q75%": 11.692221953231375,
            "5sigma": [
                10.649783388220273,
                12.473671618396104
            ],