{
    "nested importance sampling global log-evidence": 30.265251170173414,
    "nested sampling global log-evidence": 33.94880175554892,
    "global evidence error": 0.007157159372652207,
    "modes": [
        {
            "index": 0,
            "local log-evidence error": 0.007157159372652207,
            "strictly local log-evidence": 30.265251170173414,
            "maximum a posterior": [
                7.696983698353051,
                -2.419830400772753,
                -0.05753392088286091,
                -0.0035174403794826503,
                -0.0026015727064532257,
                7.644507581561129,
                -2.3675795890767404,
                -0.049811791703405106,
                -0.005869719053407607,
                0.012169725979447321,
                0.5689020852762559,
                78.20099654972343,
                20.06073409220325
            ],
            "strictly local log-evidence error": 0.007157159372652207,
            "maximum": [
                7.696983698353051,
                -2.419830400772753,
                -0.05753392088286091,
                -0.0035174403794826503,
                -0.0026015727064532257,
                7.644507581561129,
                -2.3675795890767404,
                -0.049811791703405106,
                -0.005869719053407607,
                0.012169725979447321,
                0.5689020852762559,
                78.20099654972343,
                20.06073409220325
            ],
            "local log-evidence": 30.265251170173414,
            "mean": [
                7.696983954017037,
                -2.4198393977509127,
                -0.057567011204806916,
                -0.0034282357266213026,
                -0.002306817256150192,
                7.644507717654784,
                -2.3675926463928216,
                -0.04986411260883856,
                -0.005686101888632024,
                0.012745827001676247,
                0.568982798349708,
                78.13839692630877,
                19.992902037067633
            ],
            "sigma": [
                1.3125208047304862e-05,
                4.408080837245918e-05,
                0.0001281518233452315,
                0.000523069229323589,
                0.0007020769730256337,
                1.3843427366871854e-05,
                4.563145296759045e-05,
                0.00013701223124891444,
                0.0005419201302979571,
                0.00071699525746686,
                0.028525961458880776,
                0.08569229000835814,
                0.45197402785991386
            ]
        }
    ],
    "marginals": [
        {
            "5sigma": [
                7.6969354934639025,
                7.697060988840993
            ],
            "median": 7.69698342333058,
            "q10%": 7.696967716474224,
            "q25%": 7.6969748488063505,
            "q75%": 7.69699232533025,
            "3sigma": [
                7.696948952277141,
                7.697028994583596
            ],
            "2sigma": [
                7.696959842056634,
                7.697011238353824
            ],
            "sigma": 1.2984904287804966e-05,
            "q90%": 7.69700127015717,
            "q01%": 7.696956016532739,
            "q99%": 7.6970179930354625,
            "1sigma": [
                7.696970842101163,
                7.696996811909739
            ]
        },
        {
            "5sigma": [
                -2.4200136961812304,
                -2.419602673400674
            ],
            "median": -2.4198413601450057,
            "q10%": -2.4198946897985327,
            "q25%": -2.4198698130062692,
            "q75%": -2.419811900330761,
            "3sigma": [
                -2.4199564578496706,
                -2.4196893041295033
            ],
            "2sigma": [
                -2.4199208430685815,
                -2.4197466377532377
            ],
            "sigma": 4.374291086817195e-05,
            "q90%": -2.419781297049261,
            "q01%": -2.4199321805270255,
            "q99%": -2.4197235143439606,
            "1sigma": [
                -2.4198829744819217,
                -2.4197954886601853
            ]
        },
        {
            "5sigma": [
                -0.058243254058634064,
                -0.05703292883956514
            ],
            "median": -0.05756214048734073,
            "q10%": -0.057733491576431435,
            "q25%": -0.05765047461885973,
            "q75%": -0.05747847319496036,
            "3sigma": [
                -0.05799023732270293,
                -0.0572213945000916
            ],
            "2sigma": [
                -0.05782471656456877,
                -0.057325620074640087
            ],
            "sigma": 0.00012894008622736652,
            "q90%": -0.057405602732714195,
            "q01%": -0.057873747178208555,
            "q99%": -0.057282446224605,
            "1sigma": [
                -0.05769621259055173,
                -0.057438332418096996
            ]
        },
        {
            "5sigma": [
                -0.006188274898257372,
                -0.001309206602952332
            ],
            "median": -0.003414536840255115,
            "q10%": -0.004126914541820639,
            "q25%": -0.0037557454589782087,
            "q75%": -0.00307020682736012,
            "3sigma": [
                -0.005131764892687904,
                -0.0019963075334981143
            ],
            "2sigma": [
                -0.004523714035469851,
                -0.0024452946498405687
            ],
            "sigma": 0.0005190223541030317,
            "q90%": -0.0027716865937932305,
            "q01%": -0.004744417727950212,
            "q99%": -0.002295383398398216,
            "1sigma": [
                -0.0039499728702187716,
                -0.002911928162012708
            ]
        },
        {
            "5sigma": [
                -0.005829372527654458,
                0.0008045212259280583
            ],
            "median": -0.0023070820076693957,
            "q10%": -0.0032263458135197935,
            "q25%": -0.0027738268500573076,
            "q75%": -0.0018228417774310344,
            "3sigma": [
                -0.004461120996859758,
                -0.00024329162467880562
            ],
            "2sigma": [
                -0.003717331936252015,
                -0.0009496844042283715
            ],
            "sigma": 0.0006921419361372044,
            "q90%": -0.0014149202249508655,
            "q01%": -0.00398150089453465,
            "q99%": -0.0007492052934199527,
            "1sigma": [
                -0.0029972496232475083,
                -0.0016129657509730995
            ]
        },
        {
            "5sigma": [
                7.644456547581435,
                7.64458748714191
            ],
            "median": 7.644507185176176,
            "q10%": 7.6444903389565315,
            "q25%": 7.644498192233391,
            "q75%": 7.644516534939765,
            "3sigma": [
                7.644471345134426,
                7.644554581229874
            ],
            "2sigma": [
                7.644482591741149,
                7.644536685877797
            ],
            "sigma": 1.3793017787921968e-05,
            "q90%": 7.644526035679067,
            "q01%": 7.6444781259152155,
            "q99%": 7.644543437390547,
            "1sigma": [
                7.644493783935357,
                7.644521369970933
            ]
        },
        {
            "5sigma": [
                -2.3677672565521366,
                -2.367342743433315
            ],
            "median": -2.367595016088981,
            "q10%": -2.3676493563369334,
            "q25%": -2.367623992960004,
            "q75%": -2.3675632125110346,
            "3sigma": [
                -2.3677188998060976,
                -2.3674320543314895
            ],
            "2sigma": [
                -2.3676761556890304,
                -2.36749754537755
            ],