{
    "modes": [
        {
            "sigma": [
                6.513017835449092e-06,
                1.853263594036311e-05,
                9.612394130318925e-05,
                0.00025829688832913766,
                0.0005359841197991209,
                7.241412424319954e-06,
                1.9955720525305664e-05,
                0.00010609309685384236,
                0.0002775780795739055,
                0.000566178957792216,
                0.018816071541328413,
                0.09338595309995223,
                0.3546562761030954
            ],
            "mean": [
                8.01896630988905,
                -2.4136791173281282,
                -0.056598208497609805,
                -0.0004595227679298079,
                0.005111126533292117,
                7.912684896216132,
                -2.358500689157681,
                -0.05098206428214334,
                -0.00613710883519257,
                0.017278895232416897,
                0.5151537523816243,
                77.27006680414338,
                17.628329016127186
            ],
            "strictly local log-evidence": 33.83550896428794,
            "index": 0,
            "local log-evidence": 33.83550896428794,
            "local log-evidence error": 0.0070689626081812725,
            "strictly local log-evidence error": 0.0070689626081812725,
            "maximum a posterior": [
                8.018970036678866,
                -2.4136633833998076,
                -0.056620146121531434,
                -0.0006654957551290863,
                0.004846186011945974,
                7.912688518792265,
                -2.35848253367044,
                -0.05100687201911569,
                -0.0063881536930239236,
                0.016945749705200797,
                0.5255267390091345,
                77.30475706736945,
                17.85748989456716
            ],
            "maximum": [
                8.018970036678866,
                -2.4136633833998076,
                -0.056620146121531434,
                -0.0006654957551290863,
                0.004846186011945974,
                7.912688518792265,
                -2.35848253367044,
                -0.05100687201911569,
                -0.0063881536930239236,
                0.016945749705200797,
                0.5255267390091345,
                77.30475706736945,
                17.85748989456716
            ]
        }
    ],
    "nested sampling global log-evidence": 37.19498687385951,
    "nested sampling global log-evidence error": 0.6911652862154927,
    "marginals": [
        {
            "q01%": 8.018952573278183,
            "q75%": 8.018970489741967,
            "5sigma": [
                8.018935818563625,
                8.019010759403434
            ],
            "q25%": 8.018961603240307,
            "1sigma": [
                8.01895990848048,
                8.018972947232081
            ],
            "q99%": 8.018982628819606,
            "3sigma": [
                8.01894945184081,
                8.018988092936297
            ],
            "2sigma": [
                8.018954523628048,
                8.01898003322438
            ],
            "sigma": 6.519375800095872e-06,
            "q90%": 8.018974996979159,
            "q10%": 8.018958225206562,
            "median": 8.018966008945698
        },
        {
            "q01%": -2.413719033168288,
            "q75%": -2.41366720404194,
            "5sigma": [
                -2.4137582331324228,
                -2.413564696126805
            ],
            "q25%": -2.4136919542116155,
            "1sigma": [
                -2.4136978770408914,
                -2.4136609992882936
            ],
            "q99%": -2.4136317072216187,
            "3sigma": [
                -2.413726826711053,
                -2.4136188376504735
            ],
            "2sigma": [
                -2.413713885056993,
                -2.4136400477111613
            ],
            "sigma": 1.8438876298931817e-05,
            "q90%": -2.4136549604098985,
            "q10%": -2.4137022537863535,
            "median": -2.413679617896035
        },
        {
            "q01%": -0.05683207489843787,
            "q75%": -0.05653104916552789,
            "5sigma": [
                -0.05714200508458796,
                -0.056172586284238234
            ],
            "q25%": -0.05666076843482292,
            "1sigma": [
                -0.05669407288768907,
                -0.05650120287650993
            ],
            "q99%": -0.05638535842713781,
            "3sigma": [
                -0.056904089299070974,
                -0.05632672551397539
            ],
            "2sigma": [
                -0.05679093523491557,
                -0.05641874168603692
            ],
            "sigma": 9.643500558957283e-05,
            "q90%": -0.0564765337216573,
            "q10%": -0.056722959136942336,
            "median": -0.05659665924925697
        },
        {
            "q01%": -0.0011025630252554405,
            "q75%": -0.00028103373559924827,
            "5sigma": [
                -0.0018418994668196022,
                0.0006525670566734212
            ],
            "q25%": -0.0006352252963987218,
            "1sigma": [
                -0.000711845281946885,
                -0.0001992784350653544
            ],
            "q99%": 9.70140575821163e-05,
            "3sigma": [
                -0.001264133238741173,
                0.00022243509199660344
            ],
            "2sigma": [
                -0.0009993829736114428,
                3.050797372858764e-05
            ],
            "sigma": 0.0002562834234407653,
            "q90%": -0.00013156772991591124,
            "q10%": -0.0007922334970603702,
            "median": -0.0004525698377177348
        },
        {
            "q01%": 0.00387238317485428,
            "q75%": 0.0054612176305822175,
            "5sigma": [
                0.0025963590647995628,
                0.007751745629848354
            ],
            "q25%": 0.004747424776326469,
            "1sigma": [
                0.004572774174503001,
                0.0056426013354859824
            ],
            "q99%": 0.006350686013546078,
            "3sigma": [
                0.003442057836360011,
                0.006741062269408246
            ],
            "2sigma": [
                0.004053386871172558,
                0.00615514805567851
            ],
            "sigma": 0.0005349135804914905,
            "q90%": 0.005803130455743475,
            "q10%": 0.004433035561322623,
            "median": 0.005106846509619203
        },
        {
            "q01%": 7.912669598882072,
            "q75%": 7.912689459815133,
            "5sigma": [
                7.912651251130978,
                7.912734368554006
            ],
            "q25%": 7.912679741356309,
            "1sigma": [
                7.912677729916552,
                7.912692206963562
            ],
            "q99%": 7.91270339313779,
            "3sigma": [
                7.91266623268063,
                7.91270944928414
            ],
            "2sigma": [
                7.912671941462873,
                7.9127001278687
            ],
            "sigma": 7.2385235050376195e-06,
            "q90%": 7.9126945798401485,
            "q10%": 7.912675830195064,
            "median": 7.9126845525121
        },
        {
            "q01%": -2.3585443111652364,
            "q75%": -2.3584873526676278,
            "5sigma": [
                -2.3585892523544065,
                -2.3583887528816025
            ],
            "q25%": -2.3585147698719324,
            "1sigma": [
                -2.35852037358312,
                -2.358481076024867
            ],
            "q99%": -2.358452364522901,
            "3sigma": [
                -2.358553673993882,
                -2.3584366902344867
            ],
            "2sigma": [
                -2.358537650225929,
                -2.358460116604729
            ],