{
    "nested importance sampling global log-evidence error": 0.23890703610565822,
    "global evidence": 109.63442869710828,
    "nested importance sampling global log-evidence": 109.63442869710828,
    "modes": [
        {
            "sigma": [
                7.512294762731062,
                32.80326659530326,
                52.816603772470444,
                37.1738529292957,
                9.667824645834868,
                0.05936825477871787,
                0.17047541601983265,
                0.24673902680760193,
                0.23776396113834758
            ],
            "strictly local log-evidence": 109.63442869710828,
            "maximum": [
                1977.4571997033522,
                -613.2270551389458,
                815.2159441077524,
                -578.6617947759094,
                150.4019785368796,
                1.007285328182135,
                78.3200147067799,
                18.830228872505078,
                2.834036895372371
            ],
            "mean": [
                1980.8968585986286,
                -628.1303655999728,
                838.8268448838609,
                -594.8513633322233,
                154.4673766670767,
                1.0351259241099329,
                78.25662354202875,
                18.83296596386193,
                2.6505573180718365
            ],
            "index": 0,
            "strictly local log-evidence error": 0.23890703610565822,
            "local log-evidence error": 0.23890703610565822,
            "local log-evidence": 109.63442869710828,
            "maximum a posterior": [
                1977.4571997033522,
                -613.2270551389458,
                815.2159441077524,
                -578.6617947759094,
                150.4019785368796,
                1.007285328182135,
                78.3200147067799,
                18.830228872505078,
                2.834036895372371
            ]
        }
    ],
    "marginals": [
        {
            "sigma": 7.656437547310134,
            "q90%": 1990.876184480263,
            "median": 1980.6969799225622,
            "1sigma": [
                1973.358253347903,
                1988.6711284425232
            ],
            "q25%": 1975.4752491939005,
            "2sigma": [
                1966.1678114280953,
                1996.0198403495106
            ],
            "q75%": 1985.9791328687372,
            "3sigma": [
                1960.6455715519874,
                1999.7026177531914
            ],
            "5sigma": [
                1948.6047760662257,
                1999.9940046269292
            ],
            "q99%": 1998.0144443590716,
            "q01%": 1963.6483320771495,
            "q10%": 1971.2697444513024
        },
        {
            "sigma": 33.27796327726895,
            "q90%": -586.0640579959339,
            "median": -627.4984665900071,
            "1sigma": [
                -662.041853926671,
                -595.4859273721331
            ],
            "q25%": -650.2072387922839,
            "2sigma": [
                -694.4482260511411,
                -562.8288523308851
            ],
            "q75%": -604.4464822897053,
            "3sigma": [
                -710.3053445918318,
                -540.683620017751
            ],
            "5sigma": [
                -715.3985927380654,
                -486.863718355676
            ],
            "q99%": -552.2623304671663,
            "q01%": -703.1654423054655,
            "q10%": -672.1433410572346
        },
        {
            "sigma": 53.461223322278045,
            "q90%": 909.7312701558133,
            "median": 837.7499960303628,
            "1sigma": [
                786.3820681829419,
                893.304514827498
            ],
            "q25%": 801.4811287676706,
            "2sigma": [
                733.8946559374965,
                945.056944935753
            ],
            "q75%": 875.110837843822,
            "3sigma": [
                692.7736049292148,
                972.9861622616623
            ],
            "5sigma": [
                610.8184385874849,
                986.1263989920315
            ],
            "q99%": 960.1518618553247,
            "q01%": 715.9707929592485,
            "q10%": 771.9422164469804
        },
        {
            "sigma": 37.42254547042927,
            "q90%": -548.050137754765,
            "median": -593.9942588818637,
            "1sigma": [
                -633.196904394369,
                -558.3518134535104
            ],
            "q25%": -620.4354665657827,
            "2sigma": [
                -669.1363012383504,
                -521.2509472618532
            ],
            "q75%": -568.8002978487275,
            "3sigma": [
                -690.2419012222351,
                -489.26812168820123
            ],
            "5sigma": [
                -704.0276081229863,
                -434.3644602726473
            ],
            "q99%": -508.1358913381868,
            "q01%": -679.8909641182088,
            "q10%": -644.288462303571
        },
        {
            "sigma": 9.770683848410528,
            "q90%": 167.19010456811608,
            "median": 154.25467679318066,
            "1sigma": [
                144.94207703823022,
                164.48344473505128
            ],
            "q25%": 147.84174904935435,
            "2sigma": [
                135.21776744883016,
                173.66185284784672
            ],
            "q75%": 161.19303178490034,
            "3sigma": [
                126.90848425068224,
                179.6113064658344
            ],
            "5sigma": [
                112.8590979929292,
                184.17396831238452
            ],
            "q99%": 176.34264012713197,
            "q01%": 131.62698349470838,
            "q10%": 142.4969778203459
        },
        {
            "sigma": 0.059818577638260095,
            "q90%": 1.1126303945850453,
            "median": 1.0332978089973381,
            "1sigma": [
                0.9761863888954135,
                1.0958235441719337
            ],
            "q25%": 0.9938929385611066,
            "2sigma": [
                0.9227990332254095,
                1.1568533817981625
            ],
            "q75%": 1.0730733169197315,
            "3sigma": [
                0.8792474499048828,
                1.23171141974145
            ],
            "5sigma": [
                0.7820879864690597,
                1.3808919845001002
            ],
            "q99%": 1.178377985708029,
            "q01%": 0.9049911803439414,
            "q10%": 0.960895708737158
        },
        {
            "sigma": 0.17134901410221204,
            "q90%": 78.47617977210554,
            "median": 78.25642719764161,
            "1sigma": [
                78.08367865120515,
                78.42637667940957
            ],
            "q25%": 78.14166058196535,
            "2sigma": [
                77.9230723869293,
                78.60137732835346
            ],
            "q75%": 78.37235431444394,
            "3sigma": [
                77.7825858596272,
                78.75368581371927
            ],
            "5sigma": [
                77.68037254377839,
                78.96875004943917
            ],
            "q99%": 78.66587624784556,
            "q01%": 77.86808147687823,
            "q10%": 78.03427796317136
        },
        {
            "sigma": 0.24399807541744067,
            "q90%": 19.146787094457437,
            "median": 18.83249730966186,
            "1sigma": [
                18.592075590271083,
                19.080071741105964
            ],
            "q25%": 18.660892753257773,
            "2sigma": [
                18.34737610851792,
                19.30770118098
            ],
            "q75%": 18.998795955240087,
            "3sigma": [
                18.101666489455695,
                19.612580566518652
            ],