{
    "global evidence": -244.86243605544416,
    "modes": [
        {
            "sigma": [
                0.00011923005996002121,
                0.0014733374706568424,
                0.005777317289524306,
                0.03240308338514329,
                0.0927357384188539,
                0.06060622304266445,
                1.261438828613523,
                0.7829432152248482,
                6.6049302441146875e-06
            ],
            "local log-evidence error": 0.03616906396732783,
            "mean": [
                7.467490063924891,
                -2.5694762498970976,
                -0.03459186152575899,
                0.04603623012995201,
                0.09513043131898191,
                1.079991084825178,
                21.66630935226742,
                9.396105136495018,
                1.49997097755855
            ],
            "maximum": [
                7.467527793981617,
                -2.570245931063255,
                -0.03777951994425166,
                0.06157589443228062,
                0.1450141052928302,
                1.0905459278959126,
                21.233344974432356,
                9.575246336716358,
                1.499978197739055
            ],
            "maximum a posterior": [
                7.467527793981617,
                -2.570245931063255,
                -0.03777951994425166,
                0.06157589443228062,
                0.1450141052928302,
                1.0905459278959126,
                21.233344974432356,
                9.575246336716358,
                1.499978197739055
            ],
            "strictly local log-evidence": -244.86243605544416,
            "index": 0,
            "local log-evidence": -244.86243605544416,
            "strictly local log-evidence error": 0.03616906396732783
        }
    ],
    "nested importance sampling global log-evidence": -244.86243605544416,
    "global evidence error": 0.03616906396732783,
    "nested sampling global log-evidence error": 0.4642746714345547,
    "nested importance sampling global log-evidence error": 0.03616906396732783,
    "nested sampling global log-evidence": -244.74038190634207,
    "marginals": [
        {
            "sigma": 0.00012351200180837907,
            "q90%": 7.46765136736172,
            "1sigma": [
                7.467373357386825,
                7.467620381390442
            ],
            "q25%": 7.467409793908875,
            "2sigma": [
                7.467274420899526,
                7.467722085826411
            ],
            "5sigma": [
                7.4669101571953265,
                7.468064750809401
            ],
            "median": 7.467480456143946,
            "q01%": 7.46723069244081,
            "q99%": 7.467769982132401,
            "q75%": 7.467569806422397,
            "q10%": 7.467341683399207,
            "3sigma": [
                7.467138638901128,
                7.467872925129985
            ]
        },
        {
            "sigma": 0.0014956784545185897,
            "q90%": -2.5675689995843607,
            "1sigma": [
                -2.5709062264725224,
                -2.5679148695634852
            ],
            "q25%": -2.5705145412554766,
            "2sigma": [
                -2.5722902854760563,
                -2.5666430852023105
            ],
            "5sigma": [
                -2.576434930399627,
                -2.562640053106687
            ],
            "median": -2.569537573352249,
            "q01%": -2.5728230257466365,
            "q99%": -2.5661351085880857,
            "q75%": -2.56839688574074,
            "q10%": -2.5712938427296526,
            "3sigma": [
                -2.5737805577474417,
                -2.5654675431317706
            ]
        },
        {
            "sigma": 0.005675034738061337,
            "q90%": -0.02739518807442235,
            "1sigma": [
                -0.04029404037529008,
                -0.028943970899167407
            ],
            "q25%": -0.038297217394838524,
            "2sigma": [
                -0.04671067676941733,
                -0.024141109371665588
            ],
            "5sigma": [
                -0.0626549887076213,
                -0.00835342958792011
            ],
            "median": -0.03440716798148377,
            "q01%": -0.0490353306467501,
            "q99%": -0.022149483689715598,
            "q75%": -0.0305275771470666,
            "q10%": -0.04208957118946772,
            "3sigma": [
                -0.05355965750871861,
                -0.017923724558419847
            ]
        },
        {
            "sigma": 0.03151827561956788,
            "q90%": 0.08631181724746236,
            "1sigma": [
                0.014474430260663222,
                0.07751098149979899
            ],
            "q25%": 0.023441829259903756,
            "2sigma": [
                -0.019748429384056156,
                0.108451138260064
            ],
            "5sigma": [
                -0.10596238175657484,
                0.19573416542524327
            ],
            "median": 0.0467681037959534,
            "q01%": -0.028522622789388365,
            "q99%": 0.12031484070530875,
            "q75%": 0.06843421464429664,
            "q10%": 0.005009249782770071,
            "3sigma": [
                -0.04551745094407356,
                0.14121198916003844
            ]
        },
        {
            "sigma": 0.09131871955319647,
            "q90%": 0.21083032274576138,
            "1sigma": [
                0.002857264174009318,
                0.18549470328040224
            ],
            "q25%": 0.03475684413633375,
            "2sigma": [
                -0.08507180018473987,
                0.27938076570031156
            ],
            "5sigma": [
                -0.3275590049662812,
                0.5501787305665921
            ],
            "median": 0.09406707397819748,
            "q01%": -0.1118164321196472,
            "q99%": 0.31709840954539853,
            "q75%": 0.15360250777038315,
            "q10%": -0.022967124885227796,
            "3sigma": [
                -0.16783688384958023,
                0.38244641083359443
            ]
        },
        {
            "sigma": 0.061594400138133,
            "q90%": 1.1589563809967751,
            "1sigma": [
                1.016476648460165,
                1.139665448736431
            ],
            "q25%": 1.0372020416649916,
            "2sigma": [
                0.9668624306154613,
                1.2052931180970436
            ],
            "5sigma": [
                0.8968764686624531,
                1.2620127236884373
            ],
            "median": 1.0811479447131538,
            "q01%": 0.9503888416365094,
            "q99%": 1.2290312530244036,
            "q75%": 1.119801661096541,
            "q10%": 0.9996545323201024,
            "3sigma": [
                0.9164613496121041,
                1.25978251749718
            ]
        },
        {
            "sigma": 1.2645313237941824,
            "q90%": 23.343862134350022,
            "1sigma": [
                20.3988222154874,
                22.927884863075764
            ],
            "q25%": 20.777357636542344,
            "2sigma": [
                19.30916355535766,
                24.219547522490824
            ],
            "5sigma": [
                17.774602008457332,
                26.865811841705742
            ],
            "median": 21.604171217022966,
            "q01%": 18.91949538485865,
            "q99%": 24.747177386077027,
            "q75%": 22.53842236034122,
            "q10%": 20.047374927652758,
            "3sigma": [
                17.81466239314489,
                25.456211446609053
            ]
        },
        {
            "sigma": 0.7797544790587221,
            "q90%": 10.428053366979183,
            "1sigma": [
                8.649794021775927,
                10.209302979893371
            ],
            "q25%": 8.860641155541611,