{
    "global evidence error": 0.02788091896883799,
    "nested sampling global log-evidence error": 0.36459227063965655,
    "marginals": [
        {
            "q10%": 1969.870822629536,
            "q01%": 1952.8473879969363,
            "q99%": 2039.0779862755876,
            "q75%": 2005.1906674224022,
            "2sigma": [
                1959.2165029180921,
                2033.1718133764803
            ],
            "q90%": 2018.0767683236356,
            "sigma": 18.799110683375034,
            "median": 1992.2910889189027,
            "5sigma": [
                1913.4668561138649,
                2111.333623991101
            ],
            "q25%": 1979.7787390193598,
            "3sigma": [
                1942.5207613204786,
                2059.6007141794425
            ],
            "1sigma": [
                1974.4559485986138,
                2012.0541699653638
            ]
        },
        {
            "q10%": -787.3188074215866,
            "q01%": -872.6740077823,
            "q99%": -511.4791950359375,
            "q75%": -625.3987481645626,
            "2sigma": [
                -847.1904939125025,
                -538.1194495408442
            ],
            "q90%": -583.3948079194682,
            "sigma": 79.22572058038185,
            "median": -678.6899843908196,
            "5sigma": [
                -1187.380443074147,
                -343.09314476304644
            ],
            "q25%": -731.7310754149563,
            "3sigma": [
                -956.4910575741961,
                -468.60815867394024
            ],
            "1sigma": [
                -760.9236597972288,
                -602.4722186364651
            ]
        },
        {
            "q10%": 773.67651766623,
            "q01%": 659.5851205030654,
            "q99%": 1214.7507073174397,
            "q75%": 1001.3488016049818,
            "2sigma": [
                695.8244213400229,
                1179.3090623780754
            ],
            "q90%": 1089.5381086790103,
            "sigma": 121.78582774781796,
            "median": 918.6141357230565,
            "5sigma": [
                395.1784190472809,
                1712.1618023561493
            ],
            "q25%": 839.0344196153054,
            "3sigma": [
                581.2099397307107,
                1338.79429122617
            ],
            "1sigma": [
                803.0358268727498,
                1046.6074823683857
            ]
        },
        {
            "q10%": -764.8809610348833,
            "q01%": -852.8495839082935,
            "q99%": -473.44157878864024,
            "q75%": -597.6272268664403,
            "2sigma": [
                -825.3218638870776,
                -497.3342927768431
            ],
            "q90%": -550.530639435498,
            "sigma": 82.9238250325165,
            "median": -650.9545251246537,
            "5sigma": [
                -1187.7669233337276,
                -254.33941378736426
            ],
            "q25%": -707.0148950852968,
            "3sigma": [
                -932.851596998792,
                -420.9880447058735
            ],
            "1sigma": [
                -737.0528974929115,
                -571.2052474278785
            ]
        },
        {
            "q10%": 143.74249558825085,
            "q01%": 123.8575644010227,
            "q99%": 219.54734444537337,
            "q75%": 183.12268243319332,
            "2sigma": [
                129.6856647188311,
                212.41839617082454
            ],
            "q90%": 197.32412934931133,
            "sigma": 20.514316572532238,
            "median": 169.24914313907786,
            "5sigma": [
                58.47003360008332,
                301.2705518981362
            ],
            "q25%": 155.6689117713203,
            "3sigma": [
                107.32915191591147,
                239.8520476341976
            ],
            "1sigma": [
                149.27482301039035,
                190.30345615545482
            ]
        },
        {
            "q10%": 0.8475420336852649,
            "q01%": 0.7435625013542153,
            "q99%": 1.6069742516013161,
            "q75%": 1.1303816454232523,
            "2sigma": [
                0.7777102774228805,
                1.4726469661273562
            ],
            "q90%": 1.2704420738854074,
            "sigma": 0.1591833046977797,
            "median": 1.0197229196560915,
            "5sigma": [
                0.5336213411601533,
                1.9926401059634944
            ],
            "q25%": 0.9190492061395494,
            "3sigma": [
                0.6747016027673539,
                1.8681085317553452
            ],
            "1sigma": [
                0.8808247187062593,
                1.1991913281018187
            ]
        },
        {
            "q10%": 77.55418231494363,
            "q01%": 77.21372145961101,
            "q99%": 78.73871923203842,
            "q75%": 78.17419084796265,
            "2sigma": [
                77.3415805986617,
                78.59743829608745
            ],
            "q90%": 78.35992554891519,
            "sigma": 0.3173139097958355,
            "median": 77.96111745817585,
            "5sigma": [
                76.04980287324493,
                80.09006973013182
            ],
            "q25%": 77.74121378722137,
            "3sigma": [
                76.95517029635371,
                79.06743674343491
            ],
            "1sigma": [
                77.63842527156991,
                78.27305309116159
            ]
        },
        {
            "q10%": 18.501417936794585,
            "q01%": 17.974833419778236,
            "q99%": 21.15411056477365,
            "q75%": 19.681020565078672,
            "2sigma": [
                18.142382080877105,
                20.792248408356993
            ],
            "q90%": 20.13767043197011,
            "sigma": 0.6370933025355487,
            "median": 19.23170211331504,
            "5sigma": [
                16.6967282135164,
                22.972126242000854
            ],
            "q25%": 18.84768343530789,
            "3sigma": [
                17.63914759790665,
                21.942746989638174
            ],
            "1sigma": [
                18.64830129303848,
                19.922487898109576
            ]
        },
        {
            "q10%": 2.4855765668983123,
            "q01%": 1.9117374188252871,
            "q99%": 6.010694086709516,
            "q75%": 4.006094707169719,
            "2sigma": [
                2.0661519296384268,
                5.489825241593834
            ],
            "q90%": 4.651626595582416,
            "sigma": 0.8159604159986462,
            "median": 3.416411214465033,
            "5sigma": [
                0.6039746433397228,
                9.979487893646096
            ],
            "q25%": 2.9062594522990586,
            "3sigma": [
                1.5642205837172247,
                7.110511716725651
            ],
            "1sigma": [
                2.6793800687071965,
                4.311300900704489
            ]
        }
    ],
    "nested sampling global log-evidence": 138.5960210461615,
    "global evidence": 136.07284531651217,
    "nested importance sampling global log-evidence error": 0.02788091896883799,
    "nested importance sampling global log-evidence": 136.07284531651217,
    "modes": [
        {
            "local log-evidence error": 0.02788091896883799,
            "local log-evidence": 136.07284531651217,
            "strictly local log-evidence error": 0.02788091896883799,
            "sigma": [
                18.83998184784509,
                79.49474610263317,
                123.38748949529254,
                83.65396263633774,
                21.002161482393536,
                0.17603431568386202,
                0.32200037082460575,
                0.6642936090960773,
                0.8675605975985345
            ],
            "index": 0,