{
    "marginals": [
        {
            "q01%": 1989.3635792208809,
            "q10%": 1993.5298323968905,
            "q90%": 2003.7902219741397,
            "q75%": 2001.3287109150442,
            "5sigma": [
                1979.9847609691747,
                2017.6044968533567
            ],
            "median": 1998.7165978846817,
            "1sigma": [
                1994.7601082360284,
                2002.605800576928
            ],
            "q99%": 2008.130224946323,
            "2sigma": [
                1990.887723623909,
                2006.6184757100661
            ],
            "sigma": 3.922846170449816,
            "q25%": 1996.0957825334092,
            "3sigma": [
                1986.9657532933827,
                2010.9317531702388
            ]
        },
        {
            "q01%": -747.9727110703224,
            "q10%": -728.6526673276684,
            "q90%": -684.0200672786546,
            "q75%": -695.2201842221384,
            "5sigma": [
                -789.4272274316257,
                -626.0632739364345
            ],
            "median": -706.6023670154525,
            "1sigma": [
                -723.7008145852591,
                -689.4720827868068
            ],
            "q99%": -665.8320504315266,
            "2sigma": [
                -740.8864210191242,
                -672.5588909524295
            ],
            "sigma": 17.11436589922613,
            "q25%": -718.0529291606758,
            "3sigma": [
                -759.6817454017199,
                -655.7089678344256
            ]
        },
        {
            "q01%": 901.3207802342159,
            "q10%": 930.3753367844719,
            "q90%": 1001.9465976117742,
            "q75%": 984.9235353091965,
            "5sigma": [
                838.3375769035074,
                1100.5573350698048
            ],
            "median": 966.9184356709644,
            "1sigma": [
                939.0227499236561,
                994.1573760044146
            ],
            "q99%": 1032.7099820120968,
            "2sigma": [
                911.8809646217295,
                1021.7240836017988
            ],
            "sigma": 27.567313040379247,
            "q25%": 948.1066433825989,
            "3sigma": [
                884.3527697731831,
                1052.2661617882586
            ]
        },
        {
            "q01%": -732.148197785007,
            "q10%": -711.1820529061702,
            "q90%": -660.352480857785,
            "q75%": -673.3389091537774,
            "5sigma": [
                -780.9760390951118,
                -595.6244659128284
            ],
            "median": -686.2834535641218,
            "1sigma": [
                -705.4507648834492,
                -666.7194915389136
            ],
            "q99%": -639.695907215473,
            "2sigma": [
                -725.1131973678238,
                -647.3488054631365
            ],
            "sigma": 19.365636672267783,
            "q25%": -698.973958880429,
            "3sigma": [
                -746.4767989729622,
                -627.7993221543223
            ]
        },
        {
            "q01%": 166.371056037936,
            "q10%": 171.77536230755044,
            "q90%": 185.03984379212108,
            "q75%": 181.85875744181448,
            "5sigma": [
                154.69137276428316,
                203.2660700416818
            ],
            "median": 178.582771603499,
            "1sigma": [
                173.46393714850336,
                183.5773425674893
            ],
            "q99%": 190.44187502157047,
            "2sigma": [
                168.44345839836294,
                188.6695462682788
            ],
            "sigma": 5.056702709492967,
            "q25%": 175.17241974368747,
            "3sigma": [
                163.21787649113463,
                194.04282224900726
            ]
        },
        {
            "q01%": 0.9648056080205859,
            "q10%": 0.9803135799610332,
            "q90%": 0.9989768113943078,
            "q75%": 0.9973853073160087,
            "5sigma": [
                0.9082454918606907,
                0.9999942804641462
            ],
            "median": 0.9936495526181581,
            "1sigma": [
                0.9835752265837823,
                0.9983870240634425
            ],
            "q99%": 0.9999146090665121,
            "2sigma": [
                0.9710477664602275,
                0.999747583493255
            ],
            "sigma": 0.007405898739830108,
            "q25%": 0.9872761816775852,
            "3sigma": [
                0.9521710664845783,
                0.9999872912993051
            ]
        },
        {
            "q01%": 77.768781368732,
            "q10%": 77.85810820417075,
            "q90%": 78.05847577408109,
            "q75%": 78.00946850307922,
            "5sigma": [
                77.57422130674038,
                78.32154796463095
            ],
            "median": 77.9583216950167,
            "1sigma": [
                77.8834169893499,
                78.03530389059155
            ],
            "q99%": 78.14663797440338,
            "2sigma": [
                77.80137719494718,
                78.113740757673
            ],
            "sigma": 0.07594345062082652,
            "q25%": 77.90612406536088,
            "3sigma": [
                77.71277366449776,
                78.1937857838401
            ]
        },
        {
            "q01%": 18.69688454725095,
            "q10%": 18.778564133946123,
            "q90%": 18.984857130793912,
            "q75%": 18.93469862679655,
            "5sigma": [
                18.456255112587826,
                19.248605357498494
            ],
            "median": 18.882371526275893,
            "1sigma": [
                18.80106715578379,
                18.963361013925148
            ],
            "q99%": 19.067595273074215,
            "2sigma": [
                18.719335984031634,
                19.038036079389844
            ],
            "sigma": 0.08114692907067855,
            "q25%": 18.829232858986376,
            "3sigma": [
                18.635893025046034,
                19.091559721294807
            ]
        },
        {
            "q01%": 3.291446857945997,
            "q10%": 3.423947045585003,
            "q90%": 3.7480975307015423,
            "q75%": 3.668053758854886,
            "5sigma": [
                3.0608525244132867,
                4.247208135240236
            ],
            "median": 3.5779384226789794,
            "1sigma": [
                3.4530175941051873,
                3.7077236110795124
            ],
            "q99%": 3.8884366909480237,
            "2sigma": [
                3.3452029866729966,
                3.8317861636417234
            ],
            "sigma": 0.12735300848716258,
            "q25%": 3.4939151088516525,
            "3sigma": [
                3.2321848789773626,
                3.965154190530744
            ]
        }
    ],
    "global evidence": 137.47768553778266,
    "nested sampling global log-evidence": 139.32564756857013,
    "global evidence error": 0.011086106912650967,
    "nested importance sampling global log-evidence": 137.47768553778266,
    "nested sampling global log-evidence error": 0.4344700242551334,
    "nested importance sampling global log-evidence error": 0.011086106912650967,
    "modes": [
        {
            "local log-evidence error": 0.011086106912650967,
            "strictly local log-evidence error": 0.011086106912650967,
            "index": 0,
            "maximum a posterior": [
                1999.7877467579,
                -710.9450113333223,
                973.0960402378678,
                -690.1973968868679,
                179.45551198866815,
                0.9973358378641164,
                77.97063200617829,
                18.876514074802767,
                3.521125180766475
            ],