{
    "global evidence error": 0.0961427738153642,
    "nested sampling global log-evidence error": 0.5102184327251991,
    "nested importance sampling global log-evidence": -5399.763879567843,
    "nested importance sampling global log-evidence error": 0.0961427738153642,
    "marginals": [
        {
            "q25%": 1925.2819845960248,
            "1sigma": [
                1925.2708941543535,
                1925.4042803041211
            ],
            "5sigma": [
                1925.1204267199905,
                1925.664519076695
            ],
            "q99%": 1925.4559812324242,
            "q75%": 1925.3826188444134,
            "q90%": 1925.4167083993718,
            "2sigma": [
                1925.2426633497705,
                1925.44203476482
            ],
            "median": 1925.3057440838197,
            "q01%": 1925.2369050374173,
            "sigma": 0.06669307488380127,
            "q10%": 1925.2613542811036,
            "3sigma": [
                1925.227965019475,
                1925.522759104177
            ]
        },
        {
            "q25%": -402.78844686597273,
            "1sigma": [
                -402.8663431164934,
                -402.44427546248795
            ],
            "5sigma": [
                -403.9442333120182,
                -401.77273515601144
            ],
            "q99%": -402.344383791151,
            "q75%": -402.47713393699166,
            "q90%": -402.413019636823,
            "2sigma": [
                -402.98589640948506,
                -402.36184251044216
            ],
            "median": -402.5545130290725,
            "q01%": -403.0365867361354,
            "sigma": 0.21103382700272277,
            "q10%": -402.91035302949416,
            "3sigma": [
                -403.3623787874954,
                -402.32374768405236
            ]
        },
        {
            "q25%": 504.4325397945256,
            "1sigma": [
                504.3934169282588,
                504.91246877293264
            ],
            "5sigma": [
                503.3430867520622,
                506.56704173807555
            ],
            "q99%": 505.1056273346742,
            "q75%": 504.78702984040575,
            "q90%": 504.9603132013285,
            "2sigma": [
                504.3057578966397,
                505.0511325720254
            ],
            "median": 504.5373583978327,
            "q01%": 504.28364437557303,
            "sigma": 0.25952592233693395,
            "q10%": 504.3618429597998,
            "3sigma": [
                504.25491744517956,
                505.6993106357684
            ]
        },
        {
            "q25%": -381.12408992932177,
            "1sigma": [
                -381.19439142057985,
                -380.9052236152601
            ],
            "5sigma": [
                -382.3416393366761,
                -380.22485202254114
            ],
            "q99%": -380.8348650726227,
            "q75%": -380.9283481392614,
            "q90%": -380.8855012011191,
            "2sigma": [
                -381.28480067423845,
                -380.8503909606803
            ],
            "median": -380.98448768015436,
            "q01%": -381.3137417042662,
            "sigma": 0.14458390265986054,
            "q10%": -381.227728512377,
            "3sigma": [
                -381.760613182634,
                -380.80088567155866
            ]
        },
        {
            "q25%": 104.52720349822769,
            "1sigma": [
                104.52114067569921,
                104.58803459190776
            ],
            "5sigma": [
                104.35678319306159,
                104.89833602894598
            ],
            "q99%": 104.6204002019228,
            "q75%": 104.57121215509153,
            "q90%": 104.59757110189744,
            "2sigma": [
                104.50434594371465,
                104.61241398488481
            ],
            "median": 104.54143047152675,
            "q01%": 104.4970701150285,
            "sigma": 0.03344695810427112,
            "q10%": 104.51616540958467,
            "3sigma": [
                104.47789218950247,
                104.740738487285
            ]
        },
        {
            "q25%": 0.6415773481176357,
            "1sigma": [
                0.6413442204571966,
                0.6429200022172663
            ],
            "5sigma": [
                0.6378473764320443,
                0.6436815691006952
            ],
            "q99%": 0.6433463237996452,
            "q75%": 0.6427874016660847,
            "q90%": 0.6430225541259118,
            "2sigma": [
                0.6399397473452184,
                0.6432432271443225
            ],
            "median": 0.6424412327466925,
            "q01%": 0.6395374202337699,
            "sigma": 0.0007878908800348361,
            "q10%": 0.6410303461726015,
            "3sigma": [
                0.638787113309654,
                0.6434941110100522
            ]
        },
        {
            "q25%": 78.64946624083642,
            "1sigma": [
                78.64841730483901,
                78.65410119182366
            ],
            "5sigma": [
                78.62822473700056,
                78.6610096587609
            ],
            "q99%": 78.65841249044601,
            "q75%": 78.65300462009803,
            "q90%": 78.65521475750359,
            "2sigma": [
                78.6452043487379,
                78.65746716418664
            ],
            "median": 78.651222204084,
            "q01%": 78.64341261597126,
            "sigma": 0.0028419434923208087,
            "q10%": 78.64757655120607,
            "3sigma": [
                78.63967352080593,
                78.65986074628128
            ]
        },
        {
            "q25%": 17.9487027659573,
            "1sigma": [
                17.945149630592084,
                17.95975546939369
            ],
            "5sigma": [
                17.904188173376514,
                17.982040931290992
            ],
            "q99%": 17.965157574208146,
            "q75%": 17.958415168185383,
            "q90%": 17.96091037241338,
            "2sigma": [
                17.938194548555717,
                17.963825130148162
            ],
            "median": 17.954567667378594,
            "q01%": 17.93410636505881,
            "sigma": 0.007302919400803631,
            "q10%": 17.943168651326022,
            "3sigma": [
                17.928113859934225,
                17.968573757253615
            ]
        },
        {
            "q25%": 4.974620162160773,
            "1sigma": [
                4.968520309293562,
                5.003074025406956
            ],
            "5sigma": [
                4.934893368628303,
                5.099685511069408
            ],
            "q99%": 5.05556520350935,
            "q75%": 4.996095305365092,
            "q90%": 5.01564303965698,
            "2sigma": [
                4.953452728074696,
                5.045953604758818
            ],
            "median": 4.984124998380271,
            "q01%": 4.949133185857136,
            "sigma": 0.017276858056697098,
            "q10%": 4.963206185840343,
            "3sigma": [
                4.940025664701293,
                5.083615968332905
            ]
        }
    ],
    "nested sampling global log-evidence": -5400.508335359529,
    "global evidence": -5399.763879567843,
    "modes": [
        {
            "strictly local log-evidence error": 0.0961427738153642,
            "maximum a posterior": [
                1925.290344823266,
                -402.4828492985084,
                504.4171446444966,
                -380.9120721424522,
                104.52493286559684,
                0.6424579291841495,
                78.64810854019812,
                17.951024157776583,
                4.988962227628246
            ],
            "index": 0,
            "strictly local log-evidence": -5399.763879567843,