{
    "marginals": [
        {
            "median": 1764.8978125423878,
            "q75%": 1784.8565534421987,
            "q10%": 1719.4890547953344,
            "sigma": 32.558697258084294,
            "1sigma": [
                1729.7830360254331,
                1794.9004305416017
            ],
            "q25%": 1740.8385768536118,
            "2sigma": [
                1696.0845425117354,
                1821.7895894160663
            ],
            "q90%": 1802.789137768712,
            "q99%": 1830.8415470183404,
            "q01%": 1685.1917480314346,
            "5sigma": [
                1648.40487360163,
                1911.058144587556
            ],
            "3sigma": [
                1662.9956755703442,
                1850.1101901398663
            ]
        },
        {
            "median": 273.90585430457,
            "q75%": 372.2159029299184,
            "q10%": 116.76569449739115,
            "sigma": 133.8752361399226,
            "1sigma": [
                149.21852445491513,
                416.9689967347603
            ],
            "q25%": 191.43747769026143,
            "2sigma": [
                34.25042174674731,
                552.9942397333301
            ],
            "q90%": 458.5290892867419,
            "q99%": 599.4350848729148,
            "q01%": -1.596722132988251,
            "5sigma": [
                -339.3672125471477,
                741.7918106292958
            ],
            "3sigma": [
                -80.21021114584161,
                686.99611680238
            ]
        },
        {
            "median": -528.1396225999753,
            "q75%": -402.79810925774757,
            "q10%": -808.2958471981856,
            "sigma": 205.06493120474798,
            "1sigma": [
                -746.950835771328,
                -336.82097336183205
            ],
            "q25%": -676.5887900895245,
            "2sigma": [
                -948.8137645507636,
                -160.15794484480787
            ],
            "q90%": -286.06293864430177,
            "q99%": -105.32405455396425,
            "q01%": -1023.1500112344039,
            "5sigma": [
                -1242.3583606378745,
                419.72762479870124
            ],
            "3sigma": [
                -1163.6931349377228,
                23.979227170614624
            ]
        },
        {
            "median": 297.9480881959206,
            "q75%": 396.48087833070997,
            "q10%": 134.13070923499512,
            "sigma": 136.8536455210675,
            "1sigma": [
                170.22927372619986,
                443.9365647683349
            ],
            "q25%": 213.64472617061367,
            "2sigma": [
                51.01410604504698,
                577.8518680671962
            ],
            "q90%": 483.08603013577414,
            "q99%": 625.3862317341478,
            "q01%": 13.31042531899062,
            "5sigma": [
                -343.96071000139307,
                772.9064948512618
            ],
            "3sigma": [
                -74.65917008087327,
                715.0709665229383
            ]
        },
        {
            "median": -58.288752870040184,
            "q75%": -37.23124733617823,
            "q10%": -103.23193252354551,
            "sigma": 33.773623337901526,
            "1sigma": [
                -94.07996075123374,
                -26.532714075430682
            ],
            "q25%": -82.9749979044322,
            "2sigma": [
                -127.66738855763059,
                3.7058758258005526
            ],
            "q90%": -17.524999005458227,
            "q99%": 12.389210355831363,
            "q01%": -138.92506878177076,
            "5sigma": [
                -175.99818980981465,
                102.21945046097166
            ],
            "3sigma": [
                -160.582575706976,
                34.91885449381748
            ]
        },
        {
            "median": 1.7859175156034657,
            "q75%": 1.9074105085196469,
            "q10%": 1.41809730984676,
            "sigma": 0.21673454655663638,
            "1sigma": [
                1.508799677733261,
                1.9422687708465338
            ],
            "q25%": 1.605864059843616,
            "2sigma": [
                1.1791099539974097,
                1.991747205514238
            ],
            "q90%": 1.9612700535652583,
            "q99%": 1.996688405205074,
            "q01%": 1.076750945885043,
            "5sigma": [
                0.22076333652421481,
                1.9999407651103764
            ],
            "3sigma": [
                0.841447872796381,
                1.9995430995940544
            ]
        },
        {
            "median": 53.10957807728716,
            "q75%": 55.45810898287818,
            "q10%": 47.3868548501957,
            "sigma": 3.859711329466691,
            "1sigma": [
                48.19021322370323,
                55.909635882636614
            ],
            "q25%": 49.329366357313475,
            "2sigma": [
                45.397814559586344,
                56.95713417826131
            ],
            "q90%": 56.291321278223165,
            "q99%": 57.18970017177542,
            "q01%": 44.619820886291976,
            "5sigma": [
                39.22316130254266,
                79.58118931847105
            ],
            "3sigma": [
                43.01714436216784,
                57.751600594997605
            ]
        },
        {
            "median": 15.606675898725166,
            "q75%": 23.145049907778574,
            "q10%": 10.628413770368418,
            "sigma": 7.108796294168428,
            "1sigma": [
                11.126056766681934,
                25.34364935501879
            ],
            "q25%": 11.839515926242417,
            "2sigma": [
                9.428736381474907,
                30.372289674958267
            ],
            "q90%": 26.875802991732524,
            "q99%": 32.00625325297416,
            "q01%": 8.94761901363745,
            "5sigma": [
                5.154036978868837,
                39.29652835045335
            ],
            "3sigma": [
                8.301031487051032,
                34.97284977418972
            ]
        },
        {
            "median": 3.055168641373839,
            "q75%": 6.843098191789562,
            "q10%": 0.415304520051075,
            "sigma": 3.7200068455704933,
            "1sigma": [
                0.6323260650670836,
                8.07233975620807
            ],
            "q25%": 1.0474291849936426,
            "2sigma": [
                0.1134336713912711,
                9.732939139742394
            ],
            "q90%": 8.799896313269993,
            "q99%": 9.85775438142889,
            "q01%": 0.03657094895962121,
            "5sigma": [
                0.0003060886561975925,
                9.996905776423054
            ],
            "3sigma": [
                0.002320818948996638,
                9.983648516689701
            ]
        }
    ],
    "nested sampling global log-evidence": 61.382197122881486,
    "global evidence": 59.3922782873722,
    "nested importance sampling global log-evidence": 59.3922782873722,
    "nested sampling global log-evidence error": 0.32770442035971026,
    "global evidence error": 0.037174834996656116,
    "nested importance sampling global log-evidence error": 0.037174834996656116,
    "modes": [
        {
            "index": 0,
            "strictly local log-evidence": 59.3922782873722,
            "mean": [
                1762.6981609805719,
                282.02837358136225,
                -539.6156959221001,
                304.85040745131937,
                -59.785502880819486,
                1.732067010201613,
                52.307899029758396,
                17.589250700946337,
                3.9706474919151873
            ],
            "strictly local log-evidence error": 0.037174834996656116,
            "local log-evidence": 59.3922782873722,