{
    "nested importance sampling global log-evidence error": 0.06877074203224388,
    "nested importance sampling global log-evidence": -184.97572716482324,
    "marginals": [
        {
            "median": 1828.831588846813,
            "q01%": 1814.8386336293097,
            "sigma": 5.326223581706017,
            "2sigma": [
                1816.8427005795836,
                1838.891469929874
            ],
            "1sigma": [
                1823.252635432931,
                1833.905082596343
            ],
            "q25%": 1825.0997690765807,
            "q75%": 1832.3677141257897,
            "q99%": 1841.2288943737346,
            "q10%": 1821.286243654433,
            "3sigma": [
                1811.5550393978888,
                1845.4873071318323
            ],
            "q90%": 1835.107478987156,
            "5sigma": [
                1804.895183160122,
                1854.9825996390707
            ]
        },
        {
            "median": -0.6463606608093504,
            "q01%": -47.19443806016134,
            "sigma": 20.430919197303492,
            "2sigma": [
                -38.448625695755126,
                44.65203334262073
            ],
            "1sigma": [
                -19.907111323746424,
                20.95472707086056
            ],
            "q25%": -13.962941230338608,
            "q75%": 13.89253014935398,
            "q99%": 52.696136250085175,
            "q10%": -24.67219483390768,
            "3sigma": [
                -63.23423547358979,
                64.58324956625641
            ],
            "q90%": 28.043616244844667,
            "5sigma": [
                -100.9004015166839,
                91.27108091048153
            ]
        },
        {
            "median": -96.07128912319438,
            "q01%": -172.42031030426529,
            "sigma": 29.34660206121638,
            "2sigma": [
                -160.03645772783423,
                -42.94063422749728
            ],
            "1sigma": [
                -127.28847637495069,
                -68.59527225251793
            ],
            "q25%": -116.83543741700441,
            "q75%": -77.41523791018437,
            "q99%": -30.18564842084248,
            "q10%": -136.52120247634426,
            "3sigma": [
                -188.45345595775228,
                -9.150334925539052
            ],
            "q90%": -61.69206300807855,
            "5sigma": [
                -228.55262058265055,
                46.626509021126964
            ]
        },
        {
            "median": 1.5086092481896785,
            "q01%": -39.4657684813954,
            "sigma": 18.556640686459474,
            "2sigma": [
                -31.86978337015889,
                41.051338066361495
            ],
            "1sigma": [
                -15.924518346807824,
                21.188763026111125
            ],
            "q25%": -10.301651268906527,
            "q75%": 14.69579461883214,
            "q99%": 49.28085376676253,
            "q10%": -20.374644950998604,
            "3sigma": [
                -53.495461307079225,
                59.17231085996729
            ],
            "q90%": 27.292751640715384,
            "5sigma": [
                -88.6691285163927,
                85.48976590013106
            ]
        },
        {
            "median": 16.628603771289516,
            "q01%": 5.341668330962412,
            "sigma": 4.413176328584927,
            "2sigma": [
                7.337482623847832,
                24.43403213761992
            ],
            "1sigma": [
                12.012043704369836,
                20.83839636153969
            ],
            "q25%": 13.488698093648594,
            "q75%": 19.47666829360809,
            "q99%": 26.267022526815207,
            "q10%": 10.551500528218952,
            "3sigma": [
                3.067400282133451,
                29.7647883316067
            ],
            "q90%": 21.887486230984795,
            "5sigma": [
                -3.21971553724336,
                37.844062187306406
            ]
        },
        {
            "median": 1.3126441747015438,
            "q01%": 1.0202366121170172,
            "sigma": 0.13666818554734517,
            "2sigma": [
                1.0653809724120478,
                1.616699147784852
            ],
            "1sigma": [
                1.1866527843122132,
                1.4599891554069035
            ],
            "q25%": 1.223640517498357,
            "q75%": 1.4081499933179964,
            "q99%": 1.6883606563009999,
            "q10%": 1.1509776765021058,
            "3sigma": [
                0.968492988945307,
                1.8034717039568862
            ],
            "q90%": 1.5037798226768326,
            "5sigma": [
                0.8623278924031755,
                1.9933219480625248
            ]
        },
        {
            "median": 54.00158491780841,
            "q01%": 50.59903049886266,
            "sigma": 1.0507206352066625,
            "2sigma": [
                51.37507292073929,
                55.681276399784196
            ],
            "1sigma": [
                52.84757312678919,
                54.94901439720252
            ],
            "q25%": 53.26828799235113,
            "q75%": 54.64600735978668,
            "q99%": 55.89936264809275,
            "q10%": 52.460408127285675,
            "3sigma": [
                49.401686724702934,
                56.09109711433774
            ],
            "q90%": 55.16614777047251,
            "5sigma": [
                46.33795892589683,
                56.59021508336812
            ]
        },
        {
            "median": 13.29950559222807,
            "q01%": 10.389102206585955,
            "sigma": 1.7507838811425165,
            "2sigma": [
                10.698876452418961,
                18.260976504813947
            ],
            "1sigma": [
                11.802050951418028,
                15.303618713703061
            ],
            "q25%": 12.240975518143214,
            "q75%": 14.598878751669371,
            "q99%": 20.178179079053535,
            "q10%": 11.455912190159035,
            "3sigma": [
                10.014048842095695,
                22.447099303669514
            ],
            "q90%": 16.016539447728615,
            "5sigma": [
                9.197463047345057,
                27.71974888700979
            ]
        },
        {
            "median": 2.1960781093763613,
            "q01%": 1.159787984100751,
            "sigma": 0.6789346776056605,
            "2sigma": [
                1.2810947960075594,
                4.7028474474922515
            ],
            "1sigma": [
                1.6486937114955433,
                3.0065630667068644
            ],
            "q25%": 1.822346477523461,
            "q75%": 2.67402176977305,
            "q99%": 6.022295366556106,
            "q10%": 1.516303930412599,
            "3sigma": [
                0.9734376892679614,
                8.761930554293333
            ],
            "q90%": 3.354428626230329,
            "5sigma": [
                0.2710539451461162,
                9.98418610734148
            ]
        }
    ],
    "modes": [
        {
            "mean": [
                1828.5577981304673,
                0.48329414333808157,
                -97.82026499561083,
                2.5703117085742804,
                16.41158687261497,
                1.3207560087452548,
                53.8827223229509,
                13.597142695082246,
                2.3749034032224894
            ],
            "local log-evidence": -184.97572716482324,
            "maximum": [
                1824.309360031175,
                17.13678617003825,
                -122.12613214817793,
                18.22324495031353,
                12.658325428714306,
                1.259874856503919,
                54.5829057195777,
                12.458828080021915,
                1.9305100589628277
            ],