{
    "global evidence error": 0.041416688904189015,
    "nested importance sampling global log-evidence error": 0.041416688904189015,
    "nested importance sampling global log-evidence": 140.13697461099898,
    "global evidence": 140.13697461099898,
    "nested sampling global log-evidence error": 0.3505000791198567,
    "modes": [
        {
            "maximum a posterior": [
                1984.955150765596,
                -649.4962006018513,
                879.8101919331252,
                -628.7815132693659,
                164.6361101723155,
                0.9135802163417015,
                78.01420831420742,
                19.027027847166554,
                3.9273180486387895
            ],
            "maximum": [
                1984.955150765596,
                -649.4962006018513,
                879.8101919331252,
                -628.7815132693659,
                164.6361101723155,
                0.9135802163417015,
                78.01420831420742,
                19.027027847166554,
                3.9273180486387895
            ],
            "local log-evidence error": 0.041416688904189015,
            "strictly local log-evidence error": 0.041416688904189015,
            "sigma": [
                11.601455149751967,
                49.17313995813617,
                77.36637618646915,
                53.81271123978721,
                14.02040757550212,
                0.14176972739183186,
                0.26815937951388835,
                0.6041499717801985,
                0.8952872643676923
            ],
            "local log-evidence": 140.13697461099898,
            "index": 0,
            "mean": [
                1982.7648122673081,
                -637.9003198936886,
                857.4888933687555,
                -610.250573685257,
                159.07192372496235,
                0.9810418165692218,
                78.08434081181875,
                19.14433951715216,
                3.7353224247076136
            ],
            "strictly local log-evidence": 140.13697461099898
        }
    ],
    "marginals": [
        {
            "1sigma": [
                1970.542846894978,
                1994.8935327133909
            ],
            "q75%": 1992.1965906208716,
            "5sigma": [
                1918.7581002309792,
                1999.9949800484221
            ],
            "median": 1984.2559677693941,
            "q99%": 1999.6687864316127,
            "3sigma": [
                1940.951742959387,
                1999.9637524532911
            ],
            "sigma": 12.175342909206393,
            "q10%": 1966.6608863622762,
            "q25%": 1975.2585778866135,
            "q01%": 1951.261628247192,
            "2sigma": [
                1956.8142901184433,
                1999.2250087566993
            ],
            "q90%": 1996.618685997184
        },
        {
            "1sigma": [
                -688.8743015909082,
                -586.3418567620114
            ],
            "q75%": -606.2380706430738,
            "5sigma": [
                -722.5274556510783,
                -336.03298102847685
            ],
            "median": -644.9101442816267,
            "q99%": -505.6764825169264,
            "3sigma": [
                -713.800465470556,
                -458.1780819041865
            ],
            "sigma": 51.26622241444841,
            "q10%": -696.1769450767789,
            "q25%": -678.1504898491708,
            "q01%": -710.8231869631059,
            "2sigma": [
                -707.7835856623566,
                -527.3173958519291
            ],
            "q90%": -570.7000660491544
        },
        {
            "1sigma": [
                777.8820297889802,
                936.3094337431362
            ],
            "q75%": 921.0071834859557,
            "5sigma": [
                327.6591347191654,
                1013.4169760276119
            ],
            "median": 868.0811561330071,
            "q99%": 976.6888654761946,
            "3sigma": [
                577.3818847391743,
                985.8172748383543
            ],
            "sigma": 79.21370197707802,
            "q10%": 750.6932965003726,
            "q25%": 805.3962930223788,
            "q01%": 650.7647933554874,
            "2sigma": [
                682.6320103474153,
                970.4535166772301
            ],
            "q90%": 948.2601044253543
        },
        {
            "1sigma": [
                -664.8592080255561,
                -555.6482368632235
            ],
            "q75%": -574.4442841091627,
            "5sigma": [
                -735.780214928543,
                -203.5488860075167
            ],
            "median": -618.4145141028581,
            "q99%": -468.6086777228336,
            "3sigma": [
                -705.7961400512165,
                -413.770780091972
            ],
            "sigma": 54.605485581166306,
            "q10%": -673.4409519699618,
            "q25%": -652.2282751523119,
            "q01%": -697.258604411168,
            "2sigma": [
                -690.8776642229443,
                -490.11827830848335
            ],
            "q90%": -536.0480779059725
        },
        {
            "1sigma": [
                144.84931710979376,
                173.12762721057155
            ],
            "q75%": 169.66677445182938,
            "5sigma": [
                44.37268484015293,
                195.79945944782605
            ],
            "median": 161.0368959476253,
            "q99%": 182.9725749020672,
            "3sigma": [
                107.72706760699857,
                184.92082827099475
            ],
            "sigma": 14.139155050388894,
            "q10%": 139.75761774547013,
            "q25%": 150.04189927680483,
            "q01%": 122.18957602359404,
            "2sigma": [
                128.05767476894195,
                180.67700211066972
            ],
            "q90%": 175.89631806797436
        },
        {
            "1sigma": [
                0.847815016659577,
                1.113569804926264
            ],
            "q75%": 1.0620348718434194,
            "5sigma": [
                0.5599762560890326,
                1.9915059468176584
            ],
            "median": 0.9627991170673768,
            "q99%": 1.388980982785794,
            "3sigma": [
                0.659973155777383,
                1.6855075171421339
            ],
            "sigma": 0.13287739413334343,
            "q10%": 0.8168162943494364,
            "q25%": 0.8824496548043363,
            "q01%": 0.7140252549669883,
            "2sigma": [
                0.7493564517960436,
                1.2842042427461022
            ],
            "q90%": 1.15913617674537
        },
        {
            "1sigma": [
                77.82314572217724,
                78.34904140975908
            ],
            "q75%": 78.24256139268175,
            "5sigma": [
                76.9092794545579,
                80.12929259239569
            ],
            "median": 78.06889607942918,
            "q99%": 78.74255956180944,
            "3sigma": [
                77.35145699036426,
                79.02044249022742
            ],
            "sigma": 0.2629478437909185,
            "q10%": 77.76554600584737,
            "q25%": 77.89975286054434,
            "q01%": 77.50187762134304,
            "2sigma": [
                77.598765460492,
                78.63369438468976
            ],
            "q90%": 78.44510428954915
        },
        {
            "1sigma": [
                18.559300618023933,
                19.722019183828913
            ],
            "q75%": 19.503335676365836,
            "5sigma": [
                16.608657869314865,
                23.00105222855873
            ],
            "median": 19.112722920387082,
            "q99%": 20.773625789854982,
            "3sigma": [
                17.53918576019811,
                21.75064885864547
            ],