{
    "marginals": [
        {
            "2sigma": [
                1943.94915743182,
                1977.9099961521927
            ],
            "5sigma": [
                1923.257254630203,
                2014.2386113835053
            ],
            "q25%": 1954.3923748569882,
            "q75%": 1966.179406224074,
            "q99%": 1982.2861679778955,
            "q10%": 1949.2146267141297,
            "sigma": 8.863908888312494,
            "1sigma": [
                1951.5160784674895,
                1969.2438962441145
            ],
            "3sigma": [
                1936.9331510161103,
                1989.0284064928799
            ],
            "q01%": 1941.3288165617068,
            "q90%": 1971.7271476434892,
            "median": 1960.0792309208675
        },
        {
            "2sigma": [
                -612.7488997810026,
                -447.7738501265264
            ],
            "5sigma": [
                -783.5986435888985,
                -354.78743116601123
            ],
            "q25%": -555.445325818315,
            "q75%": -498.333171128897,
            "q99%": -433.9246965757269,
            "q10%": -582.1204935711194,
            "sigma": 42.48958332517401,
            "1sigma": [
                -569.8548158124315,
                -484.8756491620835
            ],
            "3sigma": [
                -667.4482146911962,
                -415.88769422382563
            ],
            "q01%": -632.5394738150613,
            "q90%": -473.5542590855815,
            "median": -525.6955914948521
        },
        {
            "2sigma": [
                509.66887098840726,
                811.299622202581
            ],
            "5sigma": [
                357.22536729614325,
                1112.1094547549346
            ],
            "q25%": 603.9592643389224,
            "q75%": 705.9001539721518,
            "q99%": 847.0992015708779,
            "q10%": 558.1332087351913,
            "sigma": 76.66963250931997,
            "1sigma": [
                580.361021553203,
                733.700286571843
            ],
            "3sigma": [
                451.29310190552826,
                908.7855460945153
            ],
            "q01%": 486.404609589654,
            "q90%": 753.6116470801421,
            "median": 653.4257007988193
        },
        {
            "2sigma": [
                -570.8977361195857,
                -334.39806524761224
            ],
            "5sigma": [
                -805.0233227812539,
                -227.26976223109094
            ],
            "q25%": -488.96091936672303,
            "q75%": -409.4070311895253,
            "q99%": -316.149953644128,
            "q10%": -528.1360937330751,
            "sigma": 60.049348806508306,
            "1sigma": [
                -511.157656854464,
                -391.0589592414474
            ],
            "3sigma": [
                -646.8080606197258,
                -287.70894336696483
            ],
            "q01%": -597.5889366201161,
            "q90%": -373.51374078540584,
            "median": -448.744176647598
        },
        {
            "2sigma": [
                78.81800942369296,
                147.6920574219922
            ],
            "5sigma": [
                50.54654395437278,
                213.81173136953527
            ],
            "q25%": 101.10421212019138,
            "q75%": 123.90492382802915,
            "q99%": 155.11810325139678,
            "q10%": 90.57954965699192,
            "sigma": 17.147358581903838,
            "1sigma": [
                95.69488904375434,
                129.98960620756202
            ],
            "3sigma": [
                65.64450731919032,
                169.80517475078125
            ],
            "q01%": 74.22823441706043,
            "q90%": 135.3010171818114,
            "median": 112.27588516429311
        },
        {
            "2sigma": [
                1.0492219947035095,
                1.6567534692120596
            ],
            "5sigma": [
                0.6835057790771092,
                1.7909604591941986
            ],
            "q25%": 1.2191931154218316,
            "q75%": 1.4405598538616202,
            "q99%": 1.6952583618102215,
            "q10%": 1.1345610498201673,
            "sigma": 0.1615961427932895,
            "1sigma": [
                1.1731290806812613,
                1.4963213662678403
            ],
            "3sigma": [
                0.9254169892315343,
                1.7458675134823696
            ],
            "q01%": 0.9955882395829072,
            "q90%": 1.5466855325613513,
            "median": 1.326093658568781
        },
        {
            "2sigma": [
                78.39617838154305,
                79.35957829204717
            ],
            "5sigma": [
                76.99563184449998,
                79.68113518044404
            ],
            "q25%": 78.7545369292673,
            "q75%": 79.0697219685219,
            "q99%": 79.42452170473356,
            "q10%": 78.60234657715912,
            "sigma": 0.2370471243920136,
            "1sigma": [
                78.66879044339157,
                79.1428846921756
            ],
            "3sigma": [
                78.00415494516047,
                79.51418666594714
            ],
            "q01%": 78.25365115679443,
            "q90%": 79.20945014510256,
            "median": 78.92348018992885
        },
        {
            "2sigma": [
                19.511000551049413,
                21.3436907612551
            ],
            "5sigma": [
                16.86353144023374,
                21.720854949262964
            ],
            "q25%": 20.156840805011832,
            "q75%": 20.764058448306493,
            "q99%": 21.424705611895483,
            "q10%": 19.872293691815898,
            "sigma": 0.45016126680366675,
            "1sigma": [
                20.019575233520133,
                20.919897767127466
            ],
            "3sigma": [
                18.837450539740665,
                21.650448751097137
            ],
            "q01%": 19.30775311451615,
            "q90%": 21.055061910357406,
            "median": 20.465351468375342
        },
        {
            "2sigma": [
                2.2143656432772136,
                3.5914757683239773
            ],
            "5sigma": [
                1.8897326207495089,
                4.93775090662401
            ],
            "q25%": 2.5391754385446506,
            "q75%": 3.0358034180761715,
            "q99%": 3.8187193833878244,
            "q10%": 2.3571157338428255,
            "sigma": 0.3811252352240715,
            "1sigma": [
                2.428404833181559,
                3.190655303629702
            ],
            "3sigma": [
                2.075395620926984,
                4.166224746823748
            ],
            "q01%": 2.1584312144983375,
            "q90%": 3.305798533412371,
            "median": 2.77877275478087
        }
    ],
    "global evidence error": 0.01837174921020757,
    "nested sampling global log-evidence": 118.32319516763356,
    "nested importance sampling global log-evidence": 116.35814912418975,
    "modes": [
        {
            "sigma": [
                8.802244973908694,
                42.53871580070863,
                76.44030203719105,
                60.19912673210691,
                17.3770828291631,
                0.15697762952099276,
                0.24265923124841282,
                0.4593548884153567,
                0.3676222620148309
            ],
            "maximum": [
                1956.5076503384353,
                -510.4854503099814,
                628.994279013692,
                -431.50046321948685,
                107.9237472097193,
                1.3129864944953031,
                78.97261587016918,
                20.42790861567034,
                2.9044549559285544
            ],