{
    "marginals": [
        {
            "q25%": 1984.1226097861224,
            "5sigma": [
                1972.405976372726,
                1999.5468751760225
            ],
            "q99%": 1992.5747571752381,
            "q90%": 1989.8373336303653,
            "median": 1986.0462345279736,
            "2sigma": [
                1980.501383544639,
                1991.6584855613144
            ],
            "q01%": 1979.588582241115,
            "sigma": 2.7783497564502113,
            "1sigma": [
                1983.2862243577222,
                1988.8429238706226
            ],
            "3sigma": [
                1977.4825385327904,
                1994.9754145785034
            ],
            "q75%": 1987.9177337712733,
            "q10%": 1982.5071057267137
        },
        {
            "q25%": -662.2210250701733,
            "5sigma": [
                -712.0555156054083,
                -596.596087751857
            ],
            "q99%": -626.9107840541357,
            "q90%": -639.2429874313169,
            "median": -654.2625438444709,
            "2sigma": [
                -677.8745273077504,
                -630.7893061326271
            ],
            "q01%": -682.0653103466393,
            "sigma": 11.759230669457736,
            "1sigma": [
                -666.0901001686751,
                -642.5716388297596
            ],
            "3sigma": [
                -691.9188132767963,
                -618.2533227975601
            ],
            "q75%": -646.0934641574747,
            "q10%": -670.1216391540198
        },
        {
            "q25%": 875.7991973509031,
            "5sigma": [
                799.1833849067087,
                978.9851985016746
            ],
            "q99%": 931.4415207356693,
            "q90%": 913.1731199341791,
            "median": 888.6025773779324,
            "2sigma": [
                852.1819464391538,
                925.0418536614856
            ],
            "q01%": 846.1719131802479,
            "sigma": 18.20924846559143,
            "1sigma": [
                870.390840841143,
                906.8093377723259
            ],
            "3sigma": [
                832.736673596375,
                946.7953055986418
            ],
            "q75%": 901.0389145839373,
            "q10%": 865.3119758339587
        },
        {
            "q25%": -644.8239683821184,
            "5sigma": [
                -697.8736385556729,
                -576.433315943179
            ],
            "q99%": -608.0674795756449,
            "q90%": -620.836194432032,
            "median": -636.5561101952006,
            "2sigma": [
                -661.1030775030814,
                -611.9504815640248
            ],
            "q01%": -665.087856831434,
            "sigma": 12.246421631727458,
            "1sigma": [
                -648.6662238699693,
                -624.1733806065143
            ],
            "3sigma": [
                -675.8877508517959,
                -599.0183539319685
            ],
            "q75%": -627.9423575315576,
            "q10%": -652.93841926144
        },
        {
            "q25%": 165.0542412335399,
            "5sigma": [
                152.36272339729194,
                182.42200168098833
            ],
            "q99%": 174.20384284825735,
            "q90%": 171.2092776128496,
            "median": 167.17868532017857,
            "2sigma": [
                161.17526799122726,
                173.20871760076025
            ],
            "q01%": 160.11494049008647,
            "sigma": 2.9953215362600787,
            "1sigma": [
                164.1436466465657,
                170.13428971908587
            ],
            "3sigma": [
                157.83298515908152,
                176.92139853452406
            ],
            "q75%": 169.2336223263684,
            "q10%": 163.32618018400544
        },
        {
            "q25%": 0.8396389066490156,
            "5sigma": [
                0.7697702571460434,
                0.9523011963563489
            ],
            "q99%": 0.8974400449913715,
            "q90%": 0.8765201788709434,
            "median": 0.8519028718498628,
            "2sigma": [
                0.8179988822917855,
                0.8905912574515698
            ],
            "q01%": 0.8124880283984297,
            "sigma": 0.018363180809658264,
            "1sigma": [
                0.8339732782116924,
                0.870699639831009
            ],
            "3sigma": [
                0.797613143154356,
                0.9128539946825799
            ],
            "q75%": 0.8642052859500589,
            "q10%": 0.8287604875942227
        },
        {
            "q25%": 77.84476717834055,
            "5sigma": [
                77.6107020904638,
                78.15286325935664
            ],
            "q99%": 78.00510237313568,
            "q90%": 77.95123563593081,
            "median": 77.88391814978428,
            "2sigma": [
                77.77703540592267,
                77.98728243774606
            ],
            "q01%": 77.7586343544355,
            "sigma": 0.05467744422985277,
            "1sigma": [
                77.8270016053414,
                77.9363564938011
            ],
            "3sigma": [
                77.71356269385213,
                78.04418995690484
            ],
            "q75%": 77.91949238846227,
            "q10%": 77.81220895403504
        },
        {
            "q25%": 18.670152907495932,
            "5sigma": [
                18.285710843894126,
                19.239329407279826
            ],
            "q99%": 18.946948512349078,
            "q90%": 18.8513395503204,
            "median": 18.73034107275871,
            "2sigma": [
                18.561195260316246,
                18.920063540835816
            ],
            "q01%": 18.527896777261827,
            "sigma": 0.09164126322426114,
            "1sigma": [
                18.640039792928054,
                18.823322319376576
            ],
            "3sigma": [
                18.479425173060083,
                19.00426494843541
            ],
            "q75%": 18.791845270666563,
            "q10%": 18.612396080111964
        },
        {
            "q25%": 4.0937034639270635,
            "5sigma": [
                3.612798820734673,
                4.7013109248219
            ],
            "q99%": 4.428776744677924,
            "q90%": 4.306578121185072,
            "median": 4.163016906922344,
            "2sigma": [
                3.9470885936219777,
                4.380393904848876
            ],
            "q01%": 3.9115765997001066,
            "sigma": 0.11088588285391365,
            "1sigma": [
                4.053644428365446,
                4.275416194073273
            ],
            "3sigma": [
                3.849361833695236,
                4.502292586111035
            ],
            "q75%": 4.238386836727676,
            "q10%": 4.025630932435429
        }
    ],
    "nested sampling global log-evidence error": 0.4232516097955048,
    "nested importance sampling global log-evidence": -228.7207178486047,
    "global evidence error": 0.06969910620788773,
    "nested sampling global log-evidence": -225.52225175319487,
    "nested importance sampling global log-evidence error": 0.06969910620788773,
    "modes": [
        {
            "maximum": [
                1987.316399444423,
                -659.6491833860407,
                896.9799024352765,
                -642.1901838271624,
                168.60193956618423,
                0.8555308625659622,
                77.88187891830336,
                18.68591897526032,
                4.143349294800471
            ],
            "strictly local log-evidence": -228.7207178486047,
            "local log-evidence": -228.7207178486047,
            "index": 0,
            "strictly local log-evidence error": 0.06969910620788773,