{
    "nested sampling global log-evidence": 40.94947673918251,
    "marginals": [
        {
            "1sigma": [
                2025.7811030603038,
                2036.938262496154
            ],
            "5sigma": [
                2004.6483846048222,
                2057.0217563579595
            ],
            "q01%": 2018.5965194257144,
            "q75%": 2034.9770184677964,
            "2sigma": [
                2020.77506818502,
                2042.2298416630124
            ],
            "sigma": 5.578579717925095,
            "q10%": 2024.2645786437677,
            "q25%": 2027.6162095892246,
            "q90%": 2038.4619871144123,
            "3sigma": [
                2015.1511318495982,
                2047.9802635113679
            ],
            "median": 2031.2507183592747,
            "q99%": 2044.0985180396879
        },
        {
            "1sigma": [
                -868.0639652531102,
                -820.1805577121486
            ],
            "5sigma": [
                -954.6511434992298,
                -730.0127271905634
            ],
            "q01%": -897.8040014179643,
            "q75%": -827.9226430662178,
            "2sigma": [
                -890.7511826182127,
                -799.0078627785563
            ],
            "sigma": 23.941703770480785,
            "q10%": -874.4160601262128,
            "q25%": -859.580542316596,
            "q90%": -813.8135283383652,
            "3sigma": [
                -915.979058228444,
                -774.1585574125776
            ],
            "median": -843.5409475840104,
            "q99%": -789.7367391296774
        },
        {
            "1sigma": [
                1143.2388545130177,
                1218.5800940295771
            ],
            "5sigma": [
                1000.5691121638752,
                1356.7533402954518
            ],
            "q01%": 1094.829758665014,
            "q75%": 1205.4278674605425,
            "2sigma": [
                1110.2578302131894,
                1254.9548884301569
            ],
            "sigma": 37.67061975827971,
            "q10%": 1132.8464299383045,
            "q25%": 1155.3826999928062,
            "q90%": 1228.3678461158975,
            "3sigma": [
                1070.0444350370897,
                1296.2637761226083
            ],
            "median": 1179.6555184381405,
            "q99%": 1266.0235397488636
        },
        {
            "1sigma": [
                -858.4096152774357,
                -806.3605638201195
            ],
            "5sigma": [
                -955.101601702569,
                -707.6436129073855
            ],
            "q01%": -891.7942195089919,
            "q75%": -814.290793675825,
            "2sigma": [
                -883.7097011390705,
                -782.829929433431
            ],
            "sigma": 26.02452572865809,
            "q10%": -865.2827526116076,
            "q25%": -849.3804315413322,
            "q90%": -798.8154256294938,
            "3sigma": [
                -913.691931371038,
                -754.453615761912
            ],
            "median": -831.511173065883,
            "q99%": -771.845399521666
        },
        {
            "1sigma": [
                208.6365227153886,
                222.07387021525778
            ],
            "5sigma": [
                183.5025404915025,
                247.0534750859627
            ],
            "q01%": 200.0364858804663,
            "q75%": 219.71087968701906,
            "2sigma": [
                202.56914805328842,
                228.58175844859963
            ],
            "sigma": 6.718673749934595,
            "q10%": 206.82357812471292,
            "q25%": 210.74979861788944,
            "q90%": 223.8744223011882,
            "3sigma": [
                195.1653638349014,
                236.43721995346144
            ],
            "median": 215.13744884692542,
            "q99%": 230.6033758120402
        },
        {
            "1sigma": [
                0.9607227145138212,
                0.9951303874541599
            ],
            "5sigma": [
                0.8603059063999234,
                0.9999945235151123
            ],
            "q01%": 0.9287510747287834,
            "q75%": 0.9920362498381505,
            "2sigma": [
                0.9383563643355014,
                0.9993023048745239
            ],
            "sigma": 0.017203836470169376,
            "q10%": 0.9544435108042494,
            "q25%": 0.9690947851641676,
            "q90%": 0.997058171219371,
            "3sigma": [
                0.9086702025880528,
                0.9999670245383673
            ],
            "median": 0.9828727453408085,
            "q99%": 0.9997086053786141
        },
        {
            "1sigma": [
                77.4340725795352,
                77.66215601650552
            ],
            "5sigma": [
                77.06793208024534,
                78.0893512674705
            ],
            "q01%": 77.28636199715284,
            "q75%": 77.62523699532844,
            "2sigma": [
                77.32759450600307,
                77.7757426322378
            ],
            "sigma": 0.11404171848516143,
            "q10%": 77.40351577821471,
            "q25%": 77.47070033925554,
            "q90%": 77.69648495147496,
            "3sigma": [
                77.23041775972315,
                77.89812718412126
            ],
            "median": 77.54912648485308,
            "q99%": 77.81702610588137
        },
        {
            "1sigma": [
                18.190290302182984,
                18.533079082196583
            ],
            "5sigma": [
                17.58721709652874,
                19.239738369224483
            ],
            "q01%": 17.97643216328784,
            "q75%": 18.473956955097908,
            "2sigma": [
                18.046899355394817,
                18.709377448809246
            ],
            "sigma": 0.17139439000679957,
            "q10%": 18.146056384858188,
            "q25%": 18.247678619035046,
            "q90%": 18.584000631968685,
            "3sigma": [
                17.863181970449737,
                18.904106106878558
            ],
            "median": 18.361260728032637,
            "q99%": 18.775934333666168
        },
        {
            "1sigma": [
                4.825775734225853,
                5.288266032594552
            ],
            "5sigma": [
                4.080447861640354,
                6.580375211595773
            ],
            "q01%": 4.539919321004132,
            "q75%": 5.204042492142159,
            "2sigma": [
                4.612897655652569,
                5.5603894934078095
            ],
            "sigma": 0.23124514918434969,
            "q10%": 4.765228961137779,
            "q25%": 4.896952341917745,
            "q90%": 5.371487397421815,
            "3sigma": [
                4.417496111218751,
                5.886561029193933
            ],
            "median": 5.045824664935487,
            "q99%": 5.673184245556512
        }
    ],
    "nested importance sampling global log-evidence error": 0.011211393179193969,
    "nested importance sampling global log-evidence": 38.82339438581695,
    "modes": [
        {
            "mean": [
                2031.3061868244636,
                -843.7981551695775,
                1180.3076921051927,
                -831.9007806836469,
                215.28549273086068,
                0.9787111148532579,
                77.5491486090864,
                18.363789561410535,
                5.057805061424714
            ],
            "maximum": [
                2034.3874203748219,
                -856.5010420993385,
                1199.4746355256375,
                -844.4291921998192,
                218.28785348201563,
                0.9970592454268898,
                77.5483928489672,
                18.42885422712759,
                4.913515706680911
            ],