{
    "nested importance sampling global log-evidence error": 0.01796921647500646,
    "global evidence": -73.25280064827255,
    "modes": [
        {
            "maximum": [
                1865.1102398337134,
                -112.04824444491169,
                -2093.681186891081,
                2091.082424589891,
                0.3303509435912631
            ],
            "index": 0,
            "mean": [
                1864.971403814068,
                -111.75017680747843,
                134.8475386461672,
                -137.59793551105832,
                0.3380110228331051
            ],
            "sigma": [
                0.8822924104729734,
                1.9279216515604638,
                8576.680831931459,
                8576.671777182273,
                0.022621600200492163
            ],
            "local log-evidence": -73.25280064827255,
            "strictly local log-evidence error": 0.01796921647500646,
            "strictly local log-evidence": -73.25280064827255,
            "local log-evidence error": 0.01796921647500646,
            "maximum a posterior": [
                1865.1102398337134,
                -112.04824444491169,
                -2093.681186891081,
                2091.082424589891,
                0.3303509435912631
            ]
        }
    ],
    "marginals": [
        {
            "q01%": 1862.9291059841048,
            "median": 1864.9597570817068,
            "sigma": 0.8775686138531,
            "q25%": 1864.3440720519566,
            "q99%": 1867.0436029011041,
            "q90%": 1866.1063472488966,
            "q75%": 1865.5622964809475,
            "5sigma": [
                1860.2567983041665,
                1869.7825297089983
            ],
            "1sigma": [
                1864.0827946816019,
                1865.837931909308
            ],
            "q10%": 1863.8745164156187,
            "3sigma": [
                1862.1536322792083,
                1867.7657330492377
            ],
            "2sigma": [
                1863.309173296379,
                1866.7039168555489
            ]
        },
        {
            "q01%": -116.34161208262074,
            "median": -111.73241777321556,
            "sigma": 1.9146611337277761,
            "q25%": -113.03662618072914,
            "q99%": -107.30096858790729,
            "q90%": -109.36170371435526,
            "q75%": -110.37069140202013,
            "5sigma": [
                -122.44321932914256,
                -101.63798003902119
            ],
            "1sigma": [
                -113.66773573352083,
                -109.83841346606528
            ],
            "q10%": -114.24170058218373,
            "3sigma": [
                -117.84119542475132,
                -105.55339553443905
            ],
            "2sigma": [
                -115.51186112281938,
                -108.15188414227576
            ]
        },
        {
            "q01%": -14698.251792470852,
            "median": 202.04984125556226,
            "sigma": 10085.947374994612,
            "q25%": -7494.64593775873,
            "q99%": 14585.792053283061,
            "q90%": 12050.050914952657,
            "q75%": 7389.27163019134,
            "5sigma": [
                -14992.201066045227,
                14990.355911034525
            ],
            "1sigma": [
                -9983.754549349742,
                10188.14020063948
            ],
            "q10%": -11706.675443575394,
            "3sigma": [
                -14948.196667069353,
                14911.422374572963
            ],
            "2sigma": [
                -14090.417737437534,
                14053.754614522943
            ]
        },
        {
            "q01%": -14591.235324287458,
            "median": -207.89890251227166,
            "sigma": 10087.071040485258,
            "q25%": -7394.361030431471,
            "q99%": 14684.916313979258,
            "q90%": 11693.914666747076,
            "q75%": 7490.0472709559035,
            "5sigma": [
                -14991.429038030656,
                14988.336766477472
            ],
            "1sigma": [
                -10196.681754358666,
                9977.46032661185
            ],
            "q10%": -12056.488875094263,
            "3sigma": [
                -14917.80047085728,
                14942.82772084016
            ],
            "2sigma": [
                -14060.954091128573,
                14085.386071431956
            ]
        },
        {
            "q01%": 0.2886184814473555,
            "median": 0.33668324935385496,
            "sigma": 0.022455900233372156,
            "q25%": 0.32229679042428633,
            "q99%": 0.39525770534864224,
            "q90%": 0.3671713866412805,
            "q75%": 0.3529538640130462,
            "5sigma": [
                0.25018542540604727,
                0.48585603446505976
            ],
            "1sigma": [
                0.3154443997952617,
                0.360356200262006
            ],
            "q10%": 0.3101435156084855,
            "3sigma": [
                0.2762070950589573,
                0.4144363820732608
            ],
            "2sigma": [
                0.29699511750724894,
                0.38646549905116506
            ]
        }
    ],
    "nested sampling global log-evidence": -72.37622854950317,
    "nested importance sampling global log-evidence": -73.25280064827255,
    "global evidence error": 0.01796921647500646,
    "nested sampling global log-evidence error": 0.2911892567635435
}