{
    "global evidence": -427.122475576199,
    "modes": [
        {
            "sigma": [
                4.895913520170282,
                6.807160156337622,
                7.102886677082659,
                7.013386945538827,
                6.628154984884728,
                0.2870747049294578,
                29.072486215437497,
                5.616433014466429
            ],
            "maximum": [
                -9.740681648254395,
                -1.7833271026611328,
                -4.312967777252197,
                -8.601186275482178,
                6.6395344734191895,
                0.5131266117095947,
                79.68853712081909,
                6.526931524276733
            ],
            "strictly local log-evidence": -427.122475576199,
            "local log-evidence error": 0.023270527861795003,
            "local log-evidence": -427.122475576199,
            "maximum a posterior": [
                3.545599937438965,
                0.6724419593811035,
                8.366217613220215,
                0.6690731048583984,
                0.5045084953308105,
                0.697854220867157,
                11.634528636932373,
                15.415041446685791
            ],
            "mean": [
                -3.7818842733554847,
                0.2750011286876598,
                -0.06117300818498298,
                0.3842819885133668,
                0.007873145694676167,
                0.4876205297376887,
                50.141924134692694,
                10.365467287405655
            ],
            "index": 0,
            "strictly local log-evidence error": 0.023270527861795003
        }
    ],
    "global evidence error": 0.023270527861795003,
    "nested sampling global log-evidence": -427.0821683840947,
    "marginals": [
        {
            "q01%": -11.76211644903159,
            "5sigma": [
                -11.958475112915039,
                6.982910754507671
            ],
            "median": -3.406904354468024,
            "2sigma": [
                -11.646267463546327,
                4.239607425848091
            ],
            "q10%": -10.653041423312038,
            "1sigma": [
                -9.6401222188204,
                1.8707127536429249
            ],
            "sigma": 5.7554174862316625,
            "3sigma": [
                -11.958475112915039,
                6.070469939828969
            ],
            "q25%": -8.202946758203002,
            "q99%": 5.137752153489746,
            "q75%": 0.17656297994165657,
            "q90%": 2.820659793533148
        },
        {
            "q01%": -11.752847953545633,
            "5sigma": [
                -11.988279819488525,
                11.989223898521162
            ],
            "median": 0.6466945135378723,
            "2sigma": [
                -11.444935541344258,
                11.333934505253612
            ],
            "q10%": -9.28912517446277,
            "1sigma": [
                -7.826681727582072,
                7.85775101686341
            ],
            "sigma": 7.84221637222274,
            "3sigma": [
                -11.988279819488525,
                11.878535929497986
            ],
            "q25%": -5.873850628630999,
            "q99%": 11.745526804914268,
            "q75%": 6.06991425151241,
            "q90%": 9.280029758166554
        },
        {
            "q01%": -11.795500810124029,
            "5sigma": [
                -11.96947717666626,
                11.95413471773657
            ],
            "median": 0.24145914861493817,
            "2sigma": [
                -11.476065663004775,
                11.433246026003387
            ],
            "q10%": -9.85445614642997,
            "1sigma": [
                -8.168470795600022,
                8.259544592112684
            ],
            "sigma": 8.214007693856352,
            "3sigma": [
                -11.96947717666626,
                11.927386299284377
            ],
            "q25%": -6.454978239737344,
            "q99%": 11.794490951490785,
            "q75%": 6.278911522585815,
            "q90%": 9.716575477820461
        },
        {
            "q01%": -11.830879745580209,
            "5sigma": [
                -11.988381385803223,
                11.986836944707942
            ],
            "median": 0.5981221585771241,
            "2sigma": [
                -11.592852093521692,
                11.486031306300205
            ],
            "q10%": -9.579238570334319,
            "1sigma": [
                -8.1416176994292,
                8.665685137685358
            ],
            "sigma": 8.40365141855728,
            "3sigma": [
                -11.988381385803223,
                11.963393771795626
            ],
            "q25%": -5.5182810009290355,
            "q99%": 11.787549069385765,
            "q75%": 6.525622751964924,
            "q90%": 9.774243410856199
        },
        {
            "q01%": -11.821959098615567,
            "5sigma": [
                -11.991165161132812,
                11.891228810381058
            ],
            "median": -0.2261660473794986,
            "2sigma": [
                -11.371288262169706,
                11.310074092718272
            ],
            "q10%": -9.020713787885871,
            "1sigma": [
                -7.656177544454133,
                7.687780709219259
            ],
            "sigma": 7.671979126836696,
            "3sigma": [
                -11.991165161132812,
                11.881107641968994
            ],
            "q25%": -5.585739790303367,
            "q99%": 11.647502623753239,
            "q75%": 5.3937300570131335,
            "q90%": 9.109673772112565
        },
        {
            "q01%": 0.007306741515424393,
            "5sigma": [
                0.0013884902000427246,
                0.9989802209027386
            ],
            "median": 0.46994454464574237,
            "2sigma": [
                0.017018031624565458,
                0.965102227684502
            ],
            "q10%": 0.09365911848514107,
            "1sigma": [
                0.15525711283545626,
                0.8363254135794449
            ],
            "sigma": 0.3405341503719943,
            "3sigma": [
                0.0013884902000427246,
                0.9973567212173214
            ],
            "q25%": 0.2543994330542239,
            "q99%": 0.9794810020121261,
            "q75%": 0.7372657048767582,
            "q90%": 0.8875603820047336
        },
        {
            "q01%": 0.6900294612978158,
            "5sigma": [
                0.022780895233154297,
                99.92645690609476
            ],
            "median": 49.71180180599703,
            "2sigma": [
                1.5634975869233623,
                95.91292018635298
            ],
            "q10%": 9.739897562028064,
            "1sigma": [
                15.582124334405478,
                84.43209744477535
            ],
            "sigma": 34.42498655518494,
            "3sigma": [
                0.031245828569128987,
                99.59169170342074
            ],
            "q25%": 24.241329511555392,
            "q99%": 98.33121684480308,
            "q75%": 76.99929108738459,
            "q90%": 89.91586748475201
        },
        {
            "q01%": 0.3920403052955788,
            "5sigma": [
                0.022949405064953216,
                19.998400051134517
            ],
            "median": 10.280137593714443,
            "2sigma": [
                1.0182204449707055,
                19.47399154558908
            ],
            "q10%": 2.4131308550207184,
            "1sigma": [
                3.4904900197106516,
                17.005471196876496
            ],
            "sigma": 6.757490588582922,
            "3sigma": [
                0.09994544435674362,
                19.97086316542127
            ],
            "q25%": 5.419826478404827,
            "q99%": 19.77303589064292,