{
    "nested sampling global log-evidence": -422.1288499156707,
    "modes": [
        {
            "strictly local log-evidence": -422.14793920851724,
            "maximum a posterior": [
                3.776319980621338,
                0.3229637145996094,
                -2.966128349304199,
                -9.783061981201172,
                10.157744407653809,
                0.7467033267021179,
                49.454402923583984,
                15.87149977684021
            ],
            "index": 0,
            "strictly local log-evidence error": 0.024117756229319717,
            "local log-evidence": -422.14793920851724,
            "local log-evidence error": 0.024117756229319717,
            "maximum": [
                -5.443532466888428,
                10.428648948669434,
                3.2673583030700684,
                9.53992223739624,
                8.1155104637146,
                0.4540359377861023,
                77.5440514087677,
                11.024445295333862
            ],
            "mean": [
                -3.618273358743985,
                0.0993700472771858,
                -0.4215234408428618,
                0.04931695719868736,
                0.26563217653907795,
                0.5024236994171707,
                50.56886758566803,
                9.988589931884537
            ],
            "sigma": [
                4.974107570920016,
                6.715978690236342,
                6.997068159386781,
                6.861398385700581,
                6.93471604643652,
                0.28193207341262766,
                28.252116739712587,
                5.694972441504363
            ]
        }
    ],
    "nested importance sampling global log-evidence error": 0.024117756229319717,
    "nested importance sampling global log-evidence": -422.14793920851724,
    "global evidence error": 0.024117756229319717,
    "marginals": [
        {
            "q25%": -7.854100321238045,
            "5sigma": [
                -11.986159801483154,
                6.913194648683182
            ],
            "q10%": -10.462558131887942,
            "2sigma": [
                -11.597968267310904,
                4.8799950379052826
            ],
            "q01%": -11.802128913608575,
            "sigma": 5.814698632155968,
            "1sigma": [
                -9.360461568582627,
                2.2689356957293096
            ],
            "q75%": 0.5677704676078743,
            "median": -4.0807924640988835,
            "3sigma": [
                -11.986159801483154,
                6.093479126409024
            ],
            "q90%": 3.4687004567874204,
            "q99%": 5.289213725923657
        },
        {
            "q25%": -5.072840945406007,
            "5sigma": [
                -11.886619091033936,
                11.986272140642141
            ],
            "q10%": -9.399528124862934,
            "2sigma": [
                -11.46107660545092,
                11.506451426828649
            ],
            "q01%": -11.74493816051805,
            "sigma": 7.707209226260892,
            "1sigma": [
                -7.632259332427873,
                7.782159120093912
            ],
            "q75%": 5.579805167828946,
            "median": 0.07710356119528833,
            "3sigma": [
                -11.886619091033936,
                11.976816316422292
            ],
            "q90%": 9.32761932991393,
            "q99%": 11.886542298022096
        },
        {
            "q25%": -6.45572870312155,
            "5sigma": [
                -11.988525867462158,
                11.948489584908817
            ],
            "q10%": -10.202647068591915,
            "2sigma": [
                -11.462021445206089,
                11.100168061865947
            ],
            "q01%": -11.7489674548163,
            "sigma": 8.505195308873526,
            "1sigma": [
                -8.89171707178592,
                8.118673545961133
            ],
            "q75%": 5.220643555652492,
            "median": -0.27992981274808965,
            "3sigma": [
                -11.988525867462158,
                11.933107772847695
            ],
            "q90%": 9.542950513838775,
            "q99%": 11.612623471655082
        },
        {
            "q25%": -5.786102456546553,
            "5sigma": [
                -11.978104591369629,
                11.999462301341769
            ],
            "q10%": -9.522849679427479,
            "2sigma": [
                -11.314090749076888,
                11.5463222341612
            ],
            "q01%": -11.67607484990697,
            "sigma": 7.927192064857058,
            "1sigma": [
                -7.798827970825331,
                8.055556158888786
            ],
            "q75%": 5.7747746233524175,
            "median": -0.12902305589187968,
            "3sigma": [
                -11.978104591369629,
                11.968064189918927
            ],
            "q90%": 9.660203400233854,
            "q99%": 11.878822367973902
        },
        {
            "q25%": -5.739629008510755,
            "5sigma": [
                -11.997080326080322,
                11.989782826453133
            ],
            "q10%": -9.661194504341294,
            "2sigma": [
                -11.222626459379143,
                11.309254640241011
            ],
            "q01%": -11.646956852836626,
            "sigma": 8.037543465181791,
            "1sigma": [
                -7.696719759916744,
                8.37836717044684
            ],
            "q75%": 6.4325255098850995,
            "median": 0.3427951984259781,
            "3sigma": [
                -11.997080326080322,
                11.98127472799108
            ],
            "q90%": 9.840795850237537,
            "q99%": 11.708516979944205
        },
        {
            "q25%": 0.28193092303441225,
            "5sigma": [
                0.0008618831634521484,
                0.9996621128468568
            ],
            "q10%": 0.11368986421095208,
            "2sigma": [
                0.01665514151479334,
                0.9657628981053193
            ],
            "q01%": 0.003438204182429275,
            "sigma": 0.33023353498532193,
            "1sigma": [
                0.18241069597185516,
                0.8428777659424991
            ],
            "q75%": 0.7402015688550708,
            "median": 0.48653443811103947,
            "3sigma": [
                0.0008618831634521484,
                0.9994460411288192
            ],
            "q90%": 0.9077953080985643,
            "q99%": 0.9837385152643323
        },
        {
            "q25%": 27.08838842986192,
            "5sigma": [
                0.5696475505828857,
                99.80921469386966
            ],
            "q10%": 11.585587352647043,
            "2sigma": [
                2.252455191689108,
                97.03465433963817
            ],
            "q01%": 1.2836305767182525,
            "sigma": 33.26729157367865,
            "1sigma": [
                18.815686923199408,
                85.3502700705567
            ],
            "q75%": 75.30201876766588,
            "median": 49.182304981604844,
            "3sigma": [
                0.5696475505828857,
                99.76998517972933
            ],
            "q90%": 90.10117236922719,
            "q99%": 98.75694850947312
        },
        {
            "q25%": 5.387651206295028,
            "5sigma": [
                0.01572132110595703,
                19.995073593452556
            ],
            "q10%": 1.7482693917237673,
            "2sigma": [
                0.2672279524589125,
                19.148912780919872
            ],
            "q01%": 0.10550968799568605,
            "sigma": 6.761649036649309,
            "1sigma": [
                3.107036400627512,
                16.63033447392613
            ],
            "q75%": 14.884368060974069,
            "median": 10.153028949715457,