{
    "global evidence error": 0.010222406898146333,
    "nested importance sampling global log-evidence": -934.4870913886043,
    "global evidence": -934.4870913886043,
    "nested importance sampling global log-evidence error": 0.010222406898146333,
    "modes": [
        {
            "local log-evidence": -934.4870913886043,
            "local log-evidence error": 0.010222406898146333,
            "maximum": [
                11.995139689525278,
                2.674408277704522,
                -1.5571130407011164,
                0.20370362782172435,
                -0.009908480336811465,
                0.9999770410814031,
                58.65772053994592,
                3.8898867340148846
            ],
            "mean": [
                11.982777035101607,
                2.6863060420968328,
                -1.5613942631636464,
                0.20438647848567731,
                -0.009949223702346008,
                0.9989394091067904,
                58.61574544731299,
                3.923784223573605
            ],
            "index": 0,
            "sigma": [
                0.016834610129499845,
                0.01591768602875792,
                0.005846356238772582,
                0.0009786337325409715,
                6.229117366274722e-05,
                0.0010555700427814648,
                0.05414842512381615,
                0.04132036114710974
            ],
            "maximum a posterior": [
                11.995139689525278,
                2.674408277704522,
                -1.5571130407011164,
                0.20370362782172435,
                -0.009908480336811465,
                0.9999770410814031,
                58.65772053994592,
                3.8898867340148846
            ],
            "strictly local log-evidence error": 0.010222406898146333,
            "strictly local log-evidence": -934.4870913886043
        }
    ],
    "nested sampling global log-evidence": -931.2332714020099,
    "nested sampling global log-evidence error": 0.4580121392590594,
    "marginals": [
        {
            "5sigma": [
                11.768134525453865,
                11.99999897734389
            ],
            "q90%": 11.99802311027064,
            "q10%": 11.960862195800312,
            "q99%": 11.999790149916212,
            "median": 11.98778719651876,
            "q25%": 11.976305116528508,
            "q01%": 11.924006106645017,
            "2sigma": [
                11.937149498637446,
                11.99945572467647
            ],
            "sigma": 0.014398989887935976,
            "3sigma": [
                11.891086331304164,
                11.999967952948472
            ],
            "1sigma": [
                11.968208817782427,
                11.9970067975583
            ],
            "q75%": 11.994819819435504
        },
        {
            "5sigma": [
                2.657243784846665,
                2.883868197520311
            ],
            "q90%": 2.707025821871652,
            "q10%": 2.6713605616666785,
            "q99%": 2.7419861025445083,
            "median": 2.6820515480482863,
            "q25%": 2.6752514662008378,
            "q01%": 2.66669577322948,
            "2sigma": [
                2.667980525566895,
                2.7286619719302174
            ],
            "sigma": 0.013415904540173607,
            "3sigma": [
                2.664595939200694,
                2.7709317139017724
            ],
            "1sigma": [
                2.673139051999338,
                2.6999708610796853
            ],
            "q75%": 2.6928490102096956
        },
        {
            "5sigma": [
                -1.6296321747408435,
                -1.5458290735721334
            ],
            "q90%": -1.555523249068338,
            "q10%": -1.5688590393780453,
            "q99%": -1.5525726066641043,
            "median": -1.5601980073551385,
            "q25%": -1.5640254520991466,
            "q01%": -1.5816761996418145,
            "2sigma": [
                -1.576382666154635,
                -1.553400314096334
            ],
            "sigma": 0.005067358334185368,
            "3sigma": [
                -1.5914741397237469,
                -1.550990184147869
            ],
            "1sigma": [
                -1.566535800777354,
                -1.5564010841089833
            ],
            "q75%": -1.5574395764132998
        },
        {
            "5sigma": [
                0.20103506647125569,
                0.21483828780738073
            ],
            "q90%": 0.2056079192726067,
            "q10%": 0.2033289791821521,
            "q99%": 0.2076457206241429,
            "median": 0.20422865799275572,
            "q25%": 0.2037283491524907,
            "q01%": 0.2026932126831694,
            "2sigma": [
                0.2028914378619885,
                0.20678977690600636
            ],
            "sigma": 0.0008776826065670651,
            "3sigma": [
                0.20225762440218858,
                0.20898433051879978
            ],
            "1sigma": [
                0.20351207366059906,
                0.2052674388737332
            ],
            "q75%": 0.20487162486373478
        },
        {
            "5sigma": [
                -0.010550196448266724,
                -0.009702998758462958
            ],
            "q90%": -0.009878015504239668,
            "q10%": -0.010027922893783509,
            "q99%": -0.009831227830634897,
            "median": -0.009941262877416627,
            "q25%": -0.009983899960850444,
            "q01%": -0.010142752796832692,
            "2sigma": [
                -0.010092732388311487,
                -0.0098476202788574
            ],
            "sigma": 5.691954432936273e-05,
            "3sigma": [
                -0.010215290896334115,
                -0.009796767749996101
            ],
            "1sigma": [
                -0.010005436246048412,
                -0.009891597157389687
            ],
            "q75%": -0.009907779858908856
        },
        {
            "5sigma": [
                0.9851829932913898,
                0.9999990969863127
            ],
            "q90%": 0.9998869734056808,
            "q10%": 0.9975417834240163,
            "q99%": 0.9999873954406465,
            "median": 0.9992508461055972,
            "q25%": 0.9985091398816578,
            "q01%": 0.9951962428808595,
            "2sigma": [
                0.9961729805551007,
                0.9999743561306937
            ],
            "sigma": 0.0009087687178491732,
            "3sigma": [
                0.9928441289887109,
                0.9999972477426613
            ],
            "1sigma": [
                0.9980098239677775,
                0.9998273614034758
            ],
            "q75%": 0.9997062014570623
        },
        {
            "5sigma": [
                58.34415326600854,
                58.86777859575082
            ],
            "q90%": 58.68467347964504,
            "q10%": 58.54621320079948,
            "q99%": 58.74214788053115,
            "median": 58.61728760465629,
            "q25%": 58.57952893583195,
            "q01%": 58.48777660382955,
            "2sigma": [
                58.505805066305875,
                58.716729364289336
            ],
            "sigma": 0.05458646535786471,
            "3sigma": [
                58.4432490010116,
                58.777488554614706
            ],
            "1sigma": [
                58.56064898044548,
                58.66982191116121
            ],
            "q75%": 58.65204538131063
        },
        {
            "5sigma": [
                3.7362279185942717,
                4.121240248940942
            ],
            "q90%": 3.978048424269916,
            "q10%": 3.8722197398971154,
            "q99%": 4.021122422213284,
            "median": 3.9227274809890953,
            "q25%": 3.897187350704993,
            "q01%": 3.8275764804035473,