{
    "marginals": [
        {
            "q75%": 1757.9876203537244,
            "q90%": 1758.8847828618045,
            "q01%": 1751.8963419551856,
            "5sigma": [
                1751.5138362920668,
                1760.5048724236226
            ],
            "2sigma": [
                1752.0762172127475,
                1759.379754379559
            ],
            "sigma": 2.575866864195973,
            "q25%": 1754.2483159178792,
            "3sigma": [
                1751.7283461956629,
                1759.8918776784872
            ],
            "median": 1756.3448543472205,
            "q99%": 1759.5452800243152,
            "q10%": 1752.791765761996,
            "1sigma": [
                1753.379682219404,
                1758.531415947796
            ]
        },
        {
            "q75%": -0.0735687442400538,
            "q90%": -0.07314929555799582,
            "q01%": -0.0762516051459008,
            "5sigma": [
                -0.07969113755415652,
                -0.0718002562635881
            ],
            "2sigma": [
                -0.07597259367755727,
                -0.07273422743159756
            ],
            "sigma": 0.0009334757389805395,
            "q25%": -0.07486890422643724,
            "3sigma": [
                -0.07683353374932983,
                -0.07223820867372052
            ],
            "median": -0.07418847985709254,
            "q99%": -0.07257841826802935,
            "q10%": -0.07543833252378497,
            "1sigma": [
                -0.07519210016369007,
                -0.073325148685729
            ]
        },
        {
            "q75%": -0.012417918895325937,
            "q90%": -0.011942420264727145,
            "q01%": -0.014640929084909935,
            "5sigma": [
                -0.016273420917945407,
                -0.008512450561485956
            ],
            "2sigma": [
                -0.01435060734545471,
                -0.011430336841388259
            ],
            "sigma": 0.0007455278435063084,
            "q25%": -0.013398980132298852,
            "3sigma": [
                -0.014976217066666492,
                -0.010646543933553888
            ],
            "median": -0.012904619845685661,
            "q99%": -0.011138542663167867,
            "q10%": -0.01384593224464223,
            "1sigma": [
                -0.013663072363751545,
                -0.012172016676738928
            ]
        },
        {
            "q75%": 0.005175292328348961,
            "q90%": 0.005287614812470314,
            "q01%": 0.0050011362442471605,
            "5sigma": [
                0.005000075744052277,
                0.006802139814884153
            ],
            "2sigma": [
                0.005003035312419054,
                0.00547369657728016
            ],
            "sigma": 0.0001058025297509934,
            "q25%": 0.005037514689537408,
            "3sigma": [
                0.005000152367943382,
                0.005816001370474508
            ],
            "median": 0.005087846696266358,
            "q99%": 0.0056052159112554125,
            "q10%": 0.005013754936738785,
            "1sigma": [
                0.005022687438110349,
                0.005234292497612336
            ]
        },
        {
            "q75%": 1220.965582433918,
            "q90%": 1507.8743604298038,
            "q01%": 210.60614748679905,
            "5sigma": [
                200.1630843965872,
                1698.635706517846
            ],
            "2sigma": [
                226.73159461910586,
                1643.5317354556723
            ],
            "sigma": 501.9124569696065,
            "q25%": 489.66422302271826,
            "3sigma": [
                201.44466045139183,
                1694.7861372525913
            ],
            "median": 814.8502012825813,
            "q99%": 1673.817547267025,
            "q10%": 323.30244854649493,
            "1sigma": [
                385.00128853038973,
                1388.8262024696028
            ]
        },
        {
            "q75%": 2.3206405412559037,
            "q90%": 2.4204175209859224,
            "q01%": 1.8180058191350423,
            "5sigma": [
                1.3880328801989514,
                2.9572489418995236
            ],
            "2sigma": [
                1.8738402478754246,
                2.5275815661628416
            ],
            "sigma": 0.16658399335400031,
            "q25%": 2.093614045012192,
            "3sigma": [
                1.7159866172083833,
                2.7444731197810017
            ],
            "median": 2.21098068827897,
            "q99%": 2.59067215978537,
            "q10%": 1.996406075842138,
            "1sigma": [
                2.041621191079697,
                2.3747891777876977
            ]
        },
        {
            "q75%": 89.94887521951857,
            "q90%": 89.98065283217869,
            "q01%": 89.20503788971524,
            "5sigma": [
                87.97847776019132,
                89.99991467212163
            ],
            "2sigma": [
                89.37017044473565,
                89.99487538168071
            ],
            "sigma": 0.14625348034397234,
            "q25%": 89.75714218167377,
            "3sigma": [
                88.99859531152545,
                89.9996449310019
            ],
            "median": 89.87889166688728,
            "q99%": 89.99776917781413,
            "q10%": 89.59895371433994,
            "1sigma": [
                89.67637896852472,
                89.96888592921266
            ]
        },
        {
            "q75%": 32.8284955040656,
            "q90%": 33.21056985544856,
            "q01%": 30.777261972192278,
            "5sigma": [
                27.579723205777338,
                34.763573963131236
            ],
            "2sigma": [
                31.08142779353331,
                33.61375963135798
            ],
            "sigma": 0.6055589868816273,
            "q25%": 32.04639499233022,
            "3sigma": [
                30.23009725084015,
                34.210373936866205
            ],
            "median": 32.450679971362064,
            "q99%": 33.78768994652272,
            "q10%": 31.62747569179717,
            "1sigma": [
                31.82120701744441,
                33.032324991207666
            ]
        },
        {
            "q75%": 3.5489631848280725,
            "q90%": 3.8170633718401734,
            "q01%": 2.4651910379285824,
            "5sigma": [
                1.780076958747314,
                6.794900931030564
            ],
            "2sigma": [
                2.5768327487544926,
                4.167009662274237
            ],
            "sigma": 0.39905269899818485,
            "q25%": 3.0215686662120613,
            "3sigma": [
                2.2737694118766414,
                4.813777884406519
            ],
            "median": 3.2642495371774594,
            "q99%": 4.39908917992384,
            "q10%": 2.797935192838566,
            "1sigma": [
                2.897398982705668,
                3.6955043807020376
            ]
        },
        {
            "q75%": 0.1087690707011062,
            "q90%": 0.11369566282212148,
            "q01%": 0.08960697653619865,
            "5sigma": [
                0.0794394600272988,
                0.14959220125588096
            ],
            "2sigma": [
                0.09164712763535704,
                0.11953524993003488
            ],
            "sigma": 0.006945660426525675,
            "q25%": 0.09934823566823406,
            "3sigma": [
                0.08728636775579186,
                0.12916192734304782
            ],
            "median": 0.10406017830730238,
            "q99%": 0.12289093889189047,
            "q10%": 0.09550480393343118,
            "1sigma": [
                0.09734600403866174,
                0.11123732489171309
            ]
        }
    ],
    "global evidence": 49.15529907070998,