{
    "nested sampling global log-evidence": 91.98990803112746,
    "global evidence error": 0.11327441926209464,
    "modes": [
        {
            "local log-evidence error": 0.11327441926209464,
            "strictly local log-evidence error": 0.11327441926209464,
            "index": 0,
            "sigma": [
                0.13316997286122806,
                0.00041094451716171,
                0.00046035416967813347,
                0.00012870623835629046,
                519.2175509768774,
                0.10029575318830859,
                0.17406207195523316,
                0.48899424900736627,
                0.20705398934993793,
                0.00503459360829714
            ],
            "mean": [
                1752.1988435156957,
                -0.06114416598887377,
                -0.022948601311920214,
                0.00013518657151050751,
                1116.7821324068168,
                2.862842794251203,
                89.8028035144403,
                35.22564870075161,
                3.2104862383175785,
                0.07442863303746326
            ],
            "strictly local log-evidence": 87.4932023939942,
            "maximum": [
                1752.1970292951646,
                -0.0606252795820712,
                -0.022900811923685302,
                1.804466018318287e-05,
                1307.6565773037826,
                2.9733195204844276,
                89.98532378873291,
                35.64624649103621,
                3.1091675195334605,
                0.07350128518434926
            ],
            "maximum a posterior": [
                1752.1970292951646,
                -0.0606252795820712,
                -0.022900811923685302,
                1.804466018318287e-05,
                1307.6565773037826,
                2.9733195204844276,
                89.98532378873291,
                35.64624649103621,
                3.1091675195334605,
                0.07350128518434926
            ],
            "local log-evidence": 87.4932023939942
        }
    ],
    "global evidence": 87.4932023939942,
    "nested importance sampling global log-evidence error": 0.11327441926209464,
    "nested sampling global log-evidence error": 0.3450696081402132,
    "marginals": [
        {
            "sigma": 0.10543088030317449,
            "q75%": 1752.2464933255676,
            "2sigma": [
                1751.9959789608888,
                1752.5545383626093
            ],
            "q01%": 1751.9564211112502,
            "q99%": 1752.6529887587433,
            "median": 1752.181567020471,
            "q10%": 1752.061223957201,
            "3sigma": [
                1751.873149882374,
                1752.970736395161
            ],
            "q90%": 1752.3539667339646,
            "1sigma": [
                1752.0869515712573,
                1752.2978133318636
            ],
            "5sigma": [
                1751.5501417303212,
                1754.0104488102718
            ],
            "q25%": 1752.1186306434336
        },
        {
            "sigma": 0.00037288454632717835,
            "q75%": -0.06085047043720922,
            "2sigma": [
                -0.06215566928823528,
                -0.060594843903709554
            ],
            "q01%": -0.06250347512944299,
            "q99%": -0.06055215119886559,
            "median": -0.061071579613421675,
            "q10%": -0.06167886668078996,
            "3sigma": [
                -0.06319495492750626,
                -0.06049457626985992
            ],
            "q90%": -0.06070396739407307,
            "1sigma": [
                -0.06151348911385024,
                -0.06076772002119588
            ],
            "5sigma": [
                -0.06552409215821679,
                -0.06047962496464813
            ],
            "q25%": -0.061345659654538094
        },
        {
            "sigma": 0.00042960533655294654,
            "q75%": -0.02267754292636528,
            "2sigma": [
                -0.023865180175164005,
                -0.022013097083625907
            ],
            "q01%": -0.024058764793716055,
            "q99%": -0.021738726014169273,
            "median": -0.02293902023838325,
            "q10%": -0.023524172910758315,
            "3sigma": [
                -0.02444159389934431,
                -0.021225487415435854
            ],
            "q90%": -0.022382291081659997,
            "1sigma": [
                -0.023394846104402196,
                -0.022535635431296303
            ],
            "5sigma": [
                -0.02582151705836631,
                -0.01956211301987035
            ],
            "q25%": -0.023228323418816962
        },
        {
            "sigma": 0.000110070597589068,
            "q75%": 0.00018798108483656856,
            "2sigma": [
                4.049633200855967e-06,
                0.00046364715288174066
            ],
            "q01%": 1.7253496751949443e-06,
            "q99%": 0.0006082433148841514,
            "median": 9.728495118433179e-05,
            "q10%": 1.7063561735521036e-05,
            "3sigma": [
                3.7902313345447526e-07,
                0.000829348973910574
            ],
            "q90%": 0.0003028858977703958,
            "1sigma": [
                2.5745638326298874e-05,
                0.00024588683350443486
            ],
            "5sigma": [
                7.646064654868629e-08,
                0.0015009843177492494
            ],
            "q25%": 4.2766575791413426e-05
        },
        {
            "sigma": 612.2739850511114,
            "q75%": 1570.1834737185407,
            "2sigma": [
                250.3111553209683,
                1957.8182308027174
            ],
            "q01%": 225.01797046977407,
            "q99%": 1979.9791917449397,
            "median": 1135.6439976086629,
            "q10%": 398.4209567257571,
            "3sigma": [
                205.12597776945904,
                1992.6533494054624
            ],
            "q90%": 1823.8817255584559,
            "1sigma": [
                505.16102193570356,
                1729.7089920379262
            ],
            "5sigma": [
                200.33251669400963,
                1999.659373967753
            ],
            "q25%": 662.5159978705133
        },
        {
            "sigma": 0.09990867535345171,
            "q75%": 2.9436889703866886,
            "2sigma": [
                2.620307990481519,
                2.994121497977728
            ],
            "q01%": 2.569008796726796,
            "q99%": 2.997220383378957,
            "median": 2.8793984639470938,
            "q10%": 2.7264375353354433,
            "3sigma": [
                2.4491565381931313,
                2.99961933774243
            ],
            "q90%": 2.9763136172737417,
            "1sigma": [
                2.7644591219646024,
                2.964276472671506
            ],
            "5sigma": [
                2.109158798378956,
                2.999830574169837
            ],
            "q25%": 2.805079915514482
        },
        {
            "sigma": 0.1590988612924562,
            "q75%": 89.93522009928718,
            "2sigma": [
                89.35679503166575,
                89.99413424372699
            ],
            "q01%": 89.22970014416588,
            "q99%": 89.99743502961661,
            "median": 89.84913055330634,
            "q10%": 89.5582178944114,
            "3sigma": [
                88.98700956775536,
                89.99960219572166
            ],
            "q90%": 89.97585426778777,
            "1sigma": [
                89.64435101827225,
                89.96254874085716
            ],
            "5sigma": [
                88.10182324979645,
                89.999903921837
            ],
            "q25%": 89.72069834433624
        },
        {
            "sigma": 0.4631115173641298,
            "q75%": 35.56019209739622,