{
    "nested importance sampling global log-evidence": 174.1816205031678,
    "nested sampling global log-evidence": 176.53936721549985,
    "nested importance sampling global log-evidence error": 0.0323319835779891,
    "nested sampling global log-evidence error": 0.38184597715447144,
    "global evidence": 174.1816205031678,
    "global evidence error": 0.0323319835779891,
    "marginals": [
        {
            "q25%": 1745.5324887885088,
            "1sigma": [
                1744.7778967014117,
                1750.2898963726677
            ],
            "5sigma": [
                1739.4974027617955,
                1752.6717261630774
            ],
            "q99%": 1752.371976450558,
            "q90%": 1750.8954214168937,
            "q01%": 1742.2166962456297,
            "q75%": 1749.3203332203188,
            "3sigma": [
                1740.8134415108466,
                1752.6251927868757
            ],
            "q10%": 1744.2582297782974,
            "2sigma": [
                1743.0199406305398,
                1751.9027524360138
            ],
            "sigma": 2.7559998356280175,
            "median": 1747.2744511406815
        },
        {
            "q25%": -0.01943865071302581,
            "1sigma": [
                -0.02019883898158708,
                -0.016696894091494642
            ],
            "5sigma": [
                -0.028486600789830743,
                -0.012158888703786435
            ],
            "q99%": -0.014541199361084991,
            "q90%": -0.016292282843058722,
            "q01%": -0.022621300410520826,
            "q75%": -0.017131692149020484,
            "3sigma": [
                -0.024118902471684186,
                -0.013439691528387825
            ],
            "q10%": -0.020814650949655795,
            "2sigma": [
                -0.022091635647579957,
                -0.01519766186586782
            ],
            "sigma": 0.0017509724450462186,
            "median": -0.018191182570956286
        },
        {
            "q25%": -0.07911812908511022,
            "1sigma": [
                -0.07962308575545876,
                -0.0764863924998031
            ],
            "5sigma": [
                -0.08368329361547443,
                -0.0684244908548764
            ],
            "q99%": -0.0743907614004228,
            "q90%": -0.07593411566574104,
            "q01%": -0.0815982539880686,
            "q75%": -0.07705513203846236,
            "3sigma": [
                -0.08256499461030942,
                -0.07318290714233765
            ],
            "q10%": -0.08002621172724514,
            "2sigma": [
                -0.08099058937684522,
                -0.07491070171402849
            ],
            "sigma": 0.0015683466278278296,
            "median": -0.07803299610596294
        },
        {
            "q25%": -0.019225892105183023,
            "1sigma": [
                -0.019414567134158258,
                -0.01814610140494415
            ],
            "5sigma": [
                -0.021181345147688685,
                -0.014810945053996294
            ],
            "q99%": -0.01730374573437983,
            "q90%": -0.017937832332407803,
            "q01%": -0.020246965624993132,
            "q75%": -0.018429317926046747,
            "3sigma": [
                -0.0207011273196687,
                -0.01672210223620161
            ],
            "q10%": -0.019582213567117097,
            "2sigma": [
                -0.020027976003967666,
                -0.017526913949754305
            ],
            "sigma": 0.0006342328646070546,
            "median": -0.01881728982140146
        },
        {
            "q25%": 1418.4145303033365,
            "1sigma": [
                1375.1205898501041,
                1671.0526362011296
            ],
            "5sigma": [
                1090.9303278165837,
                1798.6085642412677
            ],
            "q99%": 1786.7151924233171,
            "q90%": 1705.030380782302,
            "q01%": 1235.2286363569174,
            "q75%": 1618.9300200884222,
            "3sigma": [
                1150.1563656271815,
                1795.9088030499927
            ],
            "q10%": 1346.4347787965628,
            "2sigma": [
                1277.43913484731,
                1760.0975203079695
            ],
            "sigma": 147.96602317551276,
            "median": 1512.044525947328
        },
        {
            "q25%": 1.659485504354204,
            "1sigma": [
                1.639605830547485,
                1.752420753269238
            ],
            "5sigma": [
                1.4053153736773045,
                1.9292414241242741
            ],
            "q99%": 1.8324664318901522,
            "q90%": 1.7707545631818367,
            "q01%": 1.5619906100230907,
            "q75%": 1.7352522823102428,
            "3sigma": [
                1.5206607801339835,
                1.8701099355139505
            ],
            "q10%": 1.6224359620735653,
            "2sigma": [
                1.5812274494249015,
                1.8161011896506356
            ],
            "sigma": 0.05640746136087649,
            "median": 1.6979540946401106
        },
        {
            "q25%": 79.43028340108773,
            "1sigma": [
                79.40224503311431,
                79.574985653827
            ],
            "5sigma": [
                79.19259329616509,
                79.99877978556131
            ],
            "q99%": 79.70722590774436,
            "q90%": 79.60180714051117,
            "q01%": 79.28925060509312,
            "q75%": 79.54723217910248,
            "3sigma": [
                79.24491181344523,
                79.7937724334774
            ],
            "q10%": 79.38124580038429,
            "2sigma": [
                79.32776947076748,
                79.67026039697136
            ],
            "sigma": 0.0863703103563438,
            "median": 79.48735471578335
        },
        {
            "q25%": 21.937848779410746,
            "1sigma": [
                21.849314123914464,
                22.31440834835923
            ],
            "5sigma": [
                20.909364791794673,
                23.149129025178485
            ],
            "q99%": 22.634733274313657,
            "q90%": 22.387460519544796,
            "q01%": 21.47787357477761,
            "q75%": 22.237854813621748,
            "3sigma": [
                21.31625665522027,
                22.86662439398472
            ],
            "q10%": 21.784839358175734,
            "2sigma": [
                21.58339862390112,
                22.554198334417855
            ],
            "sigma": 0.23254711222238278,
            "median": 22.087051254194435
        },
        {
            "q25%": 2.0959171944145942,
            "1sigma": [
                2.04477693772249,
                2.3370548164788647
            ],
            "5sigma": [
                1.4091196149854954,
                3.0978605635844385
            ],
            "q99%": 2.5598288707556143,
            "q90%": 2.3843960880213846,
            "q01%": 1.8470428811199193,
            "q75%": 2.289167859199316,
            "3sigma": [
                1.7640157570546395,
                2.678742417815899
            ],
            "q10%": 2.0037128885708935,
            "2sigma": [
                1.9006281510331684,
                2.4974347613058225
            ],
            "sigma": 0.14613893937818734,
            "median": 2.1903087519927444
        },
        {
            "q25%": 0.03193628031723423,
            "1sigma": [
                0.03131556717397117,
                0.035406291832670335
            ],
            "5sigma": [
                0.025047999326795276,
                0.047459355305487665
            ],
            "q99%": 0.03879916227837384,
            "q90%": 0.036093638306490976,
            "q01%": 0.02918593784196245,
            "q75%": 0.034678043890680445,