{
    "marginals": [
        {
            "q99%": 1753.3900315290407,
            "1sigma": [
                1746.8141629211516,
                1752.2047483365325
            ],
            "q90%": 1752.63351081507,
            "median": 1749.695159649887,
            "q25%": 1747.5751650824282,
            "q75%": 1751.5527163351596,
            "q10%": 1746.272883792644,
            "3sigma": [
                1744.8239419271665,
                1753.4981770714592
            ],
            "2sigma": [
                1745.3862346477856,
                1753.22276067146
            ],
            "sigma": 2.6952927076904416,
            "q01%": 1745.1974270437747,
            "5sigma": [
                1744.4288308009118,
                1753.5280922483958
            ]
        },
        {
            "q99%": -0.04769290463408938,
            "1sigma": [
                -0.05146792729184604,
                -0.048686384474021696
            ],
            "q90%": -0.04839504005129852,
            "median": -0.050052969702495044,
            "q25%": -0.05098106844902455,
            "q75%": -0.04914242109950684,
            "q10%": -0.05197517323583661,
            "3sigma": [
                -0.05519025880247907,
                -0.04747124587697196
            ],
            "2sigma": [
                -0.05330938059695133,
                -0.04782785272625626
            ],
            "sigma": 0.0013907714089121705,
            "q01%": -0.0540769467043941,
            "5sigma": [
                -0.05909707751454972,
                -0.04739022610624903
            ]
        },
        {
            "q99%": -0.030107062247294158,
            "1sigma": [
                -0.03538945547179372,
                -0.03289597088416153
            ],
            "q90%": -0.03228580414103718,
            "median": -0.034525849156474726,
            "q25%": -0.03515536354118763,
            "q75%": -0.03354561727505889,
            "q10%": -0.035551590512964394,
            "3sigma": [
                -0.03647721686919908,
                -0.02896523717425527
            ],
            "2sigma": [
                -0.03590590911313121,
                -0.03088516987975755
            ],
            "sigma": 0.001246742293816095,
            "q01%": -0.036151999553028204,
            "5sigma": [
                -0.03782245681535425,
                -0.024903135386726786
            ]
        },
        {
            "q99%": -0.002826347208472684,
            "1sigma": [
                -0.004865216966495093,
                -0.003927985422163586
            ],
            "q90%": -0.0036849162356231277,
            "median": -0.004544606494395541,
            "q25%": -0.0047888402360350074,
            "q75%": -0.0041759918468103905,
            "q10%": -0.004912269623892649,
            "3sigma": [
                -0.004998518413449299,
                -0.0023816022860007014
            ],
            "2sigma": [
                -0.004978895009518172,
                -0.0031262277315359547
            ],
            "sigma": 0.00046861577216575313,
            "q01%": -0.004992255607739668,
            "5sigma": [
                -0.004999342648229658,
                -0.0007183816565917469
            ]
        },
        {
            "q99%": 1981.3802436936016,
            "1sigma": [
                498.1484679034186,
                1720.9650472853991
            ],
            "q90%": 1821.7865037482381,
            "median": 1139.5870595564822,
            "q25%": 663.4727887026761,
            "q75%": 1570.8084532478222,
            "q10%": 384.7862123400961,
            "3sigma": [
                201.3971700109252,
                1997.2359537685952
            ],
            "2sigma": [
                247.91266834249524,
                1948.807924293521
            ],
            "sigma": 611.4082896909903,
            "q01%": 217.00605023768347,
            "5sigma": [
                200.00831846907363,
                1999.3438390088204
            ]
        },
        {
            "q99%": 2.9994248234139422,
            "1sigma": [
                2.8998628056631834,
                2.9897358674882373
            ],
            "q90%": 2.9936015651860175,
            "median": 2.9604536234603427,
            "q25%": 2.9246569814745635,
            "q75%": 2.9829105117051236,
            "q10%": 2.8795906773964965,
            "3sigma": [
                2.6990667292527597,
                2.9999262968280513
            ],
            "2sigma": [
                2.8139052667261266,
                2.9987448730661384
            ],
            "sigma": 0.04493653091252692,
            "q01%": 2.771033503409448,
            "5sigma": [
                2.324747139449394,
                2.9999934937319317
            ]
        },
        {
            "q99%": 89.16357023725722,
            "1sigma": [
                87.8334559440931,
                88.47653746616601
            ],
            "q90%": 88.6075110980708,
            "median": 88.13162185003445,
            "q25%": 87.93152476601676,
            "q75%": 88.35838212019296,
            "q10%": 87.75831655790653,
            "3sigma": [
                87.22338320299914,
                89.48156077676815
            ],
            "2sigma": [
                87.58568134483403,
                88.98363572016878
            ],
            "sigma": 0.32154076103645224,
            "q01%": 87.45884877295177,
            "5sigma": [
                86.5707286488037,
                89.97324177338109
            ]
        },
        {
            "q99%": 35.465721756058706,
            "1sigma": [
                33.453360321230356,
                34.498447604390336
            ],
            "q90%": 34.67642970826107,
            "median": 33.95757268992613,
            "q25%": 33.61798517021883,
            "q75%": 34.310601783258285,
            "q10%": 33.3101954336617,
            "3sigma": [
                32.331789669283175,
                36.06774151596635
            ],
            "2sigma": [
                32.95696322974565,
                35.19575566054658
            ],
            "sigma": 0.5225436415799898,
            "q01%": 32.75964891980817,
            "5sigma": [
                30.664056432522194,
                37.3443247184828
            ]
        },
        {
            "q99%": 3.5970561049752527,
            "1sigma": [
                2.997624584863637,
                3.3416970392698038
            ],
            "q90%": 3.3982524089703916,
            "median": 3.1645762205950403,
            "q25%": 3.0463225391183553,
            "q75%": 3.28387146432526,
            "q10%": 2.947832030675106,
            "3sigma": [
                2.6743932463546294,
                3.747472466192322
            ],
            "2sigma": [
                2.832731572543169,
                3.521849178643194
            ],
            "sigma": 0.17203622720308331,
            "q01%": 2.7813091257956186,
            "5sigma": [
                2.3204317894617748,
                4.361561049044558
            ]
        },
        {
            "q99%": 0.07637703728668864,
            "1sigma": [
                0.06066517373265569,
                0.06927648327192638
            ],
            "q90%": 0.07064764669889281,
            "median": 0.06482007807820617,
            "q25%": 0.06192867477962142,
            "q75%": 0.0678351506558871,
            "q10%": 0.05976632846940316,
            "3sigma": [
                0.05379045746942331,
                0.0801840730642234
            ],
            "2sigma": [
                0.05724532809174956,
                0.07441740988849521
            ],
            "sigma": 0.0043056547696353475,
            "q01%": 0.055794952509673104,
            "5sigma": [
                0.04659865642224647,
                0.09542599041286794
            ]
        }
    ],