{
    "modes": [
        {
            "mean": [
                1755.9428245811462,
                -0.07429155492986343,
                -0.012910760430633765,
                0.005128095580669933,
                891.8003267509821,
                2.210893800909724,
                89.82496415356333,
                32.43360142208929,
                3.292234695731915,
                0.10452216622505928
            ],
            "strictly local log-evidence error": 0.034552001981634176,
            "sigma": [
                2.359478727762101,
                0.0009343539762468586,
                0.0007461117088515055,
                0.00012508371416213647,
                456.70229780841964,
                0.17090170082936812,
                0.16595243185495442,
                0.6283256709777503,
                0.4117352765015732,
                0.007212542625993356
            ],
            "local log-evidence error": 0.034552001981634176,
            "maximum": [
                1756.363290755541,
                -0.07375924850274242,
                -0.012820143167318304,
                0.00502889785057646,
                798.8357822495767,
                2.276777042103126,
                89.96780331700222,
                32.64928422967796,
                3.0141971003766117,
                0.10185816347310742
            ],
            "index": 0,
            "maximum a posterior": [
                1756.363290755541,
                -0.07375924850274242,
                -0.012820143167318304,
                0.00502889785057646,
                798.8357822495767,
                2.276777042103126,
                89.96780331700222,
                32.64928422967796,
                3.0141971003766117,
                0.10185816347310742
            ],
            "strictly local log-evidence": 48.4554136652258,
            "local log-evidence": 48.4554136652258
        }
    ],
    "nested importance sampling global log-evidence": 48.4554136652258,
    "global evidence error": 0.034552001981634176,
    "marginals": [
        {
            "q25%": 1754.0023045248242,
            "1sigma": [
                1752.9942727397877,
                1758.5233406263774
            ],
            "median": 1756.3018442190235,
            "sigma": 2.7645339432948504,
            "q01%": 1751.374816215465,
            "5sigma": [
                1750.9117441741394,
                1761.4566334111162
            ],
            "2sigma": [
                1751.5471198582375,
                1759.3594511369488
            ],
            "q75%": 1757.9769273892678,
            "3sigma": [
                1751.2149071057247,
                1759.9882772709652
            ],
            "q90%": 1758.9056246918583,
            "q99%": 1759.55614708573,
            "q10%": 1752.3972496153438
        },
        {
            "q25%": -0.07495043944221892,
            "1sigma": [
                -0.0753111180237448,
                -0.07333515129399015
            ],
            "median": -0.07422138895791591,
            "sigma": 0.0009879833648773206,
            "q01%": -0.07658296751678983,
            "5sigma": [
                -0.07968282413461045,
                -0.07193078398465613
            ],
            "2sigma": [
                -0.07617806824894986,
                -0.07269703214767277
            ],
            "q75%": -0.07358850897842212,
            "3sigma": [
                -0.07729939993763657,
                -0.07206929911963893
            ],
            "q90%": -0.07312596746182155,
            "q99%": -0.07248847327576408,
            "q10%": -0.0755601037668417
        },
        {
            "q25%": -0.013412805305430731,
            "1sigma": [
                -0.013670218972742577,
                -0.012166129130623501
            ],
            "median": -0.012908353305543255,
            "sigma": 0.000752044921059538,
            "q01%": -0.014588263076688096,
            "5sigma": [
                -0.016697728555842603,
                -0.008287119687280985
            ],
            "2sigma": [
                -0.014362056338013457,
                -0.01145763840231252
            ],
            "q75%": -0.012408398705622763,
            "3sigma": [
                -0.015202437638051652,
                -0.010667814911824954
            ],
            "q90%": -0.011960876263790892,
            "q99%": -0.011151372999969912,
            "q10%": -0.01388103391479447
        },
        {
            "q25%": 0.005038387303979482,
            "1sigma": [
                0.005023532386446633,
                0.005236576628048929
            ],
            "median": 0.005089567751580698,
            "sigma": 0.00010652212080114768,
            "q01%": 0.005001706563454108,
            "5sigma": [
                0.0050000637330077395,
                0.006671152360715414
            ],
            "2sigma": [
                0.005004589860051671,
                0.005463247809416405
            ],
            "q75%": 0.005179479509721981,
            "3sigma": [
                0.005000204139789981,
                0.005809485855935519
            ],
            "q90%": 0.005287865047661649,
            "q99%": 0.005577824331822042,
            "q10%": 0.005014775521661952
        },
        {
            "q25%": 497.5425056006855,
            "1sigma": [
                390.37285162270825,
                1461.7780723404167
            ],
            "median": 827.515177055801,
            "sigma": 535.7026103588541,
            "q01%": 212.01484565326172,
            "5sigma": [
                200.53618114745785,
                1799.789552929595
            ],
            "2sigma": [
                229.0568033618717,
                1739.205144641566
            ],
            "q75%": 1273.089343593775,
            "3sigma": [
                202.28090279203502,
                1797.723187652714
            ],
            "q90%": 1576.420103781254,
            "q99%": 1773.5400447112245,
            "q10%": 315.82511227251206
        },
        {
            "q25%": 2.0942722670079728,
            "1sigma": [
                2.0363495837609373,
                2.3827826061349064
            ],
            "median": 2.2078945711247853,
            "sigma": 0.17321651118698456,
            "q01%": 1.8216144768680103,
            "5sigma": [
                1.408108046265756,
                2.9932385270848836
            ],
            "2sigma": [
                1.8862592301900294,
                2.5615491937252
            ],
            "q75%": 2.3256709778737195,
            "3sigma": [
                1.708788547073128,
                2.7279971513950025
            ],
            "q90%": 2.4298640833298895,
            "q99%": 2.615184381751996,
            "q10%": 1.9937108274127422
        },
        {
            "q25%": 89.75693372720454,
            "1sigma": [
                89.67782128379325,
                89.96651625872127
            ],
            "median": 89.87106986873209,
            "sigma": 0.14434748746401027,
            "q01%": 89.24482042137905,
            "5sigma": [
                88.03089477735408,
                89.99996680845412
            ],
            "2sigma": [
                89.38715703262608,
                89.99516252533932
            ],
            "q75%": 89.94465435293932,
            "3sigma": [
                88.9109574620962,
                89.99968814314308
            ],
            "q90%": 89.97834281476518,
            "q99%": 89.99795647402101,
            "q10%": 89.6077681704768
        },
        {
            "q25%": 32.039768067634206,
            "1sigma": [
                31.833127134604876,
                33.05577956682865
            ],
            "median": 32.452030558056514,
            "sigma": 0.6113262161118858,
            "q01%": 30.793780794879755,