{
    "nested importance sampling global log-evidence": 49.4608518527409,
    "modes": [
        {
            "maximum a posterior": [
                1758.8370806722521,
                -0.07286333953275488,
                -0.012529245663819383,
                0.0050234198004179215,
                313.38678303776345,
                2.330709483421243,
                89.96045460681185,
                32.75279987129438,
                3.266545845523765,
                0.10077575982671083
            ],
            "sigma": [
                2.191249842680454,
                0.000862973325928063,
                0.0007260402761102839,
                0.00012041814091791643,
                424.4689595959911,
                0.16670585886263753,
                0.16498094234456298,
                0.6342112921754693,
                0.39870385658124297,
                0.007116392102695278
            ],
            "strictly local log-evidence error": 0.19825447542957902,
            "local log-evidence error": 0.19825447542957902,
            "local log-evidence": 49.4608518527409,
            "strictly local log-evidence": 49.4608518527409,
            "index": 0,
            "mean": [
                1756.1617913223406,
                -0.07419901377597708,
                -0.012890598279004394,
                0.0051231611046065155,
                849.2770010894374,
                2.215660455896711,
                89.82620338173703,
                32.45219839909991,
                3.2820465234246363,
                0.10407484507187581
            ],
            "maximum": [
                1758.8370806722521,
                -0.07286333953275488,
                -0.012529245663819383,
                0.0050234198004179215,
                313.38678303776345,
                2.330709483421243,
                89.96045460681185,
                32.75279987129438,
                3.266545845523765,
                0.10077575982671083
            ]
        }
    ],
    "marginals": [
        {
            "q75%": 1758.0843666351514,
            "q99%": 1759.5344333772969,
            "1sigma": [
                1753.545194033799,
                1758.6386310722876
            ],
            "sigma": 2.5467185192443367,
            "q10%": 1752.9252168860419,
            "q25%": 1754.3707276769985,
            "3sigma": [
                1751.7309179425697,
                1759.7249313369891
            ],
            "median": 1756.4243882550757,
            "q01%": 1751.894823106293,
            "q90%": 1758.9379906311767,
            "2sigma": [
                1752.076133835395,
                1759.370499872702
            ],
            "5sigma": [
                1751.437256022631,
                1760.7828194571564
            ]
        },
        {
            "q75%": -0.07354270772526615,
            "q99%": -0.07252920815735389,
            "1sigma": [
                -0.07514032545271374,
                -0.07331862661005681
            ],
            "sigma": 0.0009108494213284635,
            "q10%": -0.0753498357066608,
            "q25%": -0.07482131101474913,
            "3sigma": [
                -0.07677666356285216,
                -0.07214902462149739
            ],
            "median": -0.07410906546535456,
            "q01%": -0.07629796471044417,
            "q90%": -0.07311686027624922,
            "2sigma": [
                -0.07594935877660455,
                -0.0727323330826175
            ],
            "5sigma": [
                -0.07993435326648216,
                -0.07203384108631428
            ]
        },
        {
            "q75%": -0.012403054193284252,
            "q99%": -0.011172502550309917,
            "1sigma": [
                -0.013618025804493873,
                -0.012139727535287727
            ],
            "sigma": 0.0007391491346030732,
            "q10%": -0.013806320185279341,
            "q25%": -0.013373152246186668,
            "3sigma": [
                -0.015062280098577295,
                -0.010691588350649863
            ],
            "median": -0.012898967437388671,
            "q01%": -0.014549262361963812,
            "q90%": -0.011954395205487673,
            "2sigma": [
                -0.014294382058256984,
                -0.0114818792783097
            ],
            "5sigma": [
                -0.016539199999078675,
                -0.008711686214330768
            ]
        },
        {
            "q75%": 0.005170065297895525,
            "q99%": 0.00555121544669891,
            "1sigma": [
                0.005023733255363796,
                0.005222401156392237
            ],
            "sigma": 9.933395051422034e-05,
            "q10%": 0.005014392290516832,
            "q25%": 0.005036897440318722,
            "3sigma": [
                0.005000276912234568,
                0.005766884800196583
            ],
            "median": 0.005085235240759936,
            "q01%": 0.0050013547221630554,
            "q90%": 0.005283450727916113,
            "2sigma": [
                0.005002945250327939,
                0.005446494468144712
            ],
            "5sigma": [
                0.005000093109067929,
                0.006674544207972784
            ]
        },
        {
            "q75%": 1199.8290764730689,
            "q99%": 1669.996823208981,
            "1sigma": [
                368.48250660560757,
                1357.4259520074418
            ],
            "sigma": 494.4717227009171,
            "q10%": 309.69651556209425,
            "q25%": 471.4470607825593,
            "3sigma": [
                201.30792147039355,
                1693.100788231457
            ],
            "median": 795.9503796232977,
            "q01%": 212.91192886721635,
            "q90%": 1475.998846508605,
            "2sigma": [
                227.48983947648415,
                1643.6914016456553
            ],
            "5sigma": [
                200.52505828205486,
                1699.7128354728654
            ]
        },
        {
            "q75%": 2.3216221676573467,
            "q99%": 2.6111677695640165,
            "1sigma": [
                2.0484724735667514,
                2.3828238833029216
            ],
            "sigma": 0.16717570486808508,
            "q10%": 2.007053549038432,
            "q25%": 2.1074670461711773,
            "3sigma": [
                1.7133484855399461,
                2.6946821970496995
            ],
            "median": 2.215431436663055,
            "q01%": 1.8136302139318803,
            "q90%": 2.4295215043575342,
            "2sigma": [
                1.8833030452210666,
                2.550177239621494
            ],
            "5sigma": [
                1.3877315232169816,
                2.9662818792141503
            ]
        },
        {
            "q75%": 89.94589339482653,
            "q99%": 89.99730970611512,
            "1sigma": [
                89.67997217725872,
                89.96639966182924
            ],
            "sigma": 0.14321374228526196,
            "q10%": 89.6086944597871,
            "q25%": 89.75715443988457,
            "3sigma": [
                88.94758152492867,
                89.99948674060214
            ],
            "median": 89.87363337718091,
            "q01%": 89.24031869749032,
            "q90%": 89.97940767408147,
            "2sigma": [
                89.39695751656332,
                89.99474060475362
            ],
            "5sigma": [
                87.9991228193336,
                89.99995127367127
            ]
        },
        {
            "q75%": 32.87370079601732,
            "q99%": 33.83207285147289,
            "1sigma": [
                31.83398207137738,
                33.074166970430234
            ],
            "sigma": 0.6200924495264264,
            "q10%": 31.645163559053245,
            "q25%": 32.0653226268728,