{
    "marginals": [
        {
            "2sigma": [
                1725.696540935128,
                1748.530367441312
            ],
            "1sigma": [
                1729.7341667405535,
                1743.4154066239198
            ],
            "q10%": 1728.4386378824863,
            "q99%": 1749.5668837253556,
            "q25%": 1731.0421123673784,
            "sigma": 6.840619941683144,
            "3sigma": [
                1723.3354935900147,
                1750.5655848821002
            ],
            "5sigma": [
                1722.6936956159957,
                1750.7489699300154
            ],
            "q75%": 1740.9243283346143,
            "q90%": 1745.5112788535832,
            "median": 1734.5500091655547,
            "q01%": 1724.7188956348218
        },
        {
            "2sigma": [
                -0.02660339322553559,
                -0.01827371178732777
            ],
            "1sigma": [
                -0.024111416864505363,
                -0.019772283367835018
            ],
            "q10%": -0.024869124124914464,
            "q99%": -0.017926289892824267,
            "q25%": -0.023244735112270303,
            "sigma": 0.002169566748335173,
            "3sigma": [
                -0.028374699342126185,
                -0.017504732300024944
            ],
            "5sigma": [
                -0.03222664574308532,
                -0.0171379003443158
            ],
            "q75%": -0.020346095733195957,
            "q90%": -0.019310292768166412,
            "median": -0.021655249810967406,
            "q01%": -0.027535866228258966
        },
        {
            "2sigma": [
                -0.0827179842415429,
                -0.07553356265491101
            ],
            "1sigma": [
                -0.08137566380934456,
                -0.07735199479483972
            ],
            "q10%": -0.08183412228039999,
            "q99%": -0.07466704722325483,
            "q25%": -0.08072474130557884,
            "sigma": 0.0020118345072524246,
            "3sigma": [
                -0.08449456718547263,
                -0.07322283605166373
            ],
            "5sigma": [
                -0.08468196455336496,
                -0.07003299071200632
            ],
            "q75%": -0.07807996044301457,
            "q90%": -0.07683951390944223,
            "median": -0.07942255262774975,
            "q01%": -0.08322732098667805
        },
        {
            "2sigma": [
                -0.020051708909822826,
                -0.017450814049764028
            ],
            "1sigma": [
                -0.019507146032018707,
                -0.0181768677610199
            ],
            "q10%": -0.019692359291987392,
            "q99%": -0.01711527516417356,
            "q25%": -0.019265435237833424,
            "sigma": 0.0006651391354994037,
            "3sigma": [
                -0.020803410838394477,
                -0.0166744411397281
            ],
            "5sigma": [
                -0.02090033565479299,
                -0.015359175061313207
            ],
            "q75%": -0.018415522119293416,
            "q90%": -0.01799185388421041,
            "median": -0.018857312719335367,
            "q01%": -0.020281389351666387
        },
        {
            "2sigma": [
                344.6026550286541,
                1570.873739048241
            ],
            "1sigma": [
                578.7466056445118,
                1295.1473636149767
            ],
            "q10%": 503.04763703099184,
            "q99%": 1633.1743364612266,
            "q25%": 660.2900422357669,
            "sigma": 358.2003789852325,
            "3sigma": [
                217.63697605307573,
                1687.8032834060898
            ],
            "5sigma": [
                202.55078250978386,
                1694.9747664957283
            ],
            "q75%": 1166.541580729416,
            "q90%": 1410.1634538206279,
            "median": 839.3913804466264,
            "q01%": 275.7171735527154
        },
        {
            "2sigma": [
                1.5674547757669326,
                1.786675990275846
            ],
            "1sigma": [
                1.625309948732571,
                1.7305973628131932
            ],
            "q10%": 1.6079611490894985,
            "q99%": 1.8085268031201855,
            "q25%": 1.644050070068099,
            "sigma": 0.05264370704031107,
            "3sigma": [
                1.500029464814405,
                1.8428001751064569
            ],
            "5sigma": [
                1.3968716262565561,
                1.8640790001703336
            ],
            "q75%": 1.714092557366563,
            "q90%": 1.746869845788177,
            "median": 1.68005637519838,
            "q01%": 1.5453905179634166
        },
        {
            "2sigma": [
                79.33536792012065,
                79.68014145101232
            ],
            "1sigma": [
                79.4151958933811,
                79.58491250377716
            ],
            "q10%": 79.391679398599,
            "q99%": 79.7147221752809,
            "q25%": 79.44120809830564,
            "sigma": 0.08485830519803272,
            "3sigma": [
                79.26365790918096,
                79.79027057736465
            ],
            "5sigma": [
                79.15828704492182,
                80.0473355280428
            ],
            "q75%": 79.55450483696222,
            "q90%": 79.61296984565371,
            "median": 79.49920707938433,
            "q01%": 79.30540892534306
        },
        {
            "2sigma": [
                21.55444856870794,
                22.49763143389332
            ],
            "1sigma": [
                21.80553778941064,
                22.26072110431747
            ],
            "q10%": 21.740470742167453,
            "q99%": 22.558517115354153,
            "q25%": 21.87992740971216,
            "sigma": 0.2275916574534147,
            "3sigma": [
                21.27024202715612,
                22.722728514085553
            ],
            "5sigma": [
                20.81060709356443,
                22.990861221300705
            ],
            "q75%": 22.181769345977767,
            "q90%": 22.327014301473127,
            "median": 22.034175496614584,
            "q01%": 21.45862900886162
        },
        {
            "2sigma": [
                1.9368617793963074,
                2.49482285559752
            ],
            "1sigma": [
                2.0655217428459474,
                2.349976664979518
            ],
            "q10%": 2.029524524822463,
            "q99%": 2.551940917194593,
            "q25%": 2.109581822216051,
            "sigma": 0.1422274610667853,
            "3sigma": [
                1.7939385823242116,
                2.6922979979247783
            ],
            "5sigma": [
                1.5913638774986711,
                3.1655158885262376
            ],
            "q75%": 2.3042304906375843,
            "q90%": 2.3906935385134984,
            "median": 2.210044220840312,
            "q01%": 1.8912722104315631
        },
        {
            "2sigma": [
                0.02964498963644074,
                0.037806499533088324
            ],
            "1sigma": [
                0.03133397089634815,
                0.035511612106311805
            ],
            "q10%": 0.030895646252669155,
            "q99%": 0.03895040584047972,
            "q25%": 0.031926891346327806,
            "sigma": 0.0020888206049818267,
            "3sigma": [
                0.028023691494773326,
                0.04059933470668417
            ],
            "5sigma": [
                0.025593542014926515,
                0.047163190111972064
            ],
            "q75%": 0.034804560538201176,
            "q90%": 0.036149146973488255,
            "median": 0.033298023880820295,
            "q01%": 0.028844857621339974
        }
    ],