{
    "modes": [
        {
            "index": 0,
            "local log-evidence error": 0.022098272198131458,
            "maximum a posterior": [
                1752.193274951268,
                -0.06058214531604978,
                -0.0229252639042212,
                2.669973520962318e-06,
                1186.1612983747632,
                2.9732952261960874,
                89.9068856535774,
                35.6691614844719,
                3.153964380951449,
                0.07033782683893942
            ],
            "maximum": [
                1752.193274951268,
                -0.06058214531604978,
                -0.0229252639042212,
                2.669973520962318e-06,
                1186.1612983747632,
                2.9732952261960874,
                89.9068856535774,
                35.6691614844719,
                3.153964380951449,
                0.07033782683893942
            ],
            "sigma": [
                0.14091600170864277,
                0.00042557423752077547,
                0.00047365057988681597,
                0.00013256746859167818,
                517.1423749898655,
                0.1043625339177916,
                0.17972494271951248,
                0.49750928196064387,
                0.2079109465898804,
                0.005300780133598242
            ],
            "mean": [
                1752.2012291842536,
                -0.06114747042214398,
                -0.022958132961608042,
                0.00013455700964810216,
                1099.0144193654785,
                2.860468196475872,
                89.79904417677203,
                35.20923357189684,
                3.2138405576279188,
                0.07473124675702433
            ],
            "strictly local log-evidence error": 0.022098272198131458,
            "strictly local log-evidence": 87.31365970969928,
            "local log-evidence": 87.31365970969928
        }
    ],
    "nested importance sampling global log-evidence error": 0.022098272198131458,
    "marginals": [
        {
            "2sigma": [
                1751.981032952935,
                1752.5416053460015
            ],
            "sigma": 0.11073311028815169,
            "1sigma": [
                1752.0858781481047,
                1752.307344368681
            ],
            "median": 1752.1808697244787,
            "q99%": 1752.691930472044,
            "q75%": 1752.2546119478986,
            "q90%": 1752.3667495676764,
            "q25%": 1752.1201020479327,
            "5sigma": [
                1751.612616214094,
                1754.0127913321062
            ],
            "q01%": 1751.9349290824277,
            "q10%": 1752.0558322939598,
            "3sigma": [
                1751.8474853548369,
                1753.0071246845225
            ]
        },
        {
            "2sigma": [
                -0.06223071555618473,
                -0.06059127106416776
            ],
            "sigma": 0.0003859295346910485,
            "1sigma": [
                -0.061529984203252265,
                -0.06075812513387017
            ],
            "median": -0.06105756951997751,
            "q99%": -0.06054623699135331,
            "q75%": -0.06084407278554991,
            "q90%": -0.060702918118212636,
            "q25%": -0.06135703812499517,
            "5sigma": [
                -0.06620351154779387,
                -0.06040294878337178
            ],
            "q01%": -0.06258432711979349,
            "q10%": -0.061683471515852246,
            "3sigma": [
                -0.06329284634027034,
                -0.06048964670870955
            ]
        },
        {
            "2sigma": [
                -0.023918874645993456,
                -0.02201110944771209
            ],
            "sigma": 0.00043243088923700275,
            "1sigma": [
                -0.023408137689581797,
                -0.02254327591110779
            ],
            "median": -0.02294805354651903,
            "q99%": -0.02173943287440114,
            "q75%": -0.022666139618813096,
            "q90%": -0.022406094705915137,
            "q25%": -0.023242825687125594,
            "5sigma": [
                -0.026114351869482397,
                -0.019196903364343713
            ],
            "q01%": -0.02414983209427479,
            "q10%": -0.023553193290552096,
            "3sigma": [
                -0.024585526747080488,
                -0.021208487927310525
            ]
        },
        {
            "2sigma": [
                2.669273884246999e-06,
                0.0004807083694365312
            ],
            "sigma": 0.0001118450948290272,
            "1sigma": [
                2.3676652678750952e-05,
                0.00024736684233680534
            ],
            "median": 9.602418139493008e-05,
            "q99%": 0.0006002689029880459,
            "q75%": 0.00018372273027258054,
            "q90%": 0.00030728621112066727,
            "q25%": 4.006185938134115e-05,
            "5sigma": [
                1.7615773855110665e-08,
                0.001926905580564415
            ],
            "q01%": 9.524282704288284e-07,
            "q10%": 1.3952917584810049e-05,
            "3sigma": [
                2.1256066644255834e-08,
                0.000895324760072391
            ]
        },
        {
            "2sigma": [
                240.553608154159,
                1946.9642891161525
            ],
            "sigma": 612.4376824455874,
            "1sigma": [
                485.8020396765566,
                1710.6774045677314
            ],
            "median": 1098.893561079996,
            "q99%": 1977.3204148641842,
            "q75%": 1544.1785685594825,
            "q90%": 1810.1891326493617,
            "q25%": 655.336335219083,
            "5sigma": [
                200.08846493520088,
                1998.5090699896457
            ],
            "q01%": 218.00924507792362,
            "q10%": 381.60055002616866,
            "3sigma": [
                203.0754897211244,
                1996.560362096001
            ]
        },
        {
            "2sigma": [
                2.6113942032661486,
                2.9935923487797025
            ],
            "sigma": 0.10351863256299798,
            "1sigma": [
                2.7561753352612977,
                2.9632126003872936
            ],
            "median": 2.8828394409058364,
            "q99%": 2.9974906865008824,
            "q75%": 2.9411931312657016,
            "q90%": 2.97652674834186,
            "q25%": 2.8013657742336613,
            "5sigma": [
                2.087540198868717,
                2.999977656320398
            ],
            "q01%": 2.54262974037893,
            "q10%": 2.716733596473192,
            "3sigma": [
                2.4450570873653734,
                2.999399701095835
            ]
        },
        {
            "2sigma": [
                89.32582751627501,
                89.99422569964936
            ],
            "sigma": 0.16131810329602558,
            "1sigma": [
                89.63562201521769,
                89.95825822180974
            ],
            "median": 89.85040229747715,
            "q99%": 89.99755615453147,
            "q75%": 89.931798955497,
            "q90%": 89.97421938566309,
            "q25%": 89.71232282748302,
            "5sigma": [
                88.00101820819452,
                89.99999205999795
            ],
            "q01%": 89.1934177981762,
            "q10%": 89.56404306797843,
            "3sigma": [
                88.85454924109195,
                89.99964293578623
            ]
        },
        {
            "2sigma": [
                34.08843118445717,
                36.05188055932175
            ],
            "sigma": 0.47663261690295755,
            "1sigma": [
                34.733840541926654,
                35.68710577573257
            ],
            "median": 35.25805079042882,
            "q99%": 36.167230959066465,