{
    "global evidence": 85.04261423535355,
    "marginals": [
        {
            "q90%": 1752.3718112349318,
            "q01%": 1751.9746973638348,
            "sigma": 0.10426175577401864,
            "5sigma": [
                1751.6551409681524,
                1753.831181972795
            ],
            "2sigma": [
                1752.013920610166,
                1752.560289772192
            ],
            "q99%": 1752.6803533039301,
            "q10%": 1752.0780367888156,
            "q25%": 1752.1387219358346,
            "q75%": 1752.2650121665897,
            "median": 1752.194161463433,
            "1sigma": [
                1752.1060887855463,
                1752.3146122970943
            ],
            "3sigma": [
                1751.888609055009,
                1752.9349547092302
            ]
        },
        {
            "q90%": -0.06070234679894548,
            "q01%": -0.062493420899271776,
            "sigma": 0.0003695404254027354,
            "5sigma": [
                -0.06558227130757505,
                -0.060474676074225665
            ],
            "2sigma": [
                -0.06211587757545278,
                -0.06059646119213872
            ],
            "q99%": -0.060550589298943816,
            "q10%": -0.061646858705042856,
            "q25%": -0.0613354385018742,
            "q75%": -0.060842707723324424,
            "median": -0.06104112799554491,
            "1sigma": [
                -0.0614928470710701,
                -0.06075376622026463
            ],
            "3sigma": [
                -0.06315241860783825,
                -0.06051116084547522
            ]
        },
        {
            "q90%": -0.022428125610652067,
            "q01%": -0.02409948145356103,
            "sigma": 0.0004067385532114075,
            "5sigma": [
                -0.026345961979977163,
                -0.019518980190558727
            ],
            "2sigma": [
                -0.02386461516153481,
                -0.022067628931149424
            ],
            "q99%": -0.02185832078088345,
            "q10%": -0.02351768475675216,
            "q25%": -0.023218948421637846,
            "q75%": -0.022687005520677806,
            "median": -0.02295533241819851,
            "1sigma": [
                -0.023361650813586748,
                -0.022548173707163933
            ],
            "3sigma": [
                -0.024504887642976217,
                -0.021177005312810405
            ]
        },
        {
            "q90%": 0.0002909126134629389,
            "q01%": 1.4795866819328552e-06,
            "sigma": 0.00010523262705001282,
            "5sigma": [
                6.101113437877922e-08,
                0.001796772180493132
            ],
            "2sigma": [
                3.6203709847709227e-06,
                0.0004671074123831215
            ],
            "q99%": 0.0005806913726148439,
            "q10%": 1.5752570487520062e-05,
            "q25%": 4.02050060990503e-05,
            "q75%": 0.0001843952210881655,
            "median": 9.537991623040263e-05,
            "1sigma": [
                2.5082398272263237e-05,
                0.00023554765237228888
            ],
            "3sigma": [
                2.7632481713672714e-07,
                0.0008539225493377321
            ]
        },
        {
            "q90%": 1624.3800343929713,
            "q01%": 217.02656597329053,
            "sigma": 544.2196833438913,
            "5sigma": [
                200.34960837201535,
                1799.1888385867687
            ],
            "2sigma": [
                238.3599155036894,
                1755.4942925450778
            ],
            "q99%": 1779.478083767178,
            "q10%": 357.91489098547703,
            "q25%": 592.3102012101839,
            "q75%": 1377.1265532351895,
            "median": 990.1983481661402,
            "1sigma": [
                440.6452928389186,
                1529.0846595267012
            ],
            "3sigma": [
                203.11590797657203,
                1796.5573471965618
            ]
        },
        {
            "q90%": 2.976446918562968,
            "q01%": 2.5740291607342844,
            "sigma": 0.09955955258027327,
            "5sigma": [
                2.086590774301896,
                2.9998940424057183
            ],
            "2sigma": [
                2.6258494777420736,
                2.9934202432814745
            ],
            "q99%": 2.9972196245182596,
            "q10%": 2.7241211273372232,
            "q25%": 2.8062499136168024,
            "q75%": 2.9382776806853848,
            "median": 2.8808415612977907,
            "1sigma": [
                2.762129147194988,
                2.9612482523555346
            ],
            "3sigma": [
                2.4433483021525997,
                2.9995152852842817
            ]
        },
        {
            "q90%": 89.97354633131357,
            "q01%": 89.25306436456857,
            "sigma": 0.15647857044362468,
            "5sigma": [
                87.82374423893043,
                89.99969558024009
            ],
            "2sigma": [
                89.36534587839056,
                89.99384136426225
            ],
            "q99%": 89.99747425034634,
            "q10%": 89.57287702610388,
            "q25%": 89.7222297129111,
            "q75%": 89.93045904344558,
            "median": 89.84932116776146,
            "1sigma": [
                89.64445130192574,
                89.95740844281299
            ],
            "3sigma": [
                88.95007552270853,
                89.99942879927853
            ]
        },
        {
            "q90%": 35.76944810147082,
            "q01%": 33.90367583756456,
            "sigma": 0.43990927233046406,
            "5sigma": [
                31.000019615312148,
                37.00667093834489
            ],
            "2sigma": [
                34.20071583904151,
                36.04575425181438
            ],
            "q99%": 36.183515595236976,
            "q10%": 34.63332690375863,
            "q25%": 34.941076309330114,
            "q75%": 35.52143707543949,
            "median": 35.24383629740165,
            "1sigma": [
                34.783325796563524,
                35.66314434122445
            ],
            "3sigma": [
                33.2013957068327,
                36.46544712780292
            ]
        },
        {
            "q90%": 3.465287495476377,
            "q01%": 2.781015114133316,
            "sigma": 0.20086254095792833,
            "5sigma": [
                2.2883929672455623,
                4.658554409767419
            ],
            "2sigma": [
                2.8430845429393514,
                3.638675899102683
            ],
            "q99%": 3.730343902376038,
            "q10%": 2.9627799328639224,
            "q25%": 3.0705795832315426,
            "q75%": 3.3416860181287764,
            "median": 3.204918767284746,
            "1sigma": [
                3.007863364436637,
                3.4095884463524935
            ],
            "3sigma": [
                2.640955384204341,
                3.95121395751785
            ]
        },
        {
            "q90%": 0.08134717327217164,
            "q01%": 0.06410886055694513,
            "sigma": 0.004884869906001073,
            "5sigma": [
                0.05429568733204865,
                0.10661291145157543
            ],
            "2sigma": [
                0.06564123974421583,
                0.08558612591705603
            ],
            "q99%": 0.08766320463401574,
            "q10%": 0.0685482521384538,
            "q25%": 0.07130838504519577,
            "q75%": 0.07781212624544608,
            "median": 0.07429373857640896,
            "1sigma": [
                0.06981796807451714,
                0.07958770788651928
            ],
            "3sigma": [
                0.061963471419092066,
                0.09263766011272272
            ]
        }
    ],