{
    "marginals": [
        {
            "2sigma": [
                1751.6644794832855,
                1759.3571751343145
            ],
            "1sigma": [
                1753.0538409621972,
                1758.573174905994
            ],
            "q75%": 1757.9954511394612,
            "sigma": 2.759666971898355,
            "q99%": 1759.5114665829788,
            "q90%": 1758.8992725567593,
            "q25%": 1754.0535095374164,
            "q10%": 1752.535077816971,
            "5sigma": [
                1751.0533321455189,
                1760.6531292378565
            ],
            "median": 1756.1465522457331,
            "q01%": 1751.4198661146913,
            "3sigma": [
                1751.2046615653182,
                1759.828789359481
            ]
        },
        {
            "2sigma": [
                -0.07609106627125278,
                -0.07276048148293453
            ],
            "1sigma": [
                -0.0752649519925458,
                -0.07334308609092755
            ],
            "q75%": -0.07362540454689492,
            "sigma": 0.0009609329508091305,
            "q99%": -0.07258583341384908,
            "q90%": -0.07315194383723728,
            "q25%": -0.07493442673810616,
            "q10%": -0.07551419618343468,
            "5sigma": [
                -0.07969364093283653,
                -0.07183112058326205
            ],
            "median": -0.0742285231216167,
            "q01%": -0.07643119533611353,
            "3sigma": [
                -0.07707060122584333,
                -0.07223696335232882
            ]
        },
        {
            "2sigma": [
                -0.014320426402915849,
                -0.01147399593500588
            ],
            "1sigma": [
                -0.013634389286093672,
                -0.01221385518341761
            ],
            "q75%": -0.012446656056124505,
            "sigma": 0.0007102670513380307,
            "q99%": -0.011120754744861246,
            "q90%": -0.012013245446303233,
            "q25%": -0.013409528206155609,
            "q10%": -0.013837533894049741,
            "5sigma": [
                -0.016504369274657447,
                -0.008451868146242327
            ],
            "median": -0.01294230859752695,
            "q01%": -0.01462286940547349,
            "3sigma": [
                -0.015132650173429487,
                -0.01059213837363517
            ]
        },
        {
            "2sigma": [
                0.00500336935422895,
                0.005445940493192419
            ],
            "1sigma": [
                0.005023859056181099,
                0.005229513585778439
            ],
            "q75%": 0.005174750790715656,
            "sigma": 0.00010282726479866975,
            "q99%": 0.005549516756057987,
            "q90%": 0.0052857628187627246,
            "q25%": 0.005038626203836063,
            "q10%": 0.005014827868409496,
            "5sigma": [
                0.005000014518954622,
                0.006763814760085537
            ],
            "median": 0.00509047430078311,
            "q01%": 0.005001268370935864,
            "3sigma": [
                0.005000124969790113,
                0.005740430007303045
            ]
        },
        {
            "2sigma": [
                230.51696838707528,
                1728.1770608162742
            ],
            "1sigma": [
                378.57792845609055,
                1455.0922692643974
            ],
            "q75%": 1262.2401490168259,
            "sigma": 538.2571704041534,
            "q99%": 1764.0392399987431,
            "q90%": 1552.316040794732,
            "q25%": 496.37369218364694,
            "q10%": 314.92000381977186,
            "5sigma": [
                200.254845389757,
                1799.551009514132
            ],
            "median": 852.6631261592687,
            "q01%": 211.692681457164,
            "3sigma": [
                202.13806214912188,
                1794.283327474805
            ]
        },
        {
            "2sigma": [
                1.8821867347725647,
                2.5417422414414625
            ],
            "1sigma": [
                2.0409113814224242,
                2.379297241055688
            ],
            "q75%": 2.3210696441985696,
            "sigma": 0.16919292981663192,
            "q99%": 2.6134161021808255,
            "q90%": 2.4290278688697886,
            "q25%": 2.095208791821122,
            "q10%": 1.9959507941748675,
            "5sigma": [
                1.3707392573412955,
                2.981092149955483
            ],
            "median": 2.202276982446761,
            "q01%": 1.8204550997896294,
            "3sigma": [
                1.6998306692901695,
                2.744017289519655
            ]
        },
        {
            "2sigma": [
                89.39789672180534,
                89.9965706560719
            ],
            "1sigma": [
                89.68912180071885,
                89.96902219339896
            ],
            "q75%": 89.94700444184994,
            "sigma": 0.13995019634005246,
            "q99%": 89.99902591620135,
            "q90%": 89.98162191361185,
            "q25%": 89.75767394713795,
            "q10%": 89.60850811902897,
            "5sigma": [
                87.6469098619049,
                89.99991684652609
            ],
            "median": 89.87798283185006,
            "q01%": 89.2550155513041,
            "3sigma": [
                88.96889328784745,
                89.99984024189806
            ]
        },
        {
            "2sigma": [
                31.19591608066256,
                33.5747444014186
            ],
            "1sigma": [
                31.84513468097059,
                33.0390889550914
            ],
            "q75%": 32.85133022674904,
            "sigma": 0.5969771370604047,
            "q99%": 33.75635868814876,
            "q90%": 33.20182076404044,
            "q25%": 32.04799493687187,
            "q10%": 31.646967412345056,
            "5sigma": [
                27.65129200666154,
                34.882947017327886
            ],
            "median": 32.466398325350745,
            "q01%": 30.862844491251263,
            "3sigma": [
                30.13329601603166,
                34.19549733420651
            ]
        },
        {
            "2sigma": [
                2.573420224714934,
                4.141193219293836
            ],
            "1sigma": [
                2.9031304023703193,
                3.6819219174968407
            ],
            "q75%": 3.5495583171810945,
            "sigma": 0.3893957575632607,
            "q99%": 4.344226327558987,
            "q90%": 3.8003883409699344,
            "q25%": 3.0094721693216737,
            "q10%": 2.804793441859068,
            "5sigma": [
                1.660439393916397,
                7.052295770766396
            ],
            "median": 3.271303271095526,
            "q01%": 2.4452895883190244,
            "3sigma": [
                2.2838566854028235,
                4.867691718938353
            ]
        },
        {
            "2sigma": [
                0.09159087776829297,
                0.11939056180723488
            ],
            "1sigma": [
                0.09715737760175229,
                0.11151009546792218
            ],
            "q75%": 0.10895517709977266,
            "sigma": 0.007176358933084943,
            "q99%": 0.12258422309760031,
            "q90%": 0.11383505421617755,
            "q25%": 0.09934547127027347,
            "q10%": 0.09544560175932425,
            "5sigma": [
                0.07552340284979978,
                0.15114816101272652
            ],
            "median": 0.10421421399820395,
            "q01%": 0.08967733375246352,
            "3sigma": [
                0.08690299092054478,
                0.12842106145939294
            ]
        }
    ],