{
    "marginals": [
        {
            "q99%": 46.87722598887509,
            "3sigma": [
                46.87722598227318,
                46.87722598897042
            ],
            "5sigma": [
                46.877225969818724,
                46.877225988977855
            ],
            "q75%": 46.877225987499685,
            "q10%": 46.87722598532153,
            "2sigma": [
                46.87722598424744,
                46.87722598872837
            ],
            "q01%": 46.87722598369192,
            "q25%": 46.87722598589012,
            "median": 46.877225986605,
            "sigma": 1.162018037348389e-09,
            "q90%": 46.87722598822128,
            "1sigma": [
                46.877225985643456,
                46.87722598796749
            ]
        },
        {
            "q99%": 49.71255643683037,
            "3sigma": [
                49.712556420939826,
                49.71255643690918
            ],
            "5sigma": [
                49.7125564144355,
                49.71255643691164
            ],
            "q75%": 49.71255643535275,
            "q10%": 49.71255642807467,
            "2sigma": [
                49.71255642422918,
                49.712556436679996
            ],
            "q01%": 49.71255642290035,
            "q25%": 49.71255643237134,
            "median": 49.71255643440762,
            "sigma": 2.2291466450496955e-09,
            "q90%": 49.71255643596775,
            "1sigma": [
                49.71255643119266,
                49.71255643565095
            ]
        },
        {
            "q99%": 46.8275188797281,
            "3sigma": [
                46.82751876470725,
                46.827518880114525
            ],
            "5sigma": [
                46.8275185539312,
                46.827518880176314
            ],
            "q75%": 46.82751887245753,
            "q10%": 46.82751884847406,
            "2sigma": [
                46.82751882637516,
                46.82751887912621
            ],
            "q01%": 46.82751881923262,
            "q25%": 46.827518861695886,
            "median": 46.82751886944153,
            "sigma": 8.842302889888742e-09,
            "q90%": 46.82751887596953,
            "1sigma": [
                46.8275188564386,
                46.82751887412321
            ]
        },
        {
            "q99%": 42.74596945849329,
            "3sigma": [
                42.74596940730192,
                42.74596946033016
            ],
            "5sigma": [
                42.74596940524804,
                42.74596946087265
            ],
            "q75%": 42.745969440201016,
            "q10%": 42.745969421433614,
            "2sigma": [
                42.7459694150691,
                42.745969455940056
            ],
            "q01%": 42.74596941307441,
            "q25%": 42.7459694295059,
            "median": 42.745969436905625,
            "sigma": 8.515229410477332e-09,
            "q90%": 42.745969445730886,
            "1sigma": [
                42.74596942534979,
                42.74596944238025
            ]
        },
        {
            "q99%": 43.51356296843099,
            "3sigma": [
                43.513562928958066,
                43.51356296889213
            ],
            "5sigma": [
                43.51356290519465,
                43.51356296901458
            ],
            "q75%": 43.51356296403525,
            "q10%": 43.513562951938006,
            "2sigma": [
                43.51356294726592,
                43.5135629677585
            ],
            "q01%": 43.51356294335777,
            "q25%": 43.51356295629884,
            "median": 43.51356296064368,
            "sigma": 5.6586451080420375e-09,
            "q90%": 43.513562966058615,
            "1sigma": [
                43.51356295381711,
                43.5135629651344
            ]
        },
        {
            "q99%": 49.79487011101623,
            "3sigma": [
                49.79487009034701,
                49.79487011143308
            ],
            "5sigma": [
                49.794870025145,
                49.794870111602705
            ],
            "q75%": 49.794870106519106,
            "q10%": 49.79487009730083,
            "2sigma": [
                49.79487009486554,
                49.794870110454454
            ],
            "q01%": 49.794870092872074,
            "q25%": 49.79487009906568,
            "median": 49.794870102354544,
            "sigma": 4.799570518798646e-09,
            "q90%": 49.794870108445146,
            "1sigma": [
                49.79487009794439,
                49.79487010754353
            ]
        },
        {
            "q99%": 0.6832907987711869,
            "3sigma": [
                0.6832907975286076,
                0.683290798795602
            ],
            "5sigma": [
                0.683290797195422,
                0.6832907988004883
            ],
            "q75%": 0.6832907984527291,
            "q10%": 0.6832907978098142,
            "2sigma": [
                0.6832907976701159,
                0.6832907987186116
            ],
            "q01%": 0.6832907976249225,
            "q25%": 0.6832907979939733,
            "median": 0.6832907983321275,
            "sigma": 3.119022262687565e-10,
            "q90%": 0.6832907985882163,
            "1sigma": [
                0.6832907978992865,
                0.6832907985230909
            ]
        },
        {
            "q99%": 5.947963640771087,
            "3sigma": [
                5.947963636270175,
                5.947963640943673
            ],
            "5sigma": [
                5.947963628068226,
                5.947963640993847
            ],
            "q75%": 5.9479636379627525,
            "q10%": 5.947963636802195,
            "2sigma": [
                5.947963636532581,
                5.947963640428778
            ],
            "q01%": 5.947963636427151,
            "q25%": 5.947963637082526,
            "median": 5.947963637463367,
            "sigma": 6.331326574127161e-10,
            "q90%": 5.947963638376014,
            "1sigma": [
                5.94796363693041,
                5.947963638196676
            ]
        },
        {
            "q99%": 14.216085489394631,
            "3sigma": [
                14.21608548622054,
                14.216085489409034
            ],
            "5sigma": [
                14.21608548334415,
                14.216085489410288
            ],
            "q75%": 14.216085489092663,
            "q10%": 14.216085487704207,
            "2sigma": [
                14.216085486995727,
                14.216085489375029
            ],
            "q01%": 14.21608548671939,
            "q25%": 14.216085488356926,
            "median": 14.216085488785804,
            "sigma": 5.122400281720729e-10,
            "q90%": 14.216085489277534,
            "1sigma": [
                14.216085488181776,
                14.216085489206256
            ]
        }
    ],
    "global evidence error": 0.059668383137993615,
    "global evidence": -1287319236900.0093,
    "nested importance sampling global log-evidence error": 0.059668383137993615,
    "nested sampling global log-evidence": -1287319236900.964,
    "nested sampling global log-evidence error": NaN,
    "modes": [
        {
            "maximum a posterior": [
                46.8772259860248,
                49.71255643527897,
                46.82751887176754,
                42.74596943783666,
                43.51356296588466,
                49.794870097302336,
                0.6832907983818798,
                5.947963637034853,
                14.216085489341552
            ],
            "strictly local log-evidence": -1287319236900.0093,