{
    "nested importance sampling global log-evidence": -24841.89504052306,
    "marginals": [
        {
            "q99%": 2999.999955298084,
            "1sigma": [
                2999.9930871390548,
                2999.999245531608
            ],
            "5sigma": [
                2999.9475694217485,
                2999.999997701633
            ],
            "q10%": 2999.9913276675957,
            "sigma": 0.003079196276530638,
            "median": 2999.9972631248997,
            "q90%": 2999.999533874062,
            "q75%": 2999.9987883495173,
            "2sigma": [
                2999.9862241405413,
                2999.999888440067
            ],
            "3sigma": [
                2999.9763059178067,
                2999.9999941310343
            ],
            "q25%": 2999.9945655046026,
            "q01%": 2999.983082830669
        },
        {
            "q99%": 2999.9998622970015,
            "1sigma": [
                2999.9790817112216,
                2999.997735756791
            ],
            "5sigma": [
                2999.8463676733622,
                2999.9999996022384
            ],
            "q10%": 2999.973932977224,
            "sigma": 0.009327022784646033,
            "median": 2999.9916512697177,
            "q90%": 2999.9986513104527,
            "q75%": 2999.996369434608,
            "2sigma": [
                2999.9589895989393,
                2999.999688187325
            ],
            "3sigma": [
                2999.9225955037805,
                2999.9999854663383
            ],
            "q25%": 2999.983992881666,
            "q01%": 2999.94518558611
        },
        {
            "q99%": 828.4911094739758,
            "1sigma": [
                827.2499420412979,
                827.9927324293769
            ],
            "5sigma": [
                825.8186180798426,
                829.2999383211442
            ],
            "q10%": 827.1556040602738,
            "sigma": 0.3713951940395077,
            "median": 827.6176423329783,
            "q90%": 828.0867437979952,
            "q75%": 827.8791585640842,
            "2sigma": [
                826.9047024155703,
                828.3407493385481
            ],
            "3sigma": [
                826.5888892898313,
                828.7294510628128
            ],
            "q25%": 827.3703552344961,
            "q01%": 826.7758055418038
        },
        {
            "q99%": -2999.814968587188,
            "1sigma": [
                -2999.992104310727,
                -2999.92563766931
            ],
            "5sigma": [
                -2999.999994593438,
                -2999.426244008886
            ],
            "q10%": -2999.9947982637946,
            "sigma": 0.03323332070840479,
            "median": -2999.970378165528,
            "q90%": -2999.905525824176,
            "q75%": -2999.942358259306,
            "2sigma": [
                -2999.998900635781,
                -2999.84826096738
            ],
            "3sigma": [
                -2999.999952758381,
                -2999.754625243442
            ],
            "q25%": -2999.9870845623172,
            "q01%": -2999.999639044255
        },
        {
            "q99%": 1157.8005874962892,
            "1sigma": [
                1156.5992877127849,
                1157.3203403828668
            ],
            "5sigma": [
                1155.4654467909847,
                1158.785363603516
            ],
            "q10%": 1156.503425448358,
            "sigma": 0.36052633504095866,
            "median": 1156.9635090751663,
            "q90%": 1157.4215806112315,
            "q75%": 1157.2099967398692,
            "2sigma": [
                1156.2844256945243,
                1157.6688467577828
            ],
            "3sigma": [
                1155.8590249018741,
                1157.9950746396723
            ],
            "q25%": 1156.707864095499,
            "q01%": 1156.1334793551678
        },
        {
            "q99%": 1.9999789915421649,
            "1sigma": [
                1.99690175954694,
                1.999697399354722
            ],
            "5sigma": [
                1.976479000683221,
                1.999999495400551
            ],
            "q10%": 1.996181501479032,
            "sigma": 0.0013978199038909844,
            "median": 1.9988103387809013,
            "q90%": 1.999808123967708,
            "q75%": 1.9994859316956723,
            "2sigma": [
                1.9940088206955784,
                1.999949718728394
            ],
            "3sigma": [
                1.9887088452050279,
                1.9999957988003572
            ],
            "q25%": 1.997606655037607,
            "q01%": 1.992654999446202
        },
        {
            "q99%": 70.42141249445564,
            "1sigma": [
                69.5737369694667,
                70.07848073431948
            ],
            "5sigma": [
                68.7941176312545,
                70.96421739031041
            ],
            "q10%": 69.50402128289382,
            "sigma": 0.2523718824263952,
            "median": 69.8256099424683,
            "q90%": 70.15080296925116,
            "q75%": 69.99449768554578,
            "2sigma": [
                69.34323713474176,
                70.32242106226025
            ],
            "3sigma": [
                69.09318142161709,
                70.57618018137653
            ],
            "q25%": 69.65456868687434,
            "q01%": 69.25446976914252
        },
        {
            "q99%": 25.22983016018317,
            "1sigma": [
                23.7225174729679,
                24.65168227006828
            ],
            "5sigma": [
                22.271883252468925,
                26.36717639967415
            ],
            "q10%": 23.595341057569094,
            "sigma": 0.46458239855019023,
            "median": 24.20053554587038,
            "q90%": 24.77815160785048,
            "q75%": 24.49671626375886,
            "2sigma": [
                23.292920926841642,
                25.05622028074939
            ],
            "3sigma": [
                22.77601622815999,
                25.53640775348449
            ],
            "q25%": 23.87149214991098,
            "q01%": 23.102970456178813
        },
        {
            "q99%": 9.998127198647682,
            "1sigma": [
                9.705677125269569,
                9.967972932356831
            ],
            "5sigma": [
                8.19392468148489,
                9.99998989133904
            ],
            "q10%": 9.642510393094323,
            "sigma": 0.13114790354363137,
            "median": 9.88262618875394,
            "q90%": 9.979309321935224,
            "q75%": 9.949029289194884,
            "2sigma": [
                9.449880622445123,
                9.994679652090845
            ],
            "3sigma": [
                9.051062407685304,
                9.999649068221949
            ],
            "q25%": 9.773584669819577,
            "q01%": 9.321676679775772
        },
        {
            "q99%": 0.9999996939549787,
            "1sigma": [
                0.999962372390117,
                0.9999960566440036
            ],
            "5sigma": [
                0.9997433249681329,
                0.9999999951412437
            ],
            "q10%": 0.9999541081462973,
            "sigma": 1.6842126943306113e-05,
            "median": 0.9999851832639542,
            "q90%": 0.9999974194557124,
            "q75%": 0.999993720730456,
            "2sigma": [
                0.9999280589381461,
                0.9999993989696068
            ],
            "3sigma": [
                0.9998728379427764,
                0.9999999648112649
            ],
            "q25%": 0.9999706563816358,
            "q01%": 0.9999136963659019
        }
    ],
    "nested sampling global log-evidence error": 0.4374990746898076,