{
    "nested importance sampling global log-evidence": 31.036987873031876,
    "global evidence": 31.036987873031876,
    "nested sampling global log-evidence": 34.72317919321432,
    "global evidence error": 0.007796115300935014,
    "modes": [
        {
            "local log-evidence error": 0.007796115300935014,
            "maximum": [
                3275.3464131576384,
                4138.224813888641,
                -4051.9289378060025,
                2005.8389616236682,
                -405.69880714350484,
                1.2740520430121025,
                76.96836769964273,
                39.99087545802446,
                9.900306802536186,
                0.03292864421138642
            ],
            "index": 0,
            "mean": [
                3280.205727456854,
                4107.833507422766,
                -3986.552222598959,
                1948.1580769426666,
                -387.9564342782202,
                1.435775751805568,
                73.53006944169599,
                36.099883193594316,
                7.376678288214646,
                0.03746314060432769
            ],
            "maximum a posterior": [
                3275.3464131576384,
                4138.224813888641,
                -4051.9289378060025,
                2005.8389616236682,
                -405.69880714350484,
                1.2740520430121025,
                76.96836769964273,
                39.99087545802446,
                9.900306802536186,
                0.03292864421138642
            ],
            "local log-evidence": 31.036987873031876,
            "strictly local log-evidence": 31.036987873031876,
            "strictly local log-evidence error": 0.007796115300935014,
            "sigma": [
                10.337152220568711,
                58.26501308252442,
                121.95489179587166,
                107.89901436777907,
                33.554851249526784,
                0.23023637536701222,
                6.699824117184671,
                7.1874406696733075,
                3.806160572613276,
                0.004422809048274661
            ]
        }
    ],
    "nested sampling global log-evidence error": 0.38556650249702146,
    "marginals": [
        {
            "2sigma": [
                3263.7150570412095,
                3305.5060808122953
            ],
            "median": 3278.7414370540537,
            "q01%": 3260.892655861086,
            "q25%": 3273.3760515537692,
            "3sigma": [
                3255.7977412729556,
                3323.2068658998205
            ],
            "q10%": 3268.7465317888073,
            "q75%": 3285.373126118597,
            "1sigma": [
                3270.8962345071764,
                3289.583768118925
            ],
            "q90%": 3293.98563362482,
            "q99%": 3311.2716278866305,
            "5sigma": [
                3243.2335678971212,
                3356.4091945857217
            ],
            "sigma": 9.343766805874338
        },
        {
            "2sigma": [
                3962.4396879527544,
                4189.133997930346
            ],
            "median": 4122.269531716278,
            "q01%": 3935.244311040164,
            "q25%": 4083.980224049098,
            "3sigma": [
                3884.008349467066,
                4222.953426170393
            ],
            "q10%": 4019.1869954833196,
            "q75%": 4146.659833249302,
            "1sigma": [
                4047.52066337633,
                4157.5691684685235
            ],
            "q90%": 4166.716904429276,
            "q99%": 4201.649789863134,
            "5sigma": [
                3748.487312995056,
                4279.176247548375
            ],
            "sigma": 55.024252546096704
        },
        {
            "2sigma": [
                -4135.263876111167,
                -3691.2308851730504
            ],
            "median": -4026.7906335828147,
            "q01%": -4154.594707357847,
            "q25%": -4065.9649143785014,
            "3sigma": [
                -4191.64552675329,
                -3562.3162720627647
            ],
            "q10%": -4098.935506589076,
            "q75%": -3957.0629651141367,
            "1sigma": [
                -4083.9111373011765,
                -3831.5839265232485
            ],
            "q90%": -3780.304917491258,
            "q99%": -3644.964548868159,
            "5sigma": [
                -4285.17831908679,
                -3361.783077239791
            ],
            "sigma": 126.16360538896402
        },
        {
            "2sigma": [
                1694.4367305992378,
                2066.496957534728
            ],
            "median": 1988.7013018141784,
            "q01%": 1663.2044568503159,
            "q25%": 1939.6549256389458,
            "3sigma": [
                1604.662188771962,
                2106.335541184926
            ],
            "q10%": 1756.320137924862,
            "q75%": 2016.9277804397677,
            "1sigma": [
                1791.646881068081,
                2029.5861295221987
            ],
            "q90%": 2040.5511936000466,
            "q99%": 2079.317253410264,
            "5sigma": [
                1465.0976604373702,
                2177.1235484139916
            ],
            "sigma": 118.96962422705883
        },
        {
            "2sigma": [
                -422.39529954462625,
                -311.11892587071463
            ],
            "median": -401.4856709086415,
            "q01%": -425.49049748268834,
            "q25%": -408.9318859851152,
            "3sigma": [
                -432.5591792375217,
                -288.3166330755917
            ],
            "q10%": -415.10948160481223,
            "q75%": -388.5590481082069,
            "1sigma": [
                -412.30524491997176,
                -336.088690205651
            ],
            "q90%": -326.75140877835526,
            "q99%": -302.6842480443942,
            "5sigma": [
                -452.54572575105345,
                -251.93548828552275
            ],
            "sigma": 38.108277357160375
        },
        {
            "2sigma": [
                1.1550085756236965,
                1.9719645511077688
            ],
            "median": 1.356365866813168,
            "q01%": 1.1223373894556232,
            "q25%": 1.282294965738612,
            "3sigma": [
                1.0668174498508938,
                1.9981118717097393
            ],
            "q10%": 1.2239868875628284,
            "q75%": 1.4976395160912694,
            "1sigma": [
                1.2506102177865244,
                1.7448160001559179
            ],
            "q90%": 1.8709349726005768,
            "q99%": 1.988198025122558,
            "5sigma": [
                0.6488959066250877,
                1.9999018154661379
            ],
            "sigma": 0.24710289118469675
        },
        {
            "2sigma": [
                60.15604458672997,
                77.64056093759618
            ],
            "median": 76.89794997679114,
            "q01%": 60.06811748078641,
            "q25%": 76.48353700517555,
            "3sigma": [
                60.01610428329972,
                78.06773614061146
            ],
            "q10%": 60.566549793525546,
            "q75%": 77.15853517290832,
            "1sigma": [
                60.9498285619662,
                77.28223605563552
            ],
            "q90%": 77.38670904960895,
            "q99%": 77.78424305427878,
            "5sigma": [
                60.002014743215355,
                79.03686611125664
            ],
            "sigma": 8.166203746834661
        },
        {
            "2sigma": [
                21.272494670375135,
                39.99443411869218
            ],
            "median": 39.84198666702164,
            "q01%": 20.76178440027034,
            "q25%": 39.47631480038427,