{
    "marginals": [
        {
            "q90%": 2999.9995646330644,
            "sigma": 0.0030799881674283824,
            "q10%": 2999.9915350442475,
            "5sigma": [
                2999.948621678079,
                2999.999998188987
            ],
            "3sigma": [
                2999.974523146118,
                2999.999992435745
            ],
            "1sigma": [
                2999.9931655011055,
                2999.9993254774404
            ],
            "2sigma": [
                2999.986246081244,
                2999.999894301485
            ],
            "median": 2999.9972770721797,
            "q01%": 2999.9827302349404,
            "q25%": 2999.994768901721,
            "q99%": 2999.999963584703,
            "q75%": 2999.998857108234
        },
        {
            "q90%": 2999.9987347189535,
            "sigma": 0.009825759805607959,
            "q10%": 2999.9735450185144,
            "5sigma": [
                2999.8521371059346,
                2999.9999994869836
            ],
            "3sigma": [
                2999.9258541265613,
                2999.999977246627
            ],
            "1sigma": [
                2999.978251682119,
                2999.9979032017304
            ],
            "2sigma": [
                2999.9574905815757,
                2999.9997026874094
            ],
            "median": 2999.99184000672,
            "q01%": 2999.946490408333,
            "q25%": 2999.983646015743,
            "q99%": 2999.9998615877707,
            "q75%": 2999.9965517029414
        },
        {
            "q90%": 828.1003786655483,
            "sigma": 0.3726514568078869,
            "q10%": 827.1520534738986,
            "5sigma": [
                826.0554632774328,
                829.3813620819762
            ],
            "3sigma": [
                826.5241301976675,
                828.6955673278901
            ],
            "1sigma": [
                827.2565668967453,
                828.0018698103611
            ],
            "2sigma": [
                826.8932806012568,
                828.346248939764
            ],
            "median": 827.6227519644842,
            "q01%": 826.7672837033151,
            "q25%": 827.3732851222406,
            "q99%": 828.4847520018554,
            "q75%": 827.8768413064579
        },
        {
            "q90%": -2999.9044708699116,
            "sigma": 0.034805184525112054,
            "q10%": -2999.995445083259,
            "5sigma": [
                -2999.999996573591,
                -2999.4927801599256
            ],
            "3sigma": [
                -2999.9999715394306,
                -2999.733561879789
            ],
            "1sigma": [
                -2999.992823355568,
                -2999.9232129865177
            ],
            "2sigma": [
                -2999.999026936002,
                -2999.845181886763
            ],
            "median": -2999.970974928477,
            "q01%": -2999.9996227758334,
            "q25%": -2999.9880475538293,
            "q99%": -2999.809124729107,
            "q75%": -2999.942839336419
        },
        {
            "q90%": 1157.416221179918,
            "sigma": 0.35661038420130353,
            "q10%": 1156.4981105635259,
            "5sigma": [
                1155.255699428943,
                1158.4403274756653
            ],
            "3sigma": [
                1155.8718889434228,
                1158.0314666654472
            ],
            "1sigma": [
                1156.6040104004517,
                1157.3172311688543
            ],
            "2sigma": [
                1156.258098207332,
                1157.6688852798113
            ],
            "median": 1156.9570624650007,
            "q01%": 1156.13463695938,
            "q25%": 1156.7197252315732,
            "q99%": 1157.7976803040576,
            "q75%": 1157.2087111775097
        },
        {
            "q90%": 1.9998085054741745,
            "sigma": 0.0014300337094085291,
            "q10%": 1.9959949117021496,
            "5sigma": [
                1.9778521046915616,
                1.9999998951128386
            ],
            "3sigma": [
                1.9886127949984047,
                1.9999977288203636
            ],
            "1sigma": [
                1.9968289395100072,
                1.9996890069288242
            ],
            "2sigma": [
                1.993843984593946,
                1.999956799635436
            ],
            "median": 1.998782693162395,
            "q01%": 1.9918508079181338,
            "q25%": 1.9976489644440227,
            "q99%": 1.9999853220734032,
            "q75%": 1.999487054761833
        },
        {
            "q90%": 70.14115186541223,
            "sigma": 0.2511840042101241,
            "q10%": 69.4995930986584,
            "5sigma": [
                68.79017331443578,
                70.96673965540224
            ],
            "3sigma": [
                69.09390073289119,
                70.57584039595375
            ],
            "1sigma": [
                69.57200207343612,
                70.07437008185637
            ],
            "2sigma": [
                69.32951022111064,
                70.31864577792852
            ],
            "median": 69.82515639570104,
            "q01%": 69.23959257582837,
            "q25%": 69.65630902132844,
            "q99%": 70.4152412410247,
            "q75%": 69.99194702851345
        },
        {
            "q90%": 24.801090508902124,
            "sigma": 0.4692317487978137,
            "q10%": 23.584944209145434,
            "5sigma": [
                22.165326243161203,
                26.590164536356106
            ],
            "3sigma": [
                22.829081558390588,
                25.496019739181996
            ],
            "1sigma": [
                23.726743583407774,
                24.665207081003402
            ],
            "2sigma": [
                23.295523591999256,
                25.11293399009399
            ],
            "median": 24.189607920860965,
            "q01%": 23.134016951539618,
            "q25%": 23.880608257355224,
            "q99%": 25.2794850750139,
            "q75%": 24.505251587435733
        },
        {
            "q90%": 9.9832883937919,
            "sigma": 0.12388884859944937,
            "q10%": 9.667820355940664,
            "5sigma": [
                8.209121629031594,
                9.999912337797507
            ],
            "3sigma": [
                9.117859419393922,
                9.999818963174441
            ],
            "1sigma": [
                9.724464178865803,
                9.972241876064702
            ],
            "2sigma": [
                9.472581234275468,
                9.995689602979674
            ],
            "median": 9.888395185863903,
            "q01%": 9.359702913223865,
            "q25%": 9.788908697703077,
            "q99%": 9.998415628720199,
            "q75%": 9.954318323661449
        },
        {
            "q90%": 0.9999977251803677,
            "sigma": 1.6797887377184573e-05,
            "q10%": 0.9999545706122337,
            "5sigma": [
                0.9997098592920591,
                0.9999999996098098
            ],
            "3sigma": [
                0.999872276338521,
                0.999999983526795
            ],
            "1sigma": [
                0.9999627767419449,
                0.9999963725166993
            ],
            "2sigma": [
                0.9999307601645869,
                0.999999482090684
            ],
            "median": 0.999985884495179,
            "q01%": 0.9999149687549066,
            "q25%": 0.9999721692768674,
            "q99%": 0.9999997983218267,
            "q75%": 0.9999938700621857
        }
    ],