{
    "global evidence": 91.89485240191736,
    "nested importance sampling global log-evidence error": 0.009532607075994385,
    "nested importance sampling global log-evidence": 91.89485240191736,
    "modes": [
        {
            "index": 0,
            "strictly local log-evidence error": 0.009532607075994385,
            "maximum": [
                2614.485609068559,
                -4143.955346988351,
                8517.788336872632,
                -8835.598600231413,
                4495.120441153977,
                -897.6209743534455,
                0.05040541233868418,
                5.597241591491991,
                12.324091321880008
            ],
            "sigma": [
                26.9007385458937,
                143.29588613121095,
                302.4014713752254,
                315.9646621922972,
                163.43078344746164,
                33.4766652570258,
                0.0041644743076905385,
                1.6579128796386957,
                0.28168575819227015
            ],
            "mean": [
                2628.1835242019815,
                -4217.388617227956,
                8673.625380765905,
                -8999.203507597405,
                4580.082367989346,
                -915.0829649772116,
                0.049098696180681696,
                4.739918224326182,
                12.257888505791227
            ],
            "maximum a posterior": [
                2614.485609068559,
                -4143.955346988351,
                8517.788336872632,
                -8835.598600231413,
                4495.120441153977,
                -897.6209743534455,
                0.05040541233868418,
                5.597241591491991,
                12.324091321880008
            ],
            "local log-evidence": 91.89485240191736,
            "strictly local log-evidence": 91.89485240191736,
            "local log-evidence error": 0.009532607075994385
        }
    ],
    "global evidence error": 0.009532607075994385,
    "marginals": [
        {
            "q90%": 2662.15158672312,
            "q01%": 2567.8907125634296,
            "2sigma": [
                2576.291066522315,
                2680.0581548522764
            ],
            "q10%": 2592.7880921274127,
            "1sigma": [
                2600.815841227441,
                2655.563079079367
            ],
            "3sigma": [
                2547.751996842669,
                2706.6489722657498
            ],
            "q99%": 2689.921648879171,
            "median": 2627.731984557142,
            "q25%": 2609.3761274632066,
            "5sigma": [
                2509.2142546262307,
                2716.2877772069314
            ],
            "q75%": 2647.2050788877264,
            "sigma": 27.373618925963
        },
        {
            "q90%": -4029.611497028247,
            "q01%": -4549.371421695477,
            "2sigma": [
                -4496.190209870203,
                -3942.0244392371214
            ],
            "q10%": -4398.8901273122765,
            "1sigma": [
                -4362.8822894211535,
                -4072.1293754783687
            ],
            "3sigma": [
                -4635.25185489061,
                -3789.7761378561186
            ],
            "q99%": -3896.7872019389915,
            "median": -4216.982237624408,
            "q25%": -4317.595082439481,
            "5sigma": [
                -4679.569730068432,
                -3580.126779982185
            ],
            "q75%": -4118.160530302566,
            "sigma": 145.37645697139237
        },
        {
            "q90%": 9056.321867677763,
            "q01%": 7994.409168769605,
            "2sigma": [
                8091.123631289635,
                9260.2908578664
            ],
            "q10%": 8280.116944193709,
            "1sigma": [
                8367.906377338919,
                8980.859506027891
            ],
            "3sigma": [
                7759.01590711875,
                9554.037785185152
            ],
            "q99%": 9375.3938334973,
            "median": 8672.304521207152,
            "q25%": 8466.139587090558,
            "5sigma": [
                7320.796194357603,
                9638.287239332294
            ],
            "q75%": 8883.833945023815,
            "sigma": 306.4765643444862
        },
        {
            "q90%": -8589.584487994347,
            "q01%": -9732.264056169839,
            "2sigma": [
                -9620.30297807552,
                -8394.067836170305
            ],
            "q10%": -9399.133345270107,
            "1sigma": [
                -9323.702818627215,
                -8676.454381464691
            ],
            "3sigma": [
                -9915.003510444087,
                -8031.952197004666
            ],
            "q99%": -8288.586559557742,
            "median": -8995.955991752031,
            "q25%": -9219.726990699153,
            "5sigma": [
                -9997.115958910033,
                -7578.28114945251
            ],
            "q75%": -8783.431842195407,
            "sigma": 323.62421858126163
        },
        {
            "q90%": 4787.1730683956,
            "q01%": 4212.605868340138,
            "2sigma": [
                4267.490782403124,
                4900.116742846691
            ],
            "q10%": 4368.64365834856,
            "1sigma": [
                4413.411453779009,
                4747.351424578758
            ],
            "3sigma": [
                4074.186489275068,
                5054.068427789477
            ],
            "q99%": 4956.535963912514,
            "median": 4578.204078011234,
            "q25%": 4467.897372280744,
            "5sigma": [
                3841.094210388089,
                5099.9786303602
            ],
            "q75%": 4693.317338020689,
            "sigma": 166.96998539987453
        },
        {
            "q90%": -871.8583462965514,
            "q01%": -992.3111845797905,
            "2sigma": [
                -980.6269720500826,
                -851.0642846975894
            ],
            "q10%": -957.4011577613478,
            "1sigma": [
                -949.6850865919628,
                -881.1378106551247
            ],
            "3sigma": [
                -1011.9386051523267,
                -810.4771241445383
            ],
            "q99%": -840.1905842009604,
            "median": -914.830863063823,
            "q25%": -938.20415539001,
            "5sigma": [
                -1023.1054161176927,
                -763.0562018563695
            ],
            "q75%": -892.1655507981602,
            "sigma": 34.27363796841905
        },
        {
            "q90%": 0.05454249391802121,
            "q01%": 0.03953976379905576,
            "2sigma": [
                0.04105184621615216,
                0.05718898092942337
            ],
            "q10%": 0.043702350499313564,
            "1sigma": [
                0.04495517615757751,
                0.053303119835427584
            ],
            "3sigma": [
                0.03688974519674394,
                0.0616090091314398
            ],
            "q99%": 0.05877739309819501,
            "median": 0.04910734041741227,
            "q25%": 0.04631062154887036,
            "5sigma": [
                0.031171575741100636,
                0.06960437440393523
            ],
            "q75%": 0.05195264643576879,
            "sigma": 0.004173971838925036
        },
        {
            "q90%": 6.199453132444391,
            "q01%": 0.042977497405593264,
            "2sigma": [
                0.12430661244744767,
                6.60144391281353
            ],
            "q10%": 1.1781551455514605,
            "1sigma": [
                4.0412261241044405,
                5.9660864930904705
            ],
            "3sigma": [
                0.009179405895574883,
                6.941532779170793
            ],
            "q99%": 6.765631810978387,