{
    "nested sampling global log-evidence error": 0.43044053132357185,
    "marginals": [
        {
            "2sigma": [
                2043.8364534637726,
                2340.066514952247
            ],
            "5sigma": [
                1968.5981729844696,
                2487.6075888323094
            ],
            "q75%": 2258.0505267328435,
            "q25%": 2141.135959526312,
            "median": 2203.246074321007,
            "sigma": 85.53848852176702,
            "3sigma": [
                1992.2659213949973,
                2385.386031613694
            ],
            "q90%": 2302.2592141966747,
            "q99%": 2359.4089090744906,
            "q10%": 2088.9899311033755,
            "1sigma": [
                2112.5455478562108,
                2283.622524899745
            ],
            "q01%": 2023.4560191830071
        },
        {
            "2sigma": [
                -2600.0295725017013,
                -957.9211276989794
            ],
            "5sigma": [
                -3415.337864436484,
                -558.7962197331436
            ],
            "q75%": -1500.751116061442,
            "q25%": -2148.3491490512747,
            "median": -1843.4205076131068,
            "sigma": 475.70874830815035,
            "3sigma": [
                -2855.7712805841225,
                -680.1862434513405
            ],
            "q90%": -1207.2466310214613,
            "q99%": -847.7067760139353,
            "q10%": -2393.947262622055,
            "1sigma": [
                -2289.908674082615,
                -1338.4911774663144
            ],
            "q01%": -2702.8255194829476
        },
        {
            "2sigma": [
                1511.9904431238485,
                5102.648847480526
            ],
            "5sigma": [
                670.8512595733589,
                6882.716713649307
            ],
            "q75%": 4125.485541487462,
            "q25%": 2704.1151483730564,
            "median": 3461.2812061334994,
            "sigma": 1041.6265429332802,
            "3sigma": [
                918.5120964728474,
                5679.097890575282
            ],
            "q90%": 4655.602191090789,
            "q99%": 5335.6068306452935,
            "q10%": 2061.4818546010406,
            "1sigma": [
                2347.2009766395586,
                4430.454062506119
            ],
            "q01%": 1281.033544734614
        },
        {
            "2sigma": [
                -5134.197026227931,
                -1275.1861460324874
            ],
            "5sigma": [
                -7047.949423620377,
                -402.8392850392621
            ],
            "q75%": -2558.5969681925676,
            "q25%": -4087.681440786591,
            "median": -3371.767477868282,
            "sigma": 1125.4507280564915,
            "3sigma": [
                -5769.545738584047,
                -651.5704270037897
            ],
            "q90%": -1873.3064403263484,
            "q99%": -1027.5418111450329,
            "q10%": -4655.182853855935,
            "1sigma": [
                -4417.99791536522,
                -2167.0964592522373
            ],
            "q01%": -5390.0344574483925
        },
        {
            "2sigma": [
                493.6698722188851,
                2533.6317063393526
            ],
            "5sigma": [
                41.91011164530959,
                3542.363314594135
            ],
            "q75%": 1979.0320450858992,
            "q25%": 1167.9131900428915,
            "median": 1600.6077168282386,
            "sigma": 595.1744746933517,
            "3sigma": [
                155.24145951626963,
                2872.9064580865456
            ],
            "q90%": 2279.428919005651,
            "q99%": 2668.7466146747543,
            "q10%": 807.1230995329028,
            "1sigma": [
                963.6011888731434,
                2153.950138259847
            ],
            "q01%": 358.7496560431842
        },
        {
            "2sigma": [
                -489.65554060132825,
                -66.20780426220593
            ],
            "5sigma": [
                -699.7726239654073,
                24.827917227586646
            ],
            "q75%": -206.02630269974816,
            "q25%": -374.3230517955224,
            "median": -295.82555507346717,
            "sigma": 123.77697254518718,
            "3sigma": [
                -561.3936803042616,
                4.041399565920816
            ],
            "q90%": -130.36587239104423,
            "q99%": -37.3662257816207,
            "q10%": -436.35706226081703,
            "1sigma": [
                -411.1051254163873,
                -163.55118032601294
            ],
            "q01%": -516.8860850309014
        },
        {
            "2sigma": [
                0.4634570695723782,
                0.9580408232634064
            ],
            "5sigma": [
                0.32141762496552956,
                0.9995183671147164
            ],
            "q75%": 0.7825131151064282,
            "q25%": 0.5777870545570165,
            "median": 0.6687801488606703,
            "sigma": 0.14773679258551609,
            "3sigma": [
                0.41006846547869136,
                0.9979333681360923
            ],
            "q90%": 0.8805545836134815,
            "q99%": 0.9784122576081044,
            "q10%": 0.5119159058600179,
            "1sigma": [
                0.5414333822808529,
                0.8369069674518851
            ],
            "q01%": 0.4431915221846472
        },
        {
            "2sigma": [
                77.70619756851107,
                78.19417197233494
            ],
            "5sigma": [
                77.27674940159662,
                78.65027157255594
            ],
            "q75%": 78.02365406755781,
            "q25%": 77.85819719844908,
            "median": 77.94176134520336,
            "sigma": 0.12337274272806553,
            "3sigma": [
                77.55929952588147,
                78.3329835279493
            ],
            "q90%": 78.10018358566415,
            "q99%": 78.24230847852634,
            "q10%": 77.7833940462118,
            "1sigma": [
                77.81719082463951,
                78.06393631009564
            ],
            "q01%": 77.6587305988358
        },
        {
            "2sigma": [
                18.52267644680577,
                19.44604486757551
            ],
            "5sigma": [
                17.823852898211623,
                20.54828017401768
            ],
            "q75%": 19.14934915839649,
            "q25%": 18.825197622999504,
            "median": 18.981677259551212,
            "sigma": 0.239308874539212,
            "3sigma": [
                18.273643337762973,
                19.732511735538726
            ],
            "q90%": 19.296160942711797,
            "q99%": 19.535451711273847,
            "q10%": 18.67879877218261,
            "1sigma": [
                18.747293028965053,
                19.225910778043477
            ],
            "q01%": 18.42338803583307
        },
        {
            "2sigma": [
                3.7078333912194275,
                8.870222496092738
            ],
            "5sigma": [
                2.919076578911343,
                9.999414466959937
            ],
            "q75%": 6.372904817659836,
            "q25%": 4.4746153179407875,
            "median": 5.299943780928541,
            "sigma": 1.3872296530669983,
            "3sigma": [
                3.34694790391639,
                9.847381819224854
            ],
            "q90%": 7.543867910168786,
            "q99%": 9.491764781421358,
            "q10%": 4.028592673667732,
            "1sigma": [
                4.216576424067223,
                6.99103573020122
            ],
            "q01%": 3.5370457754399607
        },
        {
            "2sigma": [
                0.022556300365287472,
                0.02944050071457214
            ],