{
    "nested importance sampling global log-evidence": -15955397.697731778,
    "nested sampling global log-evidence error": 0.6389839585816586,
    "marginals": [
        {
            "1sigma": [
                1874.3589223911285,
                1874.3589383608949
            ],
            "q25%": 1874.358924736056,
            "median": 1874.3589299375585,
            "q99%": 1874.3589742378358,
            "2sigma": [
                1874.358915520031,
                1874.3589565451698
            ],
            "q90%": 1874.358942474111,
            "q10%": 1874.3589202344926,
            "q75%": 1874.3589348925896,
            "sigma": 7.984883154676936e-06,
            "3sigma": [
                1874.3588862543913,
                1874.3589931471745
            ],
            "5sigma": [
                1874.3588563850844,
                1874.3590036757212
            ],
            "q01%": 1874.3589131931294
        },
        {
            "1sigma": [
                -0.8624675691985269,
                -0.8624668087691643
            ],
            "q25%": -0.8624674295641559,
            "median": -0.8624672050857927,
            "q99%": -0.8624665207979504,
            "2sigma": [
                -0.8624680371576525,
                -0.8624666105043535
            ],
            "q90%": -0.8624667416786013,
            "q10%": -0.8624677225866354,
            "q75%": -0.8624668983208917,
            "sigma": 3.802146812947882e-07,
            "3sigma": [
                -0.8624687993170266,
                -0.8624664574203577
            ],
            "5sigma": [
                -0.8624696722741862,
                -0.8624664390723337
            ],
            "q01%": -0.8624681751061152
        },
        {
            "1sigma": [
                0.5543732951621139,
                0.5543733568890322
            ],
            "q25%": 0.5543733133543056,
            "median": 0.554373339537186,
            "q99%": 0.5543733843840306,
            "2sigma": [
                0.5543732305149612,
                0.5543733719038647
            ],
            "q90%": 0.5543733605855247,
            "q10%": 0.5543732763902307,
            "q75%": 0.5543733526441386,
            "sigma": 3.086345917724387e-08,
            "3sigma": [
                0.5543731537678941,
                0.5543734015147127
            ],
            "5sigma": [
                0.5543730127336175,
                0.5543735328074438
            ],
            "q01%": 0.5543732020649514
        },
        {
            "1sigma": [
                0.28380898414344374,
                0.2838090006692964
            ],
            "q25%": 0.2838089863672585,
            "median": 0.2838089917678563,
            "q99%": 0.28380900641087264,
            "2sigma": [
                0.28380896997310917,
                0.2838090050531994
            ],
            "q90%": 0.28380900195192926,
            "q10%": 0.283808980690001,
            "q75%": 0.28380899912267005,
            "sigma": 8.262926315394381e-09,
            "3sigma": [
                0.28380893899716414,
                0.2838090103774481
            ],
            "5sigma": [
                0.28380891459578383,
                0.2838090121243412
            ],
            "q01%": 0.28380895676034523
        },
        {
            "1sigma": [
                1373.1270020106892,
                1373.1271048190058
            ],
            "q25%": 1373.1270239984376,
            "median": 1373.1270590865665,
            "q99%": 1373.1271583592822,
            "2sigma": [
                1373.1268824662495,
                1373.1271350023142
            ],
            "q90%": 1373.1271138826623,
            "q10%": 1373.1269849102202,
            "q75%": 1373.1270900927086,
            "sigma": 5.140415828464029e-05,
            "3sigma": [
                1373.1266708971061,
                1373.1273389555297
            ],
            "5sigma": [
                1373.1266199672616,
                1373.1278002022566
            ],
            "q01%": 1373.1267820783826
        },
        {
            "1sigma": [
                1.99733894698199,
                1.9973391513104246
            ],
            "q25%": 1.9973389816841614,
            "median": 1.9973390484939737,
            "q99%": 1.9973393545727813,
            "2sigma": [
                1.9973388029612482,
                1.9973392463466006
            ],
            "q90%": 1.997339173942832,
            "q10%": 1.9973389218785251,
            "q75%": 1.9973391213491647,
            "sigma": 1.0216421730824266e-07,
            "3sigma": [
                1.997338626651964,
                1.9973397955748442
            ],
            "5sigma": [
                1.9973383472479491,
                1.9973404340503844
            ],
            "q01%": 1.9973387443396815
        },
        {
            "1sigma": [
                62.57629661221336,
                62.57631671444211
            ],
            "q25%": 62.57629945817631,
            "median": 62.5763061824597,
            "q99%": 62.576341336568674,
            "2sigma": [
                62.5762888978206,
                62.57632661928029
            ],
            "q90%": 62.57631824058124,
            "q10%": 62.576294286250125,
            "q75%": 62.57631429248671,
            "sigma": 1.005111437279993e-05,
            "3sigma": [
                62.57626671299225,
                62.57636623824523
            ],
            "5sigma": [
                62.57619128210672,
                62.57637325674939
            ],
            "q01%": 62.576285968049945
        },
        {
            "1sigma": [
                14.972938312919174,
                14.972963194231559
            ],
            "q25%": 14.972944750806233,
            "median": 14.972954505426872,
            "q99%": 14.972995825291445,
            "2sigma": [
                14.972894856215824,
                14.972975071545331
            ],
            "q90%": 14.972965587548517,
            "q10%": 14.97293266888729,
            "q75%": 14.972960514864367,
            "sigma": 1.244065619232515e-05,
            "3sigma": [
                14.972844343227887,
                14.97307717802801
            ],
            "5sigma": [
                14.972827755524218,
                14.973230504939743
            ],
            "q01%": 14.972864953270294
        },
        {
            "1sigma": [
                4.561477280034139,
                4.5614812402604255
            ],
            "q25%": 4.561478170112337,
            "median": 4.561479605940067,
            "q99%": 4.56148580980178,
            "2sigma": [
                4.56147375251228,
                4.56148383370288
            ],
            "q90%": 4.561481799143711,
            "q10%": 4.561476344823062,
            "q75%": 4.5614806644192925,
            "sigma": 1.980113143229545e-06,
            "3sigma": [
                4.561464053752751,
                4.561492470967145
            ],
            "5sigma": [
                4.561457934915406,
                4.561501408384352
            ],
            "q01%": 4.56146974715969
        }
    ],
    "nested sampling global log-evidence": -15955398.44125142,
    "nested importance sampling global log-evidence error": 0.04071793673467183,
    "global evidence error": 0.04071793673467183,
    "global evidence": -15955397.697731778,
    "modes": [
        {
            "maximum a posterior": [
                1874.3589318706483,
                -0.862466439067898,
                0.554373372402555,
                0.2838090026241069,
                1373.1271201588304,
                1.997338922803831,
                62.576319407735795,
                14.972952152058571,
                4.561479676096089
            ],