{
    "global evidence": -8362562.310543662,
    "modes": [
        {
            "strictly local log-evidence": -8362562.310543662,
            "maximum a posterior": [
                1793.5810264168615,
                -0.3044637079871606,
                0.20015784314923302,
                0.09360514918519769,
                1261.7289212376347,
                0.09716348485067397,
                89.99123269676184,
                11.357044538492321,
                5.9328586523169315
            ],
            "index": 0,
            "maximum": [
                1793.5810264168615,
                -0.3044637079871606,
                0.20015784314923302,
                0.09360514918519769,
                1261.7289212376347,
                0.09716348485067397,
                89.99123269676184,
                11.357044538492321,
                5.9328586523169315
            ],
            "mean": [
                1793.5810248295845,
                -0.3044637669016872,
                0.2001574873314437,
                0.09360514939074928,
                1261.7292843831267,
                0.09714884091342137,
                89.99122590423227,
                11.362173607394281,
                5.932266592565461
            ],
            "local log-evidence": -8362562.310543662,
            "sigma": [
                5.709316080892855e-05,
                1.0777619586504573e-07,
                4.931685008451495e-07,
                1.971238338250362e-08,
                0.001055617099391356,
                8.594696137761982e-06,
                9.488939639154624e-06,
                0.0034954848404309233,
                0.0014585141288471605
            ],
            "strictly local log-evidence error": 0.047047177304530785,
            "local log-evidence error": 0.047047177304530785
        }
    ],
    "marginals": [
        {
            "q90%": 1793.5810917321596,
            "2sigma": [
                1793.580727897692,
                1793.581174039411
            ],
            "q75%": 1793.5810547505273,
            "q10%": 1793.580989702994,
            "5sigma": [
                1793.5799173294452,
                1793.581561804385
            ],
            "median": 1793.5810251031173,
            "3sigma": [
                1793.5805380874565,
                1793.581390601824
            ],
            "1sigma": [
                1793.5809972804357,
                1793.5810722893236
            ],
            "q99%": 1793.5811975317324,
            "q01%": 1793.5806486382432,
            "sigma": 3.750444398065156e-05,
            "q25%": 1793.5810051566168
        },
        {
            "q90%": -0.3044636820439238,
            "2sigma": [
                -0.30446417268389303,
                -0.3044636594070809
            ],
            "q75%": -0.3044637132507086,
            "q10%": -0.3044638501104064,
            "5sigma": [
                -0.304464450677425,
                -0.3044636063212654
            ],
            "median": -0.3044637345398257,
            "3sigma": [
                -0.3044642756889894,
                -0.3044636378758592
            ],
            "1sigma": [
                -0.3044638211268523,
                -0.30446369734443635
            ],
            "q99%": -0.3044636503936813,
            "q01%": -0.30446422122121786,
            "sigma": 6.189120796418202e-08,
            "q25%": -0.3044637868047838
        },
        {
            "q90%": 0.20015781024493962,
            "2sigma": [
                0.20015645247256625,
                0.20015900931800473
            ],
            "q75%": 0.20015764393201815,
            "q10%": 0.20015705050746777,
            "5sigma": [
                0.20015470588035536,
                0.20016113154900173
            ],
            "median": 0.20015747113789648,
            "3sigma": [
                0.2001558988490264,
                0.20015976292560325
            ],
            "1sigma": [
                0.20015721026106748,
                0.20015773030344142
            ],
            "q99%": 0.20015930188185527,
            "q01%": 0.20015624227556983,
            "sigma": 2.6002118697077137e-07,
            "q25%": 0.2001573212847622
        },
        {
            "q90%": 0.09360516238932538,
            "2sigma": [
                0.09360507946622368,
                0.09360517084312588
            ],
            "q75%": 0.0936051565909235,
            "q10%": 0.09360514353936088,
            "5sigma": [
                0.09360505317508262,
                0.09360521645295407
            ],
            "median": 0.09360515247270317,
            "3sigma": [
                0.09360506271848348,
                0.0936051822810226
            ],
            "1sigma": [
                0.09360514671046385,
                0.09360515921064544
            ],
            "q99%": 0.09360517433537886,
            "q01%": 0.09360507058452645,
            "sigma": 6.2500907921370086e-09,
            "q25%": 0.09360514866848622
        },
        {
            "q90%": 1261.7300568468804,
            "2sigma": [
                1261.7254095895019,
                1261.7303038717023
            ],
            "q75%": 1261.7298031977377,
            "q10%": 1261.7287419881964,
            "5sigma": [
                1261.7209999442878,
                1261.7331425527254
            ],
            "median": 1261.7294947055977,
            "3sigma": [
                1261.7233716402286,
                1261.7307298251205
            ],
            "1sigma": [
                1261.7289886193662,
                1261.729945696558
            ],
            "q99%": 1261.7304580050256,
            "q01%": 1261.7247636017732,
            "sigma": 0.00047853859587121406,
            "q25%": 1261.7291813060926
        },
        {
            "q90%": 0.09715807862755718,
            "2sigma": [
                0.09713707562693522,
                0.09717822557973023
            ],
            "q75%": 0.09715143897082729,
            "q10%": 0.09714046552660975,
            "5sigma": [
                0.09711371355660411,
                0.09719304369724831
            ],
            "median": 0.09714731205424033,
            "3sigma": [
                0.0971303299113677,
                0.097186562337851
            ],
            "1sigma": [
                0.09714241614015878,
                0.0971543587821077
            ],
            "q99%": 0.09718212761387221,
            "q01%": 0.09713468965057874,
            "sigma": 5.971320974455796e-06,
            "q25%": 0.09714407868992833
        },
        {
            "q90%": 89.99123769299959,
            "2sigma": [
                89.99120094331127,
                89.99124085928645
            ],
            "q75%": 89.99123184606808,
            "q10%": 89.99121565558374,
            "5sigma": [
                89.99113588552048,
                89.99125093478298
            ],
            "median": 89.99122629943801,
            "3sigma": [
                89.99118507071209,
                89.99124485323766
            ],
            "1sigma": [
                89.99121961099583,
                89.99123517809495
            ],
            "q99%": 89.99124212445234,
            "q01%": 89.99119481045011,
            "sigma": 7.783549563100678e-06,
            "q25%": 89.99122182907612
        },
        {
            "q90%": 11.366207938416405,
            "2sigma": [
                11.357074302432318,
                11.368397408826322
            ],
            "q75%": 11.363923042943654,
            "q10%": 11.358856003026744,
            "5sigma": [
                11.331088980327234,
                11.380711166417946
            ],
            "median": 11.362214740072435,
            "3sigma": [
                11.338842635267504,
                11.372389603952694
            ],