{
    "nested importance sampling global log-evidence": -205.90282334909588,
    "global evidence error": 0.03957710851985382,
    "nested importance sampling global log-evidence error": 0.03957710851985382,
    "global evidence": -205.90282334909588,
    "marginals": [
        {
            "q90%": 7.467648230941524,
            "5sigma": [
                7.466757447000778,
                7.468164041697047
            ],
            "q10%": 7.467299837162679,
            "q75%": 7.467559070889856,
            "3sigma": [
                7.4669982415667935,
                7.467913327389383
            ],
            "q01%": 7.467122080767561,
            "median": 7.467467645840845,
            "q99%": 7.467782427983283,
            "sigma": 0.00013485289045656046,
            "2sigma": [
                7.467188825718959,
                7.467742198756469
            ],
            "1sigma": [
                7.467335403402888,
                7.467605109183801
            ],
            "q25%": 7.467381015896574
        },
        {
            "q90%": -2.567738992594981,
            "5sigma": [
                -2.577083600584361,
                -2.562616764275395
            ],
            "q10%": -2.5717852582676444,
            "q75%": -2.568658182260998,
            "3sigma": [
                -2.5740669734229935,
                -2.565147166829434
            ],
            "q01%": -2.5731853700649765,
            "median": -2.5697300851224694,
            "q99%": -2.566379614263565,
            "sigma": 0.0016056763349054926,
            "2sigma": [
                -2.572766037755476,
                -2.566802745388344
            ],
            "1sigma": [
                -2.5713620188596202,
                -2.5681506661898093
            ],
            "q25%": -2.5708213662952453
        },
        {
            "q90%": -0.009587182169042962,
            "5sigma": [
                -0.11363442933244144,
                0.0474455940608566
            ],
            "q10%": -0.04666271449604431,
            "q75%": -0.017613001692632902,
            "3sigma": [
                -0.07664321829129113,
                0.019514457457303284
            ],
            "q01%": -0.06699561033645915,
            "median": -0.02747541544805345,
            "q99%": 0.01012015631582356,
            "sigma": 0.014737689660312213,
            "2sigma": [
                -0.0575940908067611,
                0.0018771959107809746
            ],
            "1sigma": [
                -0.0428393004533767,
                -0.013363921132752275
            ],
            "q25%": -0.0374963196931597
        },
        {
            "q90%": 0.10842138556063763,
            "5sigma": [
                -0.13837797747094838,
                0.24065133324428845
            ],
            "q10%": 0.003141094662770988,
            "q75%": 0.08481053286625044,
            "3sigma": [
                -0.06942791644309357,
                0.17194724701381722
            ],
            "q01%": -0.0320294642514732,
            "median": 0.05529558809305436,
            "q99%": 0.1431785692738852,
            "sigma": 0.042418473906162324,
            "2sigma": [
                -0.021469648595160953,
                0.13033451543957417
            ],
            "1sigma": [
                0.01260481822908648,
                0.09744176604141112
            ],
            "q25%": 0.026090236756330626
        },
        {
            "q90%": 0.30957480945625976,
            "5sigma": [
                -1.353994027184951,
                1.637621174268945
            ],
            "q10%": -0.4033310581203573,
            "q75%": 0.1371173904337486,
            "3sigma": [
                -0.9898734435369736,
                0.8588338562716268
            ],
            "q01%": -0.7455680086467947,
            "median": -0.053585531107108016,
            "q99%": 0.6735132331880593,
            "sigma": 0.27649899954916257,
            "2sigma": [
                -0.6109192076269422,
                0.5065326885117367
            ],
            "1sigma": [
                -0.3258310813585563,
                0.22716691773976888
            ],
            "q25%": -0.24584545044764886
        },
        {
            "q90%": 1.659631917115478,
            "5sigma": [
                0.005422806282601597,
                1.9996147173430172
            ],
            "q10%": 0.481565956227509,
            "q75%": 1.410751155212601,
            "3sigma": [
                0.01866004241095644,
                1.9849941332566907
            ],
            "q01%": 0.10547343935886819,
            "median": 1.0928305370043883,
            "q99%": 1.9335517088309837,
            "sigma": 0.4624962327582015,
            "2sigma": [
                0.2136116685311108,
                1.8545795287221718
            ],
            "1sigma": [
                0.6271586226207757,
                1.5521510881371787
            ],
            "q25%": 0.7626368564458456
        },
        {
            "q90%": 24.0277307599671,
            "5sigma": [
                0.11449544529331182,
                36.48035601953495
            ],
            "q10%": 8.94735678380499,
            "q75%": 20.08317991348894,
            "3sigma": [
                0.37784801565317094,
                34.01877129663617
            ],
            "q01%": 3.571282468462617,
            "median": 15.988120034867103,
            "q99%": 30.202051078938737,
            "sigma": 5.8883890216059,
            "2sigma": [
                5.548844768274537,
                28.67087821144115
            ],
            "1sigma": [
                10.394923728961087,
                22.171701772172888
            ],
            "q25%": 12.150314378688636
        },
        {
            "q90%": 14.984867296891588,
            "5sigma": [
                0.08592767757698266,
                25.062988793491684
            ],
            "q10%": 3.555204358794604,
            "q75%": 12.255259409106303,
            "3sigma": [
                0.10477854118991901,
                23.081749142849475
            ],
            "q01%": 0.5278923450808057,
            "median": 9.167852118196837,
            "q99%": 20.48034162790361,
            "sigma": 4.47720693650094,
            "2sigma": [
                1.2258143764105633,
                18.552133057924078
            ],
            "1sigma": [
                4.731896195229929,
                13.686310068231808
            ],
            "q25%": 6.094614911589398
        },
        {
            "q90%": 1.4999930975708349,
            "5sigma": [
                1.4999224038248684,
                1.4999999079764557
            ],
            "q10%": 1.4999551255428627,
            "q75%": 1.4999871261366762,
            "3sigma": [
                1.4999282302026118,
                1.499999740336103
            ],
            "q01%": 1.499939277576518,
            "median": 1.499978324375464,
            "q99%": 1.4999987061320579,
            "sigma": 1.530547162242879e-05,
            "2sigma": [
                1.4999456975630598,
                1.4999972645126098
            ],
            "1sigma": [
                1.4999595770281593,
                1.4999901879714042
            ],
            "q25%": 1.499965650103052
        }
    ],
    "modes": [
        {
            "maximum": [
                7.467498450045696,
                -2.5695068755471766,
                -0.02910785826452411,
                0.051670211055579784,
                -0.057629103266208404,
                1.0262424419594853,
                13.459018153055535,
                7.2790141174978915,
                1.4999641802040968
            ],