{
    "nested sampling global log-evidence error": 0.3430382268535164,
    "global evidence error": 0.06059288318104132,
    "modes": [
        {
            "strictly local log-evidence error": 0.06059288318104132,
            "local log-evidence error": 0.06059288318104132,
            "index": 0,
            "strictly local log-evidence": 115.32666583119571,
            "sigma": [
                105.94354828781218,
                421.3256467129881,
                619.8658398063308,
                399.6578785336159,
                95.3248833634922,
                0.16720182904937406,
                2.1729236048460896,
                3.6830109118151957,
                4.7671761292978605
            ],
            "local log-evidence": 115.32666583119571,
            "maximum": [
                1749.417087096368,
                288.14076640021085,
                -497.1855583381948,
                254.73575053986497,
                -44.514936163657694,
                0.39549609491159265,
                78.36756967506014,
                18.94774115976459,
                9.494998032950484
            ],
            "mean": [
                1741.9965624116892,
                317.3802261469572,
                -540.3174088628081,
                283.01383767990006,
                -51.45651741922361,
                0.4331883959031751,
                78.55453663335858,
                18.65434757335004,
                10.018061821478756
            ],
            "maximum a posterior": [
                1749.417087096368,
                288.14076640021085,
                -497.1855583381948,
                254.73575053986497,
                -44.514936163657694,
                0.39549609491159265,
                78.36756967506014,
                18.94774115976459,
                9.494998032950484
            ]
        }
    ],
    "global evidence": 115.32666583119571,
    "nested importance sampling global log-evidence error": 0.06059288318104132,
    "marginals": [
        {
            "q75%": 1805.5585415347252,
            "median": 1753.0103154278268,
            "sigma": 83.92883978661882,
            "2sigma": [
                1489.4183843053447,
                1922.3448850244135
            ],
            "q90%": 1855.7465038211717,
            "1sigma": [
                1664.0722716215898,
                1831.9299511948275
            ],
            "3sigma": [
                1261.175057488772,
                2022.8579521740144
            ],
            "q99%": 1953.5860751728817,
            "5sigma": [
                1170.6430915058709,
                2050.652091670096
            ],
            "q25%": 1697.5308672720328,
            "q10%": 1620.739768935325,
            "q01%": 1384.000767957161
        },
        {
            "q75%": 488.94447179365085,
            "median": 272.3936668763835,
            "sigma": 332.1103628186723,
            "2sigma": [
                -398.4646634059341,
                1324.124438907521
            ],
            "q90%": 797.9663628188313,
            "1sigma": [
                -40.96455558345249,
                623.2561700538921
            ],
            "3sigma": [
                -801.9284818770363,
                2261.2544872507997
            ],
            "q99%": 1761.9858191183491,
            "5sigma": [
                -1167.4040705293062,
                2634.603046044094
            ],
            "q25%": 66.27841111594857,
            "q10%": -134.09672662363099,
            "q01%": -524.7716859407738
        },
        {
            "q75%": -171.62599167874643,
            "median": -475.2795858846828,
            "sigma": 484.9576483048792,
            "2sigma": [
                -2020.8483158057893,
                507.0204195081025
            ],
            "q90%": 122.51524112188872,
            "1sigma": [
                -986.3679880374289,
                -16.452691427670395
            ],
            "3sigma": [
                -3456.832255731122,
                1057.5974585709325
            ],
            "q99%": 685.6306355373401,
            "5sigma": [
                -4050.6229579981473,
                1243.5505752144138
            ],
            "q25%": -789.9021323912854,
            "q10%": -1238.8378712603326,
            "q01%": -2691.8153349879367
        },
        {
            "q75%": 441.11898796816826,
            "median": 239.55749226877703,
            "sigma": 308.9847561110918,
            "2sigma": [
                -384.1074281281572,
                1237.7731219276955
            ],
            "q90%": 731.0001884788487,
            "1sigma": [
                -52.26441737272225,
                565.7050948494614
            ],
            "3sigma": [
                -761.9913290068356,
                2200.716242272202
            ],
            "q99%": 1686.7706954220841,
            "5sigma": [
                -900.4949770250232,
                2588.382816208635
            ],
            "q25%": 46.47276991466359,
            "q10%": -142.02524737413648,
            "q01%": -505.1717357092657
        },
        {
            "q75%": 4.375935279991724,
            "median": -40.52543039711976,
            "sigma": 73.23631000785731,
            "2sigma": [
                -279.06822813276216,
                105.38721839966888
            ],
            "q90%": 49.08487762298821,
            "1sigma": [
                -117.85761558298631,
                28.615004432728313
            ],
            "3sigma": [
                -517.5533766457228,
                191.2271192443598
            ],
            "q99%": 133.61252462150117,
            "5sigma": [
                -615.7315626053296,
                225.79259197724394
            ],
            "q25%": -88.63654162867711,
            "q10%": -157.10374993155781,
            "q01%": -390.41638924035607
        },
        {
            "q75%": 0.5149840562013094,
            "median": 0.4058488317906743,
            "sigma": 0.14039303604636377,
            "2sigma": [
                0.11973534751839843,
                0.8479058744956284
            ],
            "q90%": 0.6451278083512457,
            "1sigma": [
                0.29879425581832164,
                0.5795803279110492
            ],
            "3sigma": [
                0.07546516895675226,
                1.1359607778021108
            ],
            "q99%": 0.9636085274994246,
            "5sigma": [
                0.003450115328840207,
                1.9917512484574564
            ],
            "q25%": 0.33203664903849683,
            "q10%": 0.2602024234157165,
            "q01%": 0.09857528033364836
        },
        {
            "q75%": 78.56735123517045,
            "median": 78.26967310513392,
            "sigma": 0.4596570307873975,
            "2sigma": [
                75.81836237507008,
                84.77692808360072
            ],
            "q90%": 78.9517365334659,
            "1sigma": [
                77.82068248829052,
                78.73999654986531
            ],
            "3sigma": [
                69.18505736843412,
                89.92934137779721
            ],
            "q99%": 89.07300842312716,
            "5sigma": [
                60.23601284366994,
                89.99570549378572
            ],
            "q25%": 77.9756347430946,
            "q10%": 77.67385621082812,
            "q01%": 71.69211349056457
        },
        {
            "q75%": 19.41101778858685,
            "median": 18.797432618597732,
            "sigma": 0.9177759498306379,
            "2sigma": [
                6.830815665273699,
                24.271746616123828
            ],
            "q90%": 20.119414187454716,
            "1sigma": [
                17.92792865973729,
                19.763480559398566
            ],
            "3sigma": [
                4.2961119151999165,
                39.36464864079377
            ],