{
    "global evidence": 134.77539596431674,
    "nested importance sampling global log-evidence": 134.77539596431674,
    "nested importance sampling global log-evidence error": 0.010294139405458633,
    "nested sampling global log-evidence error": 0.39299933572293533,
    "marginals": [
        {
            "q90%": 1897.1731410200766,
            "sigma": 24.842674846097566,
            "q99%": 1924.4182037446847,
            "3sigma": [
                1792.089664562129,
                1944.6205903449145
            ],
            "q10%": 1833.7666017854565,
            "2sigma": [
                1816.3149531142153,
                1913.7394225966411
            ],
            "q25%": 1847.7530352242234,
            "5sigma": [
                1768.5426656044403,
                1993.963626572312
            ],
            "q75%": 1881.861409395954,
            "median": 1864.65481507772,
            "1sigma": [
                1840.3802646669235,
                1890.0656143591186
            ],
            "q01%": 1807.4460218079282
        },
        {
            "q90%": -50.78321322107909,
            "sigma": 98.70644809348539,
            "q99%": 53.70177204886054,
            "3sigma": [
                -489.19293217015064,
                114.07109493588068
            ],
            "q10%": -302.58576593887386,
            "2sigma": [
                -369.77236101626255,
                17.87346193655818
            ],
            "q25%": -241.3997258601665,
            "5sigma": [
                -689.3567586057391,
                208.2657207000224
            ],
            "q75%": -106.47043603776275,
            "median": -173.932059279379,
            "1sigma": [
                -274.8293253544165,
                -77.41642916744568
            ],
            "q01%": -410.2200193890115
        },
        {
            "q90%": 377.80999224503086,
            "sigma": 144.26546301880416,
            "q99%": 534.1235133765392,
            "3sigma": [
                -234.7394312737332,
                647.3939800503854
            ],
            "q10%": 7.603731855951305,
            "2sigma": [
                -93.24527755723507,
                476.24588028467133
            ],
            "q25%": 89.91801939424398,
            "5sigma": [
                -373.43926206815433,
                942.613673234304
            ],
            "q75%": 286.96885756583083,
            "median": 187.67881273301288,
            "1sigma": [
                47.353798970036706,
                335.88472500764505
            ],
            "q01%": -146.13186601124565
        },
        {
            "q90%": -75.85388207337606,
            "sigma": 92.42145440746691,
            "q99%": 23.651432718284603,
            "3sigma": [
                -484.7739678252205,
                80.68122802096653
            ],
            "q10%": -312.74008969576505,
            "2sigma": [
                -377.1129708072857,
                -9.82943075377389
            ],
            "q25%": -254.9705461866222,
            "5sigma": [
                -680.2325371263254,
                170.31501663833828
            ],
            "q75%": -128.23424326031466,
            "median": -191.08563340150334,
            "1sigma": [
                -285.74562770135367,
                -100.90271888641986
            ],
            "q01%": -415.2166409365142
        },
        {
            "q90%": 91.73918093003411,
            "sigma": 21.943583575492728,
            "q99%": 115.7514924695016,
            "3sigma": [
                -1.917125099610271,
                132.38469115562918
            ],
            "q10%": 35.36080876362694,
            "2sigma": [
                19.64972469022687,
                106.85380591562917
            ],
            "q25%": 47.92032999003801,
            "5sigma": [
                -23.23032538983225,
                178.64639775049363
            ],
            "q75%": 77.88984180935773,
            "median": 62.82829409607909,
            "1sigma": [
                41.393309691159594,
                85.28047684214505
            ],
            "q01%": 11.91895090035975
        },
        {
            "q90%": 0.5858133180307248,
            "sigma": 0.047007356713135745,
            "q99%": 0.6388831392138173,
            "3sigma": [
                0.4009554563042567,
                0.6668424808477684
            ],
            "q10%": 0.4664126240099249,
            "2sigma": [
                0.4336030906651245,
                0.61802747120807
            ],
            "q25%": 0.4933050390917652,
            "5sigma": [
                0.36435386393670494,
                0.7963488237373119
            ],
            "q75%": 0.5566040181880778,
            "median": 0.5233858759161487,
            "1sigma": [
                0.47826562108207465,
                0.5722803345083461
            ],
            "q01%": 0.420041466900766
        },
        {
            "q90%": 77.91819305705383,
            "sigma": 0.08302967558125118,
            "q99%": 78.01123044538585,
            "3sigma": [
                77.57959487043298,
                78.06458122304892
            ],
            "q10%": 77.7027828783026,
            "2sigma": [
                77.6550980497434,
                77.9778643723079
            ],
            "q25%": 77.75517051427958,
            "5sigma": [
                77.43996899277273,
                78.26938306475498
            ],
            "q75%": 77.8634013277306,
            "median": 77.80969781158258,
            "1sigma": [
                77.72709686175915,
                77.89315621292165
            ],
            "q01%": 77.61976713913064
        },
        {
            "q90%": 18.31822685102656,
            "sigma": 0.1327810270011387,
            "q99%": 18.47243488549836,
            "3sigma": [
                17.753430143471814,
                18.566879221945257
            ],
            "q10%": 17.976615418524823,
            "2sigma": [
                17.88698078747431,
                18.41540079171582
            ],
            "q25%": 18.059847341349062,
            "5sigma": [
                17.499413485130493,
                18.87123287234775
            ],
            "q75%": 18.236716310485505,
            "median": 18.148501358504497,
            "1sigma": [
                18.015311798210817,
                18.280873852213094
            ],
            "q01%": 17.8326805669762
        },
        {
            "q90%": 7.705657906099658,
            "sigma": 0.7784476050851814,
            "q99%": 8.976397610106776,
            "3sigma": [
                4.856360946715095,
                9.685568568345087
            ],
            "q10%": 5.68341439298177,
            "2sigma": [
                5.327183168805441,
                8.487357217618467
            ],
            "q25%": 6.023642965103993,
            "5sigma": [
                4.149806547423525,
                9.993425280509667
            ],
            "q75%": 7.058895048828932,
            "median": 6.500136144952744,
            "1sigma": [
                5.84002300522854,
                7.396918215398903
            ],
            "q01%": 5.162501065840789
        }
    ],
    "nested sampling global log-evidence": 137.90502875845814,
    "global evidence error": 0.010294139405458633,
    "modes": [
        {
            "local log-evidence": 134.77539596431674,
            "mean": [
                1865.026165080203,
                -175.10039928738132,
                190.08963075930973,
                -192.51155483434658,
                63.23253406956836,
                0.5249931479148537,
                77.81022800951774,
                18.14851935331996,
                6.604146051821791
            ],