{
    "nested sampling global log-evidence": -172.19241354466578,
    "nested importance sampling global log-evidence error": 0.05809000263279304,
    "nested importance sampling global log-evidence": -172.51662242285872,
    "global evidence": -172.51662242285872,
    "modes": [
        {
            "maximum a posterior": [
                1483.93342788363,
                1324.3611788728986,
                -1991.3523606307822,
                1197.5102860018005,
                -264.2825584856116,
                0.07764682898909081,
                71.39884101311472,
                3.4766789145889594,
                2.615408093028941
            ],
            "local log-evidence error": 0.05809000263279304,
            "index": 0,
            "maximum": [
                1483.93342788363,
                1324.3611788728986,
                -1991.3523606307822,
                1197.5102860018005,
                -264.2825584856116,
                0.07764682898909081,
                71.39884101311472,
                3.4766789145889594,
                2.615408093028941
            ],
            "mean": [
                1485.8525873183528,
                1316.889465387393,
                -1980.4737528936912,
                1190.4921403712742,
                -262.59062820272135,
                0.07758255345746201,
                71.41122818812696,
                3.4871485416734638,
                2.527278481857643
            ],
            "sigma": [
                2.8115770359535124,
                10.927070971572551,
                15.907495293228743,
                10.26592123108259,
                2.4746655128826647,
                0.003754956268607717,
                0.025620810791921075,
                0.08915232943259274,
                0.8082292262182281
            ],
            "strictly local log-evidence error": 0.05809000263279304,
            "strictly local log-evidence": -172.51662242285872,
            "local log-evidence": -172.51662242285872
        }
    ],
    "global evidence error": 0.05809000263279304,
    "marginals": [
        {
            "median": 1485.2295033978992,
            "2sigma": [
                1482.349560607909,
                1493.2644898552458
            ],
            "1sigma": [
                1483.24347888183,
                1488.4936165754057
            ],
            "5sigma": [
                1481.4918144111334,
                1504.4624330116992
            ],
            "q10%": 1482.9364548508613,
            "q99%": 1495.0453767561014,
            "q90%": 1489.6217909813563,
            "3sigma": [
                1481.6416907676778,
                1498.3889177723972
            ],
            "q25%": 1483.711679692014,
            "sigma": 2.6250688467878263,
            "q01%": 1482.1380862162398,
            "q75%": 1487.258949791829
        },
        {
            "median": 1319.4752883205358,
            "2sigma": [
                1287.8789165035496,
                1329.8655317361365
            ],
            "1sigma": [
                1306.637273311862,
                1327.0672674236723
            ],
            "5sigma": [
                1245.1705779076938,
                1331.9818138204232
            ],
            "q10%": 1302.1959446678457,
            "q99%": 1330.3913415642537,
            "q90%": 1328.1732323868462,
            "3sigma": [
                1268.429788278993,
                1331.4836449417437
            ],
            "q25%": 1311.459889845674,
            "sigma": 10.2149970559052,
            "q01%": 1280.4743022976886,
            "q75%": 1325.330037773485
        },
        {
            "median": -1984.1194149952073,
            "2sigma": [
                -1999.175096307492,
                -1937.9812361366407
            ],
            "1sigma": [
                -1995.2730738848327,
                -1965.8334078733014
            ],
            "5sigma": [
                -1999.9740478639578,
                -1877.4864512929348
            ],
            "q10%": -1996.8809947914312,
            "q99%": -1927.5564373717873,
            "q90%": -1958.9334400611338,
            "3sigma": [
                -1999.9239146726713,
                -1910.1201946515428
            ],
            "q25%": -1992.6829559564085,
            "sigma": 14.719833005765622,
            "q01%": -1999.6427689855605,
            "q75%": -1972.4360665920947
        },
        {
            "median": 1192.8711830498996,
            "2sigma": [
                1163.0033493625624,
                1202.7262861013871
            ],
            "1sigma": [
                1181.1501788849198,
                1199.8874823936378
            ],
            "5sigma": [
                1124.8820582281162,
                1204.9791285486447
            ],
            "q10%": 1176.6446986826138,
            "q99%": 1203.2164525479147,
            "q90%": 1201.0985360775028,
            "3sigma": [
                1145.067706862619,
                1203.7868102527566
            ],
            "q25%": 1185.2768650047399,
            "sigma": 9.368651754359007,
            "q01%": 1156.510024539636,
            "q75%": 1198.2816902169711
        },
        {
            "median": -263.1809276854288,
            "2sigma": [
                -265.6415908398567,
                -255.96491368550593
            ],
            "1sigma": [
                -264.83290596496937,
                -260.34641475210316
            ],
            "5sigma": [
                -266.51899517916513,
                -247.11218604591784
            ],
            "q10%": -265.13104538175025,
            "q99%": -254.44487277799885,
            "q90%": -259.28565555166915,
            "3sigma": [
                -266.0570253963577,
                -251.63964197835196
            ],
            "q25%": -264.4412961647509,
            "sigma": 2.2432456064331063,
            "q01%": -265.8217372561747,
            "q75%": -261.3531026815788
        },
        {
            "median": 0.07745849961882259,
            "2sigma": [
                0.07052766549335084,
                0.08505496783226994
            ],
            "1sigma": [
                0.0738791172407208,
                0.08143619406020344
            ],
            "5sigma": [
                0.06123207402609105,
                0.09324168327533679
            ],
            "q10%": 0.07287592845550066,
            "q99%": 0.08657681810542016,
            "q90%": 0.08268447572057627,
            "3sigma": [
                0.06745812179465206,
                0.08860732195780693
            ],
            "q25%": 0.07488764363311647,
            "sigma": 0.003778538409741322,
            "q01%": 0.06924620937381215,
            "q75%": 0.08012099024859734
        },
        {
            "median": 71.41049741819435,
            "2sigma": [
                71.36293758068463,
                71.46174815871821
            ],
            "1sigma": [
                71.38477872987464,
                71.43760455184287
            ],
            "5sigma": [
                71.30243163748183,
                71.5501772283198
            ],
            "q10%": 71.37936207986677,
            "q99%": 71.47105639439947,
            "q90%": 71.4441378896172,
            "3sigma": [
                71.33938354177461,
                71.49329812470313
            ],
            "q25%": 71.39283386717644,
            "sigma": 0.02641291098411358,
            "q01%": 71.35209822553095,
            "q75%": 71.42859781535051
        },
        {
            "median": 3.49158972640572,
            "2sigma": [
                3.308983269650165,
                3.654180422129918
            ],
            "1sigma": [
                3.39550086172731,
                3.5758521297817962
            ],
            "5sigma": [
                3.056736805475379,
                3.884107985226774
            ],