{
    "nested sampling global log-evidence error": 0.4162220939507127,
    "nested sampling global log-evidence": -924.4867796381678,
    "nested importance sampling global log-evidence": -928.1790388642241,
    "global evidence error": 0.009366024380755112,
    "nested importance sampling global log-evidence error": 0.009366024380755112,
    "modes": [
        {
            "local log-evidence error": 0.009366024380755112,
            "mean": [
                1882.6307841014511,
                -239.87964030762433,
                278.1795425333712,
                -244.99125566481553,
                74.78242297223917,
                0.5164729038232905,
                78.08470489852999,
                17.4379652013975,
                12.946218361366249
            ],
            "maximum": [
                1878.4458053322496,
                -223.28535424431993,
                253.88292033819107,
                -229.4343683988036,
                71.10466688164979,
                0.5081511290462032,
                78.08191783418931,
                17.42091568830348,
                13.485523804520467
            ],
            "strictly local log-evidence": -928.1790388642241,
            "local log-evidence": -928.1790388642241,
            "strictly local log-evidence error": 0.009366024380755112,
            "index": 0,
            "sigma": [
                12.023393675963309,
                47.82329726452367,
                70.34884489797828,
                45.33348630244017,
                10.804244957454278,
                0.020258131209100357,
                0.05624159823852435,
                0.08428616895604159,
                1.421522792956295
            ],
            "maximum a posterior": [
                1878.4458053322496,
                -223.28535424431993,
                253.88292033819107,
                -229.4343683988036,
                71.10466688164979,
                0.5081511290462032,
                78.08191783418931,
                17.42091568830348,
                13.485523804520467
            ]
        }
    ],
    "marginals": [
        {
            "q01%": 1857.5891012714205,
            "q25%": 1874.1960509057708,
            "q10%": 1868.3844221057443,
            "3sigma": [
                1852.1909965942355,
                1924.4151827451863
            ],
            "1sigma": [
                1871.0242170903905,
                1894.080219814898
            ],
            "median": 1881.60076689084,
            "q90%": 1898.2318005473637,
            "q75%": 1890.1175208147863,
            "q99%": 1916.3943118981326,
            "5sigma": [
                1829.924355740124,
                1960.8137978251832
            ],
            "2sigma": [
                1861.3161355763732,
                1909.9693870081483
            ],
            "sigma": 11.528001362253804
        },
        {
            "q01%": -374.47145298919474,
            "q25%": -269.5985905288178,
            "q10%": -302.14002064408976,
            "3sigma": [
                -406.1567462016561,
                -119.04779094369181
            ],
            "1sigma": [
                -285.4550504060463,
                -193.5952687549919
            ],
            "median": -235.8372587734059,
            "q90%": -183.23388549224876,
            "q75%": -206.3634086524764,
            "q99%": -140.29568337920023,
            "5sigma": [
                -551.9865881978487,
                -30.908811406853516
            ],
            "2sigma": [
                -348.7558153879515,
                -155.52883797715407
            ],
            "sigma": 45.92989082552721
        },
        {
            "q01%": 131.42317740602587,
            "q25%": 228.7870103704597,
            "q10%": 194.420723963544,
            "3sigma": [
                100.41611787230691,
                522.5951786819408
            ],
            "1sigma": [
                209.93484985371168,
                345.62004513575766
            ],
            "median": 272.283639990983,
            "q90%": 369.52269086115155,
            "q75%": 321.7541306530271,
            "q99%": 476.1656510707048,
            "5sigma": [
                -28.620918079297905,
                737.7351393313334
            ],
            "2sigma": [
                154.49001100904746,
                437.9895728485911
            ],
            "sigma": 67.84259764102299
        },
        {
            "q01%": -372.73355761316594,
            "q25%": -272.9119944869408,
            "q10%": -303.8176361509029,
            "3sigma": [
                -402.42025552550064,
                -130.64659398931116
            ],
            "1sigma": [
                -288.54234443514747,
                -201.05715674955064
            ],
            "median": -241.1998466046053,
            "q90%": -190.82553144378352,
            "q75%": -213.19126252887781,
            "q99%": -150.5091312107487,
            "5sigma": [
                -542.2731901975354,
                -47.84614061905226
            ],
            "2sigma": [
                -348.1375712595567,
                -164.9089072786895
            ],
            "sigma": 43.742593842798414
        },
        {
            "q01%": 52.26177884342138,
            "q25%": 67.19234585512285,
            "q10%": 61.90758100088053,
            "3sigma": [
                47.53839313314544,
                112.26094764848585
            ],
            "1sigma": [
                64.2280271943194,
                85.21791110302574
            ],
            "median": 73.85593565358765,
            "q90%": 88.74947393988887,
            "q75%": 81.44395365761257,
            "q99%": 105.13508080215914,
            "5sigma": [
                27.843722458471742,
                145.50148727861622
            ],
            "2sigma": [
                55.57668600651564,
                99.33427536922628
            ],
            "sigma": 10.494941954353173
        },
        {
            "q01%": 0.476422284395106,
            "q25%": 0.5023409161369905,
            "q10%": 0.49275238539064287,
            "3sigma": [
                0.4672037763216298,
                0.5884453879967796
            ],
            "1sigma": [
                0.49740321478054333,
                0.5355239525069319
            ],
            "median": 0.5147211372631724,
            "q90%": 0.5426475128748851,
            "q75%": 0.5281381670098263,
            "q99%": 0.5742019063831706,
            "5sigma": [
                0.43291077806000106,
                0.6588037203407019
            ],
            "2sigma": [
                0.4815347805996406,
                0.5635791524977426
            ],
            "sigma": 0.01906036886319426
        },
        {
            "q01%": 77.94072022385981,
            "q25%": 78.04874569696334,
            "q10%": 78.0091882682141,
            "3sigma": [
                77.89288077807161,
                78.23685675880331
            ],
            "1sigma": [
                78.02860513036654,
                78.13961770421179
            ],
            "median": 78.08816864545672,
            "q90%": 78.15346801484102,
            "q75%": 78.12383034131351,
            "q99%": 78.20386352875313,
            "5sigma": [
                77.79860786040597,
                78.30538084651835
            ],
            "2sigma": [
                77.96697713500879,
                78.18469761375209
            ],
            "sigma": 0.05550628692262194
        },
        {
            "q01%": 17.238953458917443,
            "q25%": 17.380819272699362,
            "q10%": 17.32857354332958,
            "3sigma": [
                17.176372792455663,
                17.67876117846003
            ],
            "1sigma": [
                17.351805860395956,
                17.52128053874634
            ],
            "median": 17.441504145454953,