{
    "modes": [
        {
            "maximum": [
                1816.1730076986205,
                24.192630206516696,
                -111.07684062903172,
                7.186600725590324,
                14.215959044691772,
                0.4918236056349975,
                78.44199691935648,
                18.566437583751693,
                7.464517566405186
            ],
            "local log-evidence": 115.44067590746548,
            "strictly local log-evidence": 115.44067590746548,
            "mean": [
                1754.819799000491,
                266.4159272008486,
                -465.7124705200707,
                235.3861355441922,
                -40.257522772255186,
                0.4681888914171747,
                78.52839726967883,
                18.730892433093775,
                8.193773506292292
            ],
            "sigma": [
                107.69087096890973,
                428.54107086134263,
                630.8419703329118,
                406.9347253101148,
                97.09829347843953,
                0.172500540437021,
                2.097983630347119,
                3.3409262347751922,
                3.3352483202314263
            ],
            "local log-evidence error": 0.04021447403608246,
            "index": 0,
            "strictly local log-evidence error": 0.04021447403608246,
            "maximum a posterior": [
                1816.1730076986205,
                24.192630206516696,
                -111.07684062903172,
                7.186600725590324,
                14.215959044691772,
                0.4918236056349975,
                78.44199691935648,
                18.566437583751693,
                7.464517566405186
            ]
        }
    ],
    "nested importance sampling global log-evidence": 115.44067590746548,
    "nested sampling global log-evidence": 118.76782919550216,
    "nested sampling global log-evidence error": 0.3438947985767588,
    "nested importance sampling global log-evidence error": 0.04021447403608246,
    "global evidence": 115.44067590746548,
    "marginals": [
        {
            "2sigma": [
                1487.8090025209792,
                1937.1704915870907
            ],
            "q25%": 1707.8846012042395,
            "q99%": 1970.655187681425,
            "sigma": 82.00629961030018,
            "q01%": 1379.4893418092017,
            "q10%": 1639.6807883061672,
            "q75%": 1817.5029515404972,
            "3sigma": [
                1226.8424868552847,
                2071.950737172861
            ],
            "1sigma": [
                1680.58726784171,
                1844.5998670623103
            ],
            "median": 1765.6981317624404,
            "q90%": 1870.9600971236719,
            "5sigma": [
                1136.710808987279,
                2128.880451203615
            ]
        },
        {
            "2sigma": [
                -456.52139594159087,
                1328.775680903716
            ],
            "q25%": 16.838219443163947,
            "q99%": 1772.6301639530154,
            "sigma": 322.1807714379373,
            "q01%": -592.7865423677791,
            "q10%": -192.92212299017442,
            "q75%": 450.63593116663753,
            "3sigma": [
                -1001.6046545958484,
                2408.250280662917
            ],
            "1sigma": [
                -87.55928887773034,
                556.8022539981444
            ],
            "median": 221.53543370902338,
            "q90%": 717.1074140023676,
            "5sigma": [
                -1238.3204698925238,
                2759.5136600613573
            ]
        },
        {
            "2sigma": [
                -2035.1300951103622,
                594.9560347832047
            ],
            "q25%": -735.3573410517669,
            "q99%": 777.2035676469537,
            "sigma": 469.63176395329145,
            "q01%": -2704.540866331899,
            "q10%": -1117.5222519699835,
            "q75%": -102.44703931027438,
            "3sigma": [
                -3693.519774583221,
                1363.3257010084692
            ],
            "1sigma": [
                -887.8024332883222,
                51.46109461826073
            ],
            "median": -400.86201596883114,
            "q90%": 204.07208886180564,
            "5sigma": [
                -4201.946877273965,
                1706.626882496006
            ]
        },
        {
            "2sigma": [
                -440.66049777498324,
                1246.3540930924719
            ],
            "q25%": 1.9319831979205464,
            "q99%": 1691.3083977108688,
            "sigma": 301.0571392512899,
            "q01%": -562.088146381993,
            "q10%": -192.70670789918245,
            "q75%": 406.06847172432145,
            "3sigma": [
                -961.4715038317679,
                2365.513168395113
            ],
            "1sigma": [
                -96.49969678982599,
                505.6145817127539
            ],
            "median": 192.37356839085678,
            "q90%": 648.1628221577446,
            "5sigma": [
                -1275.00838983797,
                2692.0724540038873
            ]
        },
        {
            "2sigma": [
                -281.61858642113657,
                119.29449041672972
            ],
            "q25%": -80.5374742354794,
            "q99%": 146.56224559149635,
            "sigma": 71.40751662993091,
            "q01%": -391.24603412311143,
            "q10%": -138.25607366692927,
            "q75%": 15.130430182498715,
            "3sigma": [
                -561.5102176572435,
                240.44654801471438
            ],
            "1sigma": [
                -104.08899670905015,
                38.72603655081166
            ],
            "median": -29.77507015792256,
            "q90%": 60.82898874743027,
            "5sigma": [
                -640.23262698592,
                286.7556633654401
            ]
        },
        {
            "2sigma": [
                0.1314245696893196,
                0.8641471903282406
            ],
            "q25%": 0.3597962590220941,
            "q99%": 0.9823794605778158,
            "sigma": 0.15070805134209372,
            "q01%": 0.1055808492995249,
            "q10%": 0.29351441591216226,
            "q75%": 0.5564494629601718,
            "3sigma": [
                0.07488339630473223,
                1.184085328910455
            ],
            "1sigma": [
                0.3224585175358013,
                0.6238746202199887
            ],
            "median": 0.44394445135295685,
            "q90%": 0.6946482179404233,
            "5sigma": [
                0.0020484758401970167,
                1.6819848236051138
            ]
        },
        {
            "2sigma": [
                76.98477615701407,
                84.83592615281428
            ],
            "q25%": 77.92864375762375,
            "q99%": 89.23819005998621,
            "sigma": 0.4588566152937119,
            "q01%": 72.46644598633945,
            "q10%": 77.64927322120009,
            "q75%": 78.52987694366257,
            "3sigma": [
                69.40693176847108,
                89.87974549863198
            ],
            "1sigma": [
                77.78066605188157,
                78.69837928246899
            ],
            "median": 78.23367234713295,
            "q90%": 78.89638642807601,
            "5sigma": [
                60.0962994899316,
                89.9984377101022
            ]
        },
        {
            "2sigma": [
                7.137975090384471,
                22.0578757008344
            ],
            "q25%": 18.312012185703157,
            "q99%": 33.12110528818329,
            "sigma": 0.8832380092474033,
            "q01%": 5.984865630686161,
            "q10%": 17.754405857460583,
            "q75%": 19.4542512443501,