{
    "modes": [
        {
            "strictly local log-evidence": 114.74239670393168,
            "local log-evidence": 114.74239670393168,
            "index": 0,
            "maximum a posterior": [
                1736.1792997938564,
                341.1111150531242,
                -575.1696233598668,
                304.7041009631821,
                -56.281134295244556,
                0.3542571983651408,
                78.53445773822662,
                18.598262819597437,
                11.776168383459364
            ],
            "sigma": [
                117.11497785361004,
                466.5636798505727,
                687.5420100802968,
                443.9623838510275,
                106.04153074638816,
                0.19003428741644773,
                2.4584667532284827,
                4.68438246877575,
                5.473199266587133
            ],
            "strictly local log-evidence error": 0.012628612553099551,
            "mean": [
                1734.7077062147134,
                347.2911821809605,
                -585.8690555378373,
                313.49868309299285,
                -59.016040804076376,
                0.4402848714706687,
                79.00781166088844,
                17.789560525945,
                6.954465010332706
            ],
            "local log-evidence error": 0.012628612553099551,
            "maximum": [
                1736.1792997938564,
                341.1111150531242,
                -575.1696233598668,
                304.7041009631821,
                -56.281134295244556,
                0.3542571983651408,
                78.53445773822662,
                18.598262819597437,
                11.776168383459364
            ]
        }
    ],
    "nested sampling global log-evidence": 118.16101162336903,
    "nested importance sampling global log-evidence": 114.74239670393168,
    "nested importance sampling global log-evidence error": 0.012628612553099551,
    "global evidence": 114.74239670393168,
    "marginals": [
        {
            "q75%": 1810.3336389122742,
            "q10%": 1526.915354825812,
            "5sigma": [
                1151.7970747644083,
                2044.1372325545442
            ],
            "sigma": 116.8389446955249,
            "q01%": 1455.4981925550785,
            "2sigma": [
                1476.4256301382804,
                1919.4140264699847
            ],
            "q90%": 1864.235200845888,
            "q99%": 1954.8248349855112,
            "q25%": 1687.92073588821,
            "median": 1756.349430612755,
            "1sigma": [
                1606.1677332430072,
                1839.845622634057
            ],
            "3sigma": [
                1369.6876897467714,
                1997.6002517234408
            ]
        },
        {
            "q75%": 526.5068000018507,
            "q10%": -168.28417694684882,
            "5sigma": [
                -878.8773399518019,
                2591.933654544499
            ],
            "sigma": 463.01983349625795,
            "q01%": -526.3991332716956,
            "2sigma": [
                -383.61797592360483,
                1376.3602515742257
            ],
            "q90%": 1176.1836513725273,
            "q99%": 1467.820968727452,
            "q25%": 46.36497339029599,
            "median": 260.29206213332975,
            "1sigma": [
                -70.31327343901694,
                855.726393553499
            ],
            "3sigma": [
                -700.3647159574487,
                1850.0867264744577
            ]
        },
        {
            "q75%": -143.84891445539128,
            "q10%": -1810.3302569741138,
            "5sigma": [
                -3787.3973749554207,
                1194.473766123535
            ],
            "sigma": 673.359142391727,
            "q01%": -2249.5216384899877,
            "2sigma": [
                -2103.4959073799055,
                480.3923829700405
            ],
            "q90%": 167.3231536245973,
            "q99%": 687.9305832435098,
            "q25%": -844.580435564591,
            "median": -455.3898615688646,
            "1sigma": [
                -1322.5416306244283,
                24.17665415902578
            ],
            "3sigma": [
                -2906.7831479300617,
                924.250409909702
            ]
        },
        {
            "q75%": 477.856505749687,
            "q10%": -171.73202262893972,
            "5sigma": [
                -828.0039055262167,
                2355.0033246958255
            ],
            "sigma": 431.27632608080967,
            "q01%": -511.2197342325733,
            "2sigma": [
                -371.0079935718576,
                1292.785857384597
            ],
            "q90%": 1100.8729579154774,
            "q99%": 1398.6613795451624,
            "q25%": 28.395566088380715,
            "median": 226.61474545523876,
            "1sigma": [
                -81.9676248417839,
                780.5850273198355
            ],
            "3sigma": [
                -651.082348146646,
                1864.8534433549241
            ]
        },
        {
            "q75%": 8.899519095109955,
            "q10%": -246.91853894291617,
            "5sigma": [
                -576.0146170846554,
                210.18706106331217
            ],
            "sigma": 102.13690860868472,
            "q01%": -321.96159828075383,
            "2sigma": [
                -293.3997079233764,
                102.18573767295376
            ],
            "q90%": 56.241440975385686,
            "q99%": 134.9717453095747,
            "q25%": -97.59962749275094,
            "median": -37.584077290808004,
            "1sigma": [
                -169.82106159055888,
                34.45275562681056
            ],
            "3sigma": [
                -441.04989879440086,
                167.65736701646492
            ]
        },
        {
            "q75%": 0.5377209053261928,
            "q10%": 0.17973135392119421,
            "5sigma": [
                0.0024018781496443044,
                1.9711282919642952
            ],
            "sigma": 0.16545952194630095,
            "q01%": 0.09615582468063151,
            "2sigma": [
                0.11413214207166202,
                0.8431996309183004
            ],
            "q90%": 0.6705477087688175,
            "q99%": 0.9679967458468967,
            "q25%": 0.33496043653831997,
            "median": 0.4277625173689339,
            "1sigma": [
                0.2726434694225675,
                0.6035625133151694
            ],
            "3sigma": [
                0.07425198578360337,
                1.659781125126392
            ]
        },
        {
            "q75%": 78.68947069241726,
            "q10%": 77.7042272416931,
            "5sigma": [
                60.130753437995416,
                89.84863523107853
            ],
            "sigma": 0.5821611624225724,
            "q01%": 72.3525881864019,
            "2sigma": [
                77.09075782173468,
                85.1864891804461
            ],
            "q90%": 84.14582035335778,
            "q99%": 85.74966502879474,
            "q25%": 78.00701418235214,
            "median": 78.32265858468695,
            "1sigma": [
                77.84876615638606,
                79.01308848123121
            ],
            "3sigma": [
                69.57073318613698,
                88.07599969800062
            ]
        },
        {
            "q75%": 19.425042293523124,
            "q10%": 8.242424414485578,
            "5sigma": [
                0.17572235202235006,
                39.99128927704907
            ],
            "sigma": 1.0766123477461615,
            "q01%": 4.909261908545433,
            "2sigma": [
                5.675447931099068,
                23.05049786345872
            ],
            "q90%": 20.053978641382507,
            "q99%": 33.419640325059774,