{
    "nested importance sampling global log-evidence error": 0.00976757386013825,
    "global evidence": 111.21264752872882,
    "nested importance sampling global log-evidence": 111.21264752872882,
    "modes": [
        {
            "sigma": [
                15.318989841414872,
                61.331622444672774,
                90.94785950970429,
                59.18233708713228,
                14.26770907485,
                0.02230791973591303,
                0.08418856943167151,
                0.13166039132912707,
                0.6294342953722876
            ],
            "strictly local log-evidence error": 0.00976757386013825,
            "mean": [
                1831.6103176998897,
                -43.09443074816553,
                -1.3563566044347022,
                -71.94504744903597,
                35.418473830427736,
                0.44100426240170154,
                77.88115071464395,
                17.710819400858973,
                9.155797095654613
            ],
            "maximum a posterior": [
                1816.3518598137152,
                17.9785928174324,
                -91.74099933829712,
                -13.357205490579872,
                21.37549300338833,
                0.4170716217778422,
                77.92007812856218,
                17.743227000465268,
                9.708089885277007
            ],
            "local log-evidence": 111.21264752872882,
            "index": 0,
            "strictly local log-evidence": 111.21264752872882,
            "local log-evidence error": 0.00976757386013825,
            "maximum": [
                1816.3518598137152,
                17.9785928174324,
                -91.74099933829712,
                -13.357205490579872,
                21.37549300338833,
                0.4170716217778422,
                77.92007812856218,
                17.743227000465268,
                9.708089885277007
            ]
        }
    ],
    "nested sampling global log-evidence error": 0.40145568744516,
    "global evidence error": 0.00976757386013825,
    "marginals": [
        {
            "q25%": 1821.1895324347222,
            "2sigma": [
                1802.8989707964513,
                1862.2504388045497
            ],
            "1sigma": [
                1816.3504045579298,
                1847.1129007422396
            ],
            "q01%": 1797.6417161501881,
            "median": 1830.680136281171,
            "3sigma": [
                1789.18933160217,
                1880.8492775039476
            ],
            "sigma": 15.38124809215492,
            "5sigma": [
                1756.2070625050228,
                1910.8256887755158
            ],
            "q75%": 1841.9195613497243,
            "q10%": 1812.569066776009,
            "q99%": 1868.2805630604523,
            "q90%": 1851.844987187536
        },
        {
            "q25%": -83.99037140088902,
            "2sigma": [
                -165.4270888321324,
                71.3411219776615
            ],
            "1sigma": [
                -105.71110717734186,
                17.964574411571153
            ],
            "q01%": -189.89263206636025,
            "median": -39.29094489105109,
            "3sigma": [
                -241.07867533560895,
                126.46192882564122
            ],
            "sigma": 61.837840794456504,
            "5sigma": [
                -363.33679257709036,
                258.7955226184055
            ],
            "q75%": -1.7896934189502494,
            "q10%": -124.04650905128145,
            "q99%": 93.06459839102747,
            "q90%": 33.04646375743277
        },
        {
            "q25%": -63.16970938824719,
            "2sigma": [
                -171.12969455477852,
                179.79406483058668
            ],
            "1sigma": [
                -92.05704968579788,
                91.25556974922593
            ],
            "q01%": -203.52605456637704,
            "median": -6.4562060548395745,
            "3sigma": [
                -253.2607900532011,
                292.1365271280683
            ],
            "sigma": 91.6563097175119,
            "5sigma": [
                -449.70167762455804,
                474.3968316095494
            ],
            "q75%": 58.94734492250328,
            "q10%": -114.47334839943764,
            "q99%": 215.64743507321668,
            "q90%": 119.33228321698846
        },
        {
            "q25%": -111.02815773061542,
            "2sigma": [
                -190.3735804870651,
                38.73963750440493
            ],
            "1sigma": [
                -132.56781071770433,
                -12.598058947553145
            ],
            "q01%": -212.7170347429136,
            "median": -69.06560860375455,
            "3sigma": [
                -263.31743860987245,
                91.8358285175505
            ],
            "sigma": 59.984875885075596,
            "5sigma": [
                -383.0127815361694,
                219.81856657944095
            ],
            "q75%": -31.75690933296769,
            "q10%": -151.08649438961086,
            "q99%": 60.05050101756654,
            "q90%": 2.11909651418961
        },
        {
            "q25%": 25.654504051806924,
            "2sigma": [
                8.769368592562834,
                64.02974423449507
            ],
            "1sigma": [
                21.061127931650436,
                50.10412340946637
            ],
            "q01%": 3.6956765189168577,
            "median": 34.77699575834576,
            "3sigma": [
                -4.049094202919521,
                81.50026858169184
            ],
            "sigma": 14.521497738907966,
            "5sigma": [
                -35.071865341392765,
                110.41613205111638
            ],
            "q75%": 44.75837701781213,
            "q10%": 17.59223425818293,
            "q99%": 69.0316895958118,
            "q90%": 54.45204790975608
        },
        {
            "q25%": 0.4252275576987429,
            "2sigma": [
                0.4016659778829118,
                0.489546309892846
            ],
            "1sigma": [
                0.41861427689918096,
                0.4624487069439094
            ],
            "q01%": 0.39503734049412326,
            "median": 0.4395981608216357,
            "3sigma": [
                0.38324631163167067,
                0.5230046730812218
            ],
            "sigma": 0.02191721502236421,
            "5sigma": [
                0.3472291399886564,
                0.6029017809620588
            ],
            "q75%": 0.45480221609059546,
            "q10%": 0.413647930484006,
            "q99%": 0.500687598396413,
            "q90%": 0.4698435585515672
        },
        {
            "q25%": 77.82253517615078,
            "2sigma": [
                77.72208323976625,
                78.0465477707254
            ],
            "1sigma": [
                77.79749475500518,
                77.96626479229467
            ],
            "q01%": 77.69735181014289,
            "median": 77.88120347597551,
            "3sigma": [
                77.64699425216601,
                78.13273417963929
            ],
            "sigma": 0.08438501864474546,
            "5sigma": [
                77.55176705384459,
                78.30667239315156
            ],
            "q75%": 77.9383847071537,
            "q10%": 77.77135447634464,
            "q99%": 78.0851482103441,
            "q90%": 77.98892334663235
        },
        {
            "q25%": 17.622659603591085,
            "2sigma": [
                17.460177223968657,
                17.973181453374625
            ],
            "1sigma": [
                17.578732998401804,
                17.844454454634036
            ],
            "q01%": 17.422175702978986,
            "median": 17.706361852877993,