{
    "global evidence": -140.85485560630437,
    "global evidence error": 0.008859590863351356,
    "marginals": [
        {
            "q99%": 2023.4425979318205,
            "median": 1988.7411187030857,
            "1sigma": [
                1973.2437457281271,
                2003.531244740188
            ],
            "2sigma": [
                1959.4639145198776,
                2017.9836742035875
            ],
            "sigma": 15.143749506030417,
            "q25%": 1978.442165035606,
            "3sigma": [
                1942.5186418740348,
                2034.1982033276624
            ],
            "q90%": 2007.9585024007843,
            "q01%": 1953.317764253285,
            "q75%": 1998.6369821139072,
            "q10%": 1969.234660821538,
            "5sigma": [
                1916.1251195930083,
                2063.4786124111215
            ]
        },
        {
            "q99%": -518.3639740269716,
            "median": -656.7288057200286,
            "1sigma": [
                -714.8424741827564,
                -596.152318134977
            ],
            "2sigma": [
                -771.1509156408841,
                -542.0654052330003
            ],
            "sigma": 59.3450780238897,
            "q25%": -695.5340459593284,
            "3sigma": [
                -835.1551829407043,
                -476.1068255023485
            ],
            "q90%": -580.1417791252157,
            "q01%": -793.1082326229033,
            "q75%": -616.5732447605699,
            "q10%": -732.3626673895324,
            "5sigma": [
                -950.0256686239476,
                -373.42428368015675
            ]
        },
        {
            "q99%": 1084.1986404270458,
            "median": 885.7730344175208,
            "1sigma": [
                797.792984057446,
                970.4742779881639
            ],
            "2sigma": [
                718.8024912222679,
                1051.5867215481285
            ],
            "sigma": 86.34064696535893,
            "q25%": 827.5685465267295,
            "3sigma": [
                624.0109843023658,
                1144.832985887538
            ],
            "q90%": 995.8650095609864,
            "q01%": 686.0799028469253,
            "q75%": 941.9506129218947,
            "q10%": 774.9345145995989,
            "5sigma": [
                475.7270168422477,
                1309.4962917047026
            ]
        },
        {
            "q99%": -508.13011387300566,
            "median": -634.3585814822949,
            "1sigma": [
                -688.3259006554972,
                -578.2248086282699
            ],
            "2sigma": [
                -740.2455312820193,
                -528.0561404272311
            ],
            "sigma": 55.050546013613655,
            "q25%": -670.0498581022454,
            "3sigma": [
                -798.9733934967514,
                -468.0452823454854
            ],
            "q90%": -563.6398489504451,
            "q01%": -760.8078779115615,
            "q75%": -597.1375311011641,
            "q10%": -704.1812202250721,
            "5sigma": [
                -904.4770392296462,
                -374.5992928474173
            ]
        },
        {
            "q99%": 197.32138225518824,
            "median": 167.41723613166806,
            "1sigma": [
                154.10184476984082,
                180.04128936595066
            ],
            "2sigma": [
                142.33522847735244,
                192.43235999806484
            ],
            "sigma": 12.969722298054918,
            "q25%": 158.55390725604417,
            "3sigma": [
                128.2268271421768,
                206.0891338385213
            ],
            "q90%": 183.77535001877862,
            "q01%": 137.5712295469687,
            "q75%": 175.78328735331854,
            "q10%": 150.63959223064862,
            "5sigma": [
                106.11779951699775,
                231.1617837735921
            ]
        },
        {
            "q99%": 0.6384516980499358,
            "median": 0.5977439485913445,
            "1sigma": [
                0.579887342899415,
                0.6158656565139712
            ],
            "2sigma": [
                0.5633669579970678,
                0.6323774675088791
            ],
            "sigma": 0.017989156807278084,
            "q25%": 0.5858661589825961,
            "3sigma": [
                0.545797960574239,
                0.6504570220182531
            ],
            "q90%": 0.6209680903495122,
            "q01%": 0.5569827337404655,
            "q75%": 0.609910689037536,
            "q10%": 0.5750170208943762,
            "5sigma": [
                0.5109350125748491,
                0.6833595881258592
            ]
        },
        {
            "q99%": 78.25285279421227,
            "median": 78.18675798187205,
            "1sigma": [
                78.15614102178907,
                78.21606384755253
            ],
            "2sigma": [
                78.12622345196218,
                78.24273916545347
            ],
            "sigma": 0.029961412881732485,
            "q25%": 78.16647123563644,
            "3sigma": [
                78.09403422581296,
                78.27217082718074
            ],
            "q90%": 78.22346726370691,
            "q01%": 78.11648408283428,
            "q75%": 78.20705813099886,
            "q10%": 78.14733547492939,
            "5sigma": [
                78.02632733162169,
                78.3280055529665
            ]
        },
        {
            "q99%": 17.71201316135823,
            "median": 17.564332287074635,
            "1sigma": [
                17.504670808499426,
                17.628503065638895
            ],
            "2sigma": [
                17.447434348528798,
                17.691267900757875
            ],
            "sigma": 0.061916128569734497,
            "q25%": 17.523209076733487,
            "3sigma": [
                17.382451326736728,
                17.762789947142423
            ],
            "q90%": 17.64718924012602,
            "q01%": 17.433784839111702,
            "q75%": 17.60777962502056,
            "q10%": 17.48705639905305,
            "5sigma": [
                17.290580051142737,
                17.901996537712954
            ]
        },
        {
            "q99%": 9.695782779503363,
            "median": 8.481354695603345,
            "1sigma": [
                8.01785835840573,
                8.967483734521574
            ],
            "2sigma": [
                7.625422206808748,
                9.512673598544712
            ],
            "sigma": 0.47481268805792176,
            "q25%": 8.160073468559158,
            "3sigma": [
                7.232661112855042,
                10.057911850787352
            ],
            "q90%": 9.132419099291509,
            "q01%": 7.5002954765990415,
            "q75%": 8.79635233608342,
            "q10%": 7.8923296818740525,
            "5sigma": [
                6.665159379858502,
                11.390586665018535
            ]
        }
    ],
    "modes": [
        {
            "strictly local log-evidence": -140.85485560630437,
            "maximum a posterior": [
                1992.2157865732688,
                -670.0898381823172,
                904.8204073275383,
                -646.2781705213029,
                170.13936397425186,
                0.6008201588448857,
                78.19463879258366,
                17.571178847957476,
                8.37036044489994
            ],
            "index": 0,
            "sigma": [
                15.118288326704496,
                59.23789267243329,
                85.9759985199133,
                54.76334022800149,
                12.923614626769725,
                0.017871802126219784,
                0.029655854681535396,
                0.0624615899190049,
                0.4826979525996446
            ],