{
    "nested sampling global log-evidence": 70.5836862827989,
    "nested importance sampling global log-evidence": 68.64247874482838,
    "modes": [
        {
            "strictly local log-evidence error": 0.0167899723336998,
            "strictly local log-evidence": 68.64247874482838,
            "local log-evidence": 68.64247874482838,
            "maximum a posterior": [
                1499.734193310163,
                1288.6549200183863,
                -1978.754887319115,
                1214.5119021058913,
                -273.92661929577594,
                0.2885007632953883,
                90.99427924885167,
                20.571534741758647,
                9.955794386596839
            ],
            "local log-evidence error": 0.0167899723336998,
            "maximum": [
                1499.734193310163,
                1288.6549200183863,
                -1978.754887319115,
                1214.5119021058913,
                -273.92661929577594,
                0.2885007632953883,
                90.99427924885167,
                20.571534741758647,
                9.955794386596839
            ],
            "index": 0,
            "sigma": [
                27.191964467019726,
                108.92157687055298,
                161.36172572862395,
                104.49646595504892,
                24.863510327152163,
                0.07009625439961366,
                3.480316682646358,
                6.669868195395306,
                3.2858308483092196
            ],
            "mean": [
                1528.9611026908376,
                1170.9819135357934,
                -1803.5839410070075,
                1100.5653950631054,
                -246.70767250203633,
                0.21844014764227437,
                87.42467396517804,
                13.310101229331018,
                6.067132932593325
            ]
        }
    ],
    "marginals": [
        {
            "5sigma": [
                1494.7539128470282,
                1600.0079911872672
            ],
            "3sigma": [
                1495.0024264873268,
                1580.119974863174
            ],
            "2sigma": [
                1496.0169911150042,
                1569.6991874207167
            ],
            "1sigma": [
                1498.0450873373647,
                1558.2596108856687
            ],
            "q90%": 1562.00802329,
            "median": 1538.778634083881,
            "q10%": 1497.075485793142,
            "q01%": 1495.646033469471,
            "q75%": 1553.6307176820123,
            "q99%": 1573.9349787299425,
            "q25%": 1499.8366745460016,
            "sigma": 30.107261774151993
        },
        {
            "5sigma": [
                882.938509816092,
                1305.366434971183
            ],
            "3sigma": [
                966.0615673634221,
                1305.0552063688356
            ],
            "2sigma": [
                1007.4938161684199,
                1302.379832515144
            ],
            "1sigma": [
                1053.2654996496701,
                1295.1630716803286
            ],
            "q90%": 1298.7678630974046,
            "median": 1131.9177893873164,
            "q10%": 1038.1587363846306,
            "q01%": 990.2359899157047,
            "q75%": 1287.5216874559183,
            "q99%": 1303.3531674644823,
            "q25%": 1071.5449205124432,
            "sigma": 120.94878601532923
        },
        {
            "5sigma": [
                -1999.987312952196,
                -1371.534314052745
            ],
            "3sigma": [
                -1999.8086193775735,
                -1499.5955172411138
            ],
            "2sigma": [
                -1998.33101173667,
                -1558.930121164938
            ],
            "1sigma": [
                -1987.6271294589628,
                -1629.2813085068458
            ],
            "q90%": -1606.7294624593392,
            "median": -1746.9095811326597,
            "q10%": -1992.6385434716226,
            "q01%": -1999.0382199170592,
            "q75%": -1656.5274078378372,
            "q99%": -1534.2717030061447,
            "q25%": -1976.405309603832,
            "sigma": 179.17291047605852
        },
        {
            "5sigma": [
                815.367790356931,
                1231.7117931854953
            ],
            "3sigma": [
                902.240552435278,
                1229.5778224753778
            ],
            "2sigma": [
                940.5963905030985,
                1226.7217073262132
            ],
            "1sigma": [
                987.3809775089609,
                1219.5511814446693
            ],
            "q90%": 1222.7166666074081,
            "median": 1065.8840814826376,
            "q10%": 971.9789636553487,
            "q01%": 923.5051131797669,
            "q75%": 1212.2174669341123,
            "q99%": 1227.6904364918516,
            "q25%": 1005.0540611861117,
            "sigma": 116.0851019678542
        },
        {
            "5sigma": [
                -279.19415014291326,
                -176.9142398235967
            ],
            "3sigma": [
                -278.1578769587943,
                -198.950321032823
            ],
            "2sigma": [
                -276.81604796383624,
                -208.02727816004617
            ],
            "1sigma": [
                -274.9979748893308,
                -219.67493711368544
            ],
            "q90%": -215.8754060451696,
            "median": -239.0319734905186,
            "q10%": -275.77603118277256,
            "q01%": -277.1872413862615,
            "q75%": -224.04344501532256,
            "q99%": -203.92509995353225,
            "q25%": -273.20625790861465,
            "sigma": 27.66151888782268
        },
        {
            "5sigma": [
                0.10358356949576779,
                0.413498856915602
            ],
            "3sigma": [
                0.12826402357901517,
                0.3472749588736461
            ],
            "2sigma": [
                0.13686383769773006,
                0.3213212443318427
            ],
            "1sigma": [
                0.14922839325400908,
                0.2990926556395698
            ],
            "q90%": 0.3062532154776979,
            "median": 0.17184977457551895,
            "q10%": 0.14546088657115636,
            "q01%": 0.13333112750377749,
            "q75%": 0.2910133986332058,
            "q99%": 0.33000308022415664,
            "q25%": 0.15462632210878327,
            "sigma": 0.07493213119278037
        },
        {
            "5sigma": [
                83.10389352417411,
                94.99375868076638
            ],
            "3sigma": [
                83.50455847820022,
                93.12499646933307
            ],
            "2sigma": [
                83.78055652338924,
                92.18352707695117
            ],
            "1sigma": [
                84.10928098353148,
                91.35111947738817
            ],
            "q90%": 91.59901496256687,
            "median": 84.69824649242388,
            "q10%": 83.99703561516134,
            "q01%": 83.6864017829838,
            "q75%": 91.08894410701181,
            "q99%": 92.48638192232548,
            "q25%": 84.2491033137472,
            "sigma": 3.620919246928345
        },
        {
            "5sigma": [
                5.080663983850824,
                27.795856254356394
            ],
            "3sigma": [
                5.665893104951205,
                24.191763389148065
            ],
            "2sigma": [
                6.267526553726948,
                22.504466428324637
            ],
            "1sigma": [
                6.973219266128713,
                20.832977715152374
            ],
            "q90%": 21.281595549258448,
            "median": 8.062753653691946,
            "q10%": 6.754743022728173,
            "q01%": 6.059035601894565,