{
    "nested sampling global log-evidence": -5731.7600814701955,
    "modes": [
        {
            "index": 0,
            "maximum": [
                -12703.052120672502,
                -6900.57689905716,
                -2210.8014393637113,
                178.94707744041625,
                14274.711420275005,
                0.33648101238141054,
                76.80203788135063,
                19.29379326531042,
                14.702255615775089
            ],
            "strictly local log-evidence": -5729.583668291034,
            "local log-evidence error": 0.38004927636663444,
            "mean": [
                -12721.205917357434,
                -6910.803226456516,
                -2211.6648446665945,
                178.48454977420238,
                14293.31219452189,
                0.3264483372018547,
                77.21458268493856,
                19.611999051290347,
                14.434432227025464
            ],
            "sigma": [
                6.908169512010399,
                3.8420104659282117,
                0.4302456373635512,
                0.17144054165619171,
                7.057389330217512,
                0.003698928582606973,
                0.15131572315486447,
                0.12282939888000659,
                0.11033089743898516
            ],
            "strictly local log-evidence error": 0.38004927636663444,
            "maximum a posterior": [
                -12703.052120672502,
                -6900.57689905716,
                -2210.8014393637113,
                178.94707744041625,
                14274.711420275005,
                0.33648101238141054,
                76.80203788135063,
                19.29379326531042,
                14.702255615775089
            ],
            "local log-evidence": -5729.583668291034
        }
    ],
    "nested sampling global log-evidence error": 0.5123840397557047,
    "marginals": [
        {
            "1sigma": [
                -12724.49796887346,
                -12722.52184153584
            ],
            "q01%": -12726.111492928723,
            "q99%": -12701.52717333875,
            "median": -12723.502152383593,
            "q25%": -12723.995297255733,
            "q90%": -12703.686714204481,
            "q10%": -12725.162643859838,
            "q75%": -12722.93042798865,
            "3sigma": [
                -12726.422324547973,
                -12700.555645514589
            ],
            "sigma": 0.988063668810355,
            "2sigma": [
                -12725.867298677522,
                -12702.316216930463
            ],
            "5sigma": [
                -12726.952965375138,
                -12699.754852723656
            ]
        },
        {
            "1sigma": [
                -6912.515799027502,
                -6911.695171016119
            ],
            "q01%": -6913.265684860724,
            "q99%": -6899.891873561957,
            "median": -6912.1495191700715,
            "q25%": -6912.3650758728745,
            "q90%": -6901.027160998596,
            "q10%": -6912.668077762765,
            "q75%": -6911.893288518745,
            "3sigma": [
                -6913.489534673231,
                -6899.405583339906
            ],
            "sigma": 0.41031400569136167,
            "2sigma": [
                -6913.097205731862,
                -6900.254275151071
            ],
            "5sigma": [
                -6913.766528684251,
                -6898.9295043276215
            ]
        },
        {
            "1sigma": [
                -2211.868413915936,
                -2211.5235679960215
            ],
            "q01%": -2212.4309691253075,
            "q99%": -2210.5109641501963,
            "median": -2211.7171365476634,
            "q25%": -2211.812859437177,
            "q90%": -2210.799951568991,
            "q10%": -2212.270520592204,
            "q75%": -2211.59147989547,
            "3sigma": [
                -2212.5288168525663,
                -2210.2925410354505
            ],
            "sigma": 0.1724229599572027,
            "2sigma": [
                -2212.370573306768,
                -2210.60864447254
            ],
            "5sigma": [
                -2212.784592698619,
                -2210.147865794129
            ]
        },
        {
            "1sigma": [
                178.37590239728226,
                178.5774621169178
            ],
            "q01%": 178.34926030034038,
            "q99%": 178.95491659714915,
            "median": 178.41295012954103,
            "q25%": 178.38726577486818,
            "q90%": 178.88425591685112,
            "q10%": 178.3676690853226,
            "q75%": 178.50270378369487,
            "3sigma": [
                178.33882325406267,
                178.97907696597662
            ],
            "sigma": 0.10077985981776294,
            "2sigma": [
                178.35515973665937,
                178.94090746432767
            ],
            "5sigma": [
                178.32846812388576,
                179.00973550291346
            ]
        },
        {
            "1sigma": [
                14294.731788172603,
                14296.620912092816
            ],
            "q01%": 14273.212593975091,
            "q99%": 14298.198329580597,
            "median": 14295.679607111402,
            "q25%": 14295.129099101905,
            "q90%": 14297.198629501218,
            "q10%": 14275.378245576076,
            "q75%": 14296.171344654738,
            "3sigma": [
                14272.209118974917,
                14298.508979894706
            ],
            "sigma": 0.9445619601065118,
            "2sigma": [
                14274.005935654837,
                14297.946037025777
            ],
            "5sigma": [
                14271.392634895223,
                14298.923567681128
            ]
        },
        {
            "1sigma": [
                0.32450000641420357,
                0.32691090981309306
            ],
            "q01%": 0.3239467036984496,
            "q99%": 0.3365478383495287,
            "median": 0.32510357714999943,
            "q25%": 0.32465065206909943,
            "q90%": 0.3357982624926946,
            "q10%": 0.324354085981889,
            "q75%": 0.32568090978965647,
            "3sigma": [
                0.31960416556134735,
                0.33681312291712545
            ],
            "sigma": 0.0012054516994447484,
            "2sigma": [
                0.32408287149395276,
                0.3364258904473105
            ],
            "5sigma": [
                0.3185511288024399,
                0.3371098179615676
            ]
        },
        {
            "1sigma": [
                77.24209912832858,
                77.285494741609
            ],
            "q01%": 76.79995847513008,
            "q99%": 77.30577756910786,
            "median": 77.26816088839169,
            "q25%": 77.25405874302287,
            "q90%": 77.29024898427456,
            "q10%": 76.8217055783112,
            "q75%": 77.28025899443804,
            "3sigma": [
                76.79290855568854,
                77.36151470169906
            ],
            "sigma": 0.021697806640212036,
            "2sigma": [
                76.80466860535026,
                77.29996197712161
            ],
            "5sigma": [
                76.78453095577883,
                77.42077577357944
            ]
        },
        {
            "1sigma": [
                19.625054133446906,
                19.662585874286158
            ],
            "q01%": 19.273102903786214,
            "q99%": 19.765188193023018,
            "median": 19.641907391371877,
            "q25%": 19.631605178710014,
            "q90%": 19.718056356047402,
            "q10%": 19.311104610984735,
            "q75%": 19.651472521433725,
            "3sigma": [
                19.259046802602054,
                19.776420230572338
            ],
            "sigma": 0.018765870419626296,