{
    "nested importance sampling global log-evidence": -1398.7227622912958,
    "modes": [
        {
            "strictly local log-evidence error": 0.07660341824324898,
            "maximum a posterior": [
                -9776.457784742126,
                -5603.177880551801,
                -1700.3781314713815,
                112.93255643275916,
                11413.696274939808,
                1.0516357668940965,
                56.099121889187145,
                10.586183167452496,
                1.5203355944927832
            ],
            "index": 0,
            "strictly local log-evidence": -1398.7227622912958,
            "mean": [
                -9869.969990859827,
                -5646.883673775963,
                -1714.381818963609,
                114.15688525346901,
                11505.983870573587,
                1.0568656056072736,
                56.050003823146646,
                10.633967662456188,
                1.5851163988645012
            ],
            "sigma": [
                213.2500569258521,
                99.71520298556395,
                32.08531310847251,
                2.7863305553232194,
                210.48727454098454,
                0.06963830949980149,
                0.28795096570811185,
                0.4863584908858325,
                0.17818627853292085
            ],
            "local log-evidence": -1398.7227622912958,
            "maximum": [
                -9776.457784742126,
                -5603.177880551801,
                -1700.3781314713815,
                112.93255643275916,
                11413.696274939808,
                1.0516357668940965,
                56.099121889187145,
                10.586183167452496,
                1.5203355944927832
            ],
            "local log-evidence error": 0.07660341824324898
        }
    ],
    "nested sampling global log-evidence": -1396.5654159696257,
    "global evidence": -1398.7227622912958,
    "marginals": [
        {
            "q90%": -9593.654416993324,
            "sigma": 210.21893267648466,
            "q10%": -10134.31506863008,
            "q99%": -9371.688426699153,
            "q75%": -9730.713847691408,
            "q25%": -10017.4180624387,
            "3sigma": [
                -10483.142067301022,
                -9154.649891914365
            ],
            "q01%": -10357.676011662677,
            "5sigma": [
                -10761.229805635667,
                -8610.885732608469
            ],
            "2sigma": [
                -10277.24104949465,
                -9431.509401436037
            ],
            "median": -9879.52077977061,
            "1sigma": [
                -10080.622969979773,
                -9660.185104626804
            ]
        },
        {
            "q90%": -5517.638565673648,
            "sigma": 98.69261740548063,
            "q10%": -5770.307247795202,
            "q99%": -5414.364240942173,
            "q75%": -5581.661676940797,
            "q25%": -5715.58586254489,
            "3sigma": [
                -5932.757299043672,
                -5311.177258185696
            ],
            "q01%": -5874.797332352861,
            "5sigma": [
                -6063.315030657879,
                -5058.515161973328
            ],
            "2sigma": [
                -5836.663044103005,
                -5441.947015862715
            ],
            "median": -5651.34595144437,
            "1sigma": [
                -5745.904279182876,
                -5548.519044371915
            ]
        },
        {
            "q90%": -1672.5660175750893,
            "sigma": 31.55008100138332,
            "q10%": -1754.1123630335842,
            "q99%": -1639.4407859496698,
            "q75%": -1693.6192448310028,
            "q25%": -1736.618630674868,
            "3sigma": [
                -1807.103646755162,
                -1607.6673351363195
            ],
            "q01%": -1787.3116963917435,
            "5sigma": [
                -1848.6874165101312,
                -1524.7842936722168
            ],
            "2sigma": [
                -1775.961471369702,
                -1648.4656586280978
            ],
            "median": -1715.8192436803924,
            "1sigma": [
                -1746.1805361860804,
                -1683.0803741833138
            ]
        },
        {
            "q90%": 117.61689049470681,
            "sigma": 2.7461041983376333,
            "q10%": 110.55353390144217,
            "q99%": 120.36498502036793,
            "q75%": 116.06692961479372,
            "q25%": 112.35004428492594,
            "3sigma": [
                105.29991549568406,
                122.17504210047346
            ],
            "q01%": 107.50417835073323,
            "5sigma": [
                97.68121262748821,
                125.77540185694909
            ],
            "2sigma": [
                108.3898150254192,
                119.50128145608905
            ],
            "median": 114.27531758567153,
            "1sigma": [
                111.43628431912207,
                116.92849271579733
            ]
        },
        {
            "q90%": 11766.71925954297,
            "sigma": 208.04738000712587,
            "q10%": 11233.325771584929,
            "q99%": 11987.43255929808,
            "q75%": 11651.590701725194,
            "q25%": 11368.523878853917,
            "3sigma": [
                10799.106363839983,
                12110.812128189167
            ],
            "q01%": 11014.027034463665,
            "5sigma": [
                10263.00756506438,
                12384.833737356705
            ],
            "2sigma": [
                11072.910188815964,
                11907.350099153797
            ],
            "median": 11515.329970699926,
            "1sigma": [
                11298.157529737446,
                11714.252289751697
            ]
        },
        {
            "q90%": 1.1483622604056003,
            "sigma": 0.06928455990296167,
            "q10%": 0.971735496750941,
            "q99%": 1.2431371907524442,
            "q75%": 1.1009511102299723,
            "q25%": 1.007752567841725,
            "3sigma": [
                0.8798583432193232,
                1.298640100151419
            ],
            "q01%": 0.9097540022583895,
            "5sigma": [
                0.8256054283042501,
                1.493358002292586
            ],
            "2sigma": [
                0.9363636867964054,
                1.2082499142053946
            ],
            "median": 1.0516273525791553,
            "1sigma": [
                0.9889421458944656,
                1.127511265700389
            ]
        },
        {
            "q90%": 56.4002932413386,
            "sigma": 0.289621257407358,
            "q10%": 55.666662068207856,
            "q99%": 56.64981135264457,
            "q75%": 56.255213300727725,
            "q25%": 55.8704194678445,
            "3sigma": [
                55.06950755699432,
                56.78918298383911
            ],
            "q01%": 55.295519269152294,
            "5sigma": [
                54.01464478254803,
                57.18353718716172
            ],
            "2sigma": [
                55.451423801158036,
                56.54820989541132
            ],
            "median": 56.07160225598397,
            "1sigma": [
                55.75392764304799,
                56.3331701578627
            ]
        },
        {
            "q90%": 11.270083683489872,
            "sigma": 0.48196243049150933,
            "q10%": 10.02823389224413,
            "q99%": 11.897607221195562,
            "q75%": 10.94404930410725,
            "q25%": 10.294750247943593,
            "3sigma": [
                9.341093979946052,
                12.280269149329941
            ],
            "q01%": 9.608162387687045,
            "5sigma": [
                8.681130320859095,
                13.826066952213472
            ],