{
    "global evidence error": 0.0114670799136513,
    "modes": [
        {
            "index": 0,
            "strictly local log-evidence": -151.3713237431672,
            "maximum a posterior": [
                -1316.674184208966,
                -1470.6470515274812,
                -592.373498787661,
                70.94356467050466,
                2997.6436904752354,
                1.8325964157097347,
                79.051101259312,
                22.689485913005576,
                1.672301920781155
            ],
            "local log-evidence error": 0.0114670799136513,
            "maximum": [
                -1316.674184208966,
                -1470.6470515274812,
                -592.373498787661,
                70.94356467050466,
                2997.6436904752354,
                1.8325964157097347,
                79.051101259312,
                22.689485913005576,
                1.672301920781155
            ],
            "strictly local log-evidence error": 0.0114670799136513,
            "local log-evidence": -151.3713237431672,
            "sigma": [
                113.79026138564353,
                54.3405510318828,
                16.275317137181744,
                1.3960543232319793,
                112.70834421665296,
                0.04843590370980567,
                0.0486418658422456,
                0.16673927390634619,
                0.06327268532122286
            ],
            "mean": [
                -1204.732824171891,
                -1417.5679208991064,
                -576.1789238754112,
                69.77011129500079,
                2886.876632111363,
                1.8355861478170479,
                79.07788977274504,
                22.643322836223806,
                1.7113199461709196
            ]
        }
    ],
    "nested importance sampling global log-evidence": -151.3713237431672,
    "marginals": [
        {
            "q25%": -1285.5062612799159,
            "1sigma": [
                -1297.6462915120524,
                -1109.019860272495
            ],
            "3sigma": [
                -1319.8533745617653,
                -579.0559110638103
            ],
            "q90%": -1055.5488154297564,
            "2sigma": [
                -1315.8018423024523,
                -887.6239885568081
            ],
            "q99%": -796.1128126371851,
            "median": -1240.8739243782125,
            "q75%": -1161.1534750642174,
            "5sigma": [
                -1321.011440227271,
                187.4496843031051
            ],
            "q10%": -1305.878447016583,
            "q01%": -1317.5065977866973,
            "sigma": 94.3132156197787
        },
        {
            "q25%": -1456.1688459886511,
            "1sigma": [
                -1462.4000405744664,
                -1372.1354536387073
            ],
            "3sigma": [
                -1474.7942843742246,
                -1120.1173895872982
            ],
            "q90%": -1345.617553648692,
            "2sigma": [
                -1470.6619568018502,
                -1265.3828879157536
            ],
            "q99%": -1223.4611808148231,
            "median": -1434.5544978580508,
            "q75%": -1396.3538530051953,
            "5sigma": [
                -1476.7983428366929,
                -757.1006498842565
            ],
            "q10%": -1465.6890327261362,
            "q01%": -1472.273572676068,
            "sigma": 45.13229346787955
        },
        {
            "q25%": -587.5272148219271,
            "1sigma": [
                -589.3542474623296,
                -562.5108097283384
            ],
            "3sigma": [
                -596.572312122609,
                -485.98276934927935
            ],
            "q90%": -555.1078081071186,
            "2sigma": [
                -593.711129454958,
                -530.777754803394
            ],
            "q99%": -518.2404527817853,
            "median": -581.0710295272027,
            "q75%": -569.7049426951685,
            "5sigma": [
                -599.8668451392059,
                -375.6451222442333
            ],
            "q10%": -590.811247537565,
            "q01%": -594.6575565613527,
            "sigma": 13.421718866995604
        },
        {
            "q25%": 68.96902734717077,
            "1sigma": [
                68.49269004498184,
                71.04721755814528
            ],
            "3sigma": [
                63.51753291937633,
                73.09016665456102
            ],
            "q90%": 71.36038919099482,
            "2sigma": [
                66.62734414883288,
                72.10948465046188
            ],
            "q99%": 72.4453763513121,
            "median": 69.94944825362265,
            "q75%": 70.69226018418813,
            "5sigma": [
                55.35686327688802,
                73.99126301217372
            ],
            "q10%": 67.98441214741702,
            "q01%": 65.62343979204906,
            "sigma": 1.2772637565817178
        },
        {
            "q25%": 2843.698143758785,
            "1sigma": [
                2792.1909342933236,
                2978.953775872743
            ],
            "3sigma": [
                2267.2064801053325,
                2999.8751677420905
            ],
            "q90%": 2986.8072953971346,
            "2sigma": [
                2571.493681736839,
                2996.8599504359313
            ],
            "q99%": 2998.621705431115,
            "median": 2922.5942670127856,
            "q75%": 2966.8184950671903,
            "5sigma": [
                1508.4661056012033,
                2999.9861979531393
            ],
            "q10%": 2739.262445352173,
            "q01%": 2483.4940474299983,
            "sigma": 93.38142078970964
        },
        {
            "q25%": 1.8029911571725536,
            "1sigma": [
                1.7865864843842942,
                1.884156856964411
            ],
            "3sigma": [
                1.7029229473857483,
                1.9886792437336591
            ],
            "q90%": 1.899592921473894,
            "2sigma": [
                1.7438987406204816,
                1.9381006350611005
            ],
            "q99%": 1.9573680266677962,
            "median": 1.8340961573698447,
            "q75%": 1.866499221467138,
            "5sigma": [
                1.6389235451382296,
                1.9999068196504801
            ],
            "q10%": 1.7733390797876851,
            "q01%": 1.7337084430830147,
            "sigma": 0.04878518629005835
        },
        {
            "q25%": 79.0456817001427,
            "1sigma": [
                79.02879187963039,
                79.12661981395426
            ],
            "3sigma": [
                78.91873417211463,
                79.21739812520703
            ],
            "q90%": 79.13854106506032,
            "2sigma": [
                78.9801774502211,
                79.16907391420263
            ],
            "q99%": 79.18727390462008,
            "median": 79.07844256026709,
            "q75%": 79.11105668823544,
            "5sigma": [
                78.87047574954241,
                79.31629622282544
            ],
            "q10%": 79.01356187929329,
            "q01%": 78.95799276585996,
            "sigma": 0.048913967161936966
        },
        {
            "q25%": 22.529503567782438,
            "1sigma": [
                22.471958153706016,
                22.806404612410518
            ],
            "3sigma": [
                22.16076854871079,
                23.156821442710843
            ],
            "q90%": 22.861868584496357,
            "2sigma": [
                22.3231267472098,
                22.978655797252856
            ],
            "q99%": 23.046067708085126,
            "median": 22.641136500952193,
            "q75%": 22.754065197541017,