{
    "nested importance sampling global log-evidence error": 0.17164896054468595,
    "nested sampling global log-evidence error": NaN,
    "global evidence error": 0.17164896054468595,
    "nested sampling global log-evidence": -10569972546.264517,
    "modes": [
        {
            "local log-evidence": -10569972544.566608,
            "mean": [
                -622.2030822929511,
                9.887447873953423,
                -31.521433367121233,
                1.5302348487455295,
                1929.3779245995568,
                0.8253767419633544,
                86.33876629885435,
                29.80723302516548,
                1.7945165744087002
            ],
            "local log-evidence error": 0.17164896054468595,
            "sigma": [
                7.62939453125e-06,
                NaN,
                NaN,
                5.1619136559035694e-08,
                NaN,
                NaN,
                2.132480599880018e-06,
                NaN,
                NaN
            ],
            "maximum": [
                -622.203084557804,
                9.887447874031068,
                -31.52143334379025,
                1.530234847708698,
                1929.377924601486,
                0.8253767421758337,
                86.3387663294208,
                29.807233016144743,
                1.79451655729883
            ],
            "strictly local log-evidence": -10569972544.566608,
            "index": 0,
            "maximum a posterior": [
                -622.203084557804,
                9.887447874031068,
                -31.52143334379025,
                1.530234847708698,
                1929.377924601486,
                0.8253767421758337,
                86.3387663294208,
                29.807233016144743,
                1.79451655729883
            ],
            "strictly local log-evidence error": 0.17164896054468595
        }
    ],
    "marginals": [
        {
            "median": -622.2030832558588,
            "sigma": 2.424518356747285e-06,
            "q25%": -622.203083817729,
            "2sigma": [
                -622.203084327573,
                -622.2030767179602
            ],
            "1sigma": [
                -622.20308401053,
                -622.2030791614933
            ],
            "q10%": -622.2030841260189,
            "q90%": -622.2030787542108,
            "5sigma": [
                -622.203084557804,
                -622.203057473815
            ],
            "q75%": -622.2030819319153,
            "3sigma": [
                -622.2030845485942,
                -622.2030724136554
            ],
            "q01%": -622.2030844087694,
            "q99%": -622.2030756302538
        },
        {
            "median": 9.887447874250029,
            "sigma": 1.323769538430497e-09,
            "q25%": 9.887447873305458,
            "2sigma": [
                9.887447870032787,
                9.887447876701382
            ],
            "1sigma": [
                9.887447872666144,
                9.887447875313683
            ],
            "q10%": 9.887447871971172,
            "q90%": 9.887447875683165,
            "5sigma": [
                9.887447818630246,
                9.887447886900391
            ],
            "q75%": 9.887447874991267,
            "3sigma": [
                9.887447863563299,
                9.887447877974303
            ],
            "q01%": 9.887447865706816,
            "q99%": 9.887447877128178
        },
        {
            "median": -31.521433365597005,
            "sigma": 1.433938123795997e-08,
            "q25%": -31.521433375812826,
            "2sigma": [
                -31.52143340517713,
                -31.521433340248116
            ],
            "1sigma": [
                -31.52143338134983,
                -31.521433352671067
            ],
            "q10%": -31.521433387163142,
            "q90%": -31.52143334904227,
            "5sigma": [
                -31.52143353661619,
                -31.521433283020922
            ],
            "q75%": -31.521433356411872,
            "3sigma": [
                -31.52143343755301,
                -31.521433310312034
            ],
            "q01%": -31.521433416548206,
            "q99%": -31.521433335983104
        },
        {
            "median": 1.5302348484047752,
            "sigma": 1.08127551357029e-09,
            "q25%": 1.5302348478905787,
            "2sigma": [
                1.530234847241597,
                1.5302348527798182
            ],
            "1sigma": [
                1.530234847708698,
                1.530234849871249
            ],
            "q10%": 1.5302348475586338,
            "q90%": 1.5302348503474217,
            "5sigma": [
                1.5302348417868132,
                1.5302348581380423
            ],
            "q75%": 1.5302348491078208,
            "3sigma": [
                1.5302348467344522,
                1.5302348552102087
            ],
            "q01%": 1.5302348471316158,
            "q99%": 1.5302348535337635
        },
        {
            "median": 1929.377924599757,
            "sigma": 3.2096068025566638e-09,
            "q25%": 1929.3779245976575,
            "2sigma": [
                1929.3779245908738,
                1929.3779246062547
            ],
            "1sigma": [
                1929.3779245966607,
                1929.37792460308
            ],
            "q10%": 1929.3779245957076,
            "q90%": 1929.3779246041497,
            "5sigma": [
                1929.377924570882,
                1929.3779246155964
            ],
            "q75%": 1929.377924601834,
            "3sigma": [
                1929.3779245784765,
                1929.3779246089339
            ],
            "q01%": 1929.377924581845,
            "q99%": 1929.3779246070465
        },
        {
            "median": 0.8253767419784411,
            "sigma": 1.620166223403885e-10,
            "q25%": 0.8253767418516986,
            "2sigma": [
                0.8253767415958089,
                0.8253767422560158
            ],
            "1sigma": [
                0.8253767418003501,
                0.8253767421243834
            ],
            "q10%": 0.8253767417557454,
            "q90%": 0.8253767421631824,
            "5sigma": [
                0.8253767395397261,
                0.8253767508343671
            ],
            "q75%": 0.8253767420730844,
            "3sigma": [
                0.8253767409909982,
                0.8253767425816306
            ],
            "q01%": 0.8253767414380703,
            "q99%": 0.8253767423161921
        },
        {
            "median": 86.3387663099178,
            "sigma": 4.02592306159022e-08,
            "q25%": 86.33876627756102,
            "2sigma": [
                86.33876623269057,
                86.33876634115009
            ],
            "1sigma": [
                86.33876624963267,
                86.33876633015113
            ],
            "q10%": 86.33876624318036,
            "q90%": 86.33876633369971,
            "5sigma": [
                86.33876538057812,
                86.33876635634151
            ],
            "q75%": 86.33876632570721,
            "3sigma": [
                86.33876617855077,
                86.33876635100184
            ],
            "q01%": 86.33876622667783,
            "q99%": 86.33876634468048
        },
        {
            "median": 29.80723302141347,
            "sigma": 5.682778692062129e-08,
            "q25%": 29.807232986984676,
            "2sigma": [
                29.80723291175803,
                29.80723315507624
            ],
            "1sigma": [
                29.80723296870762,
                29.807233082363194
            ],
            "q10%": 29.80723295585532,
            "q90%": 29.807233104499048,
            "5sigma": [
                29.807232597546175,
                29.80723416537801
            ],
            "q75%": 29.807233059612493,