{
    "modes": [
        {
            "local log-evidence error": 0.009770303900657962,
            "maximum a posterior": [
                -12137.220781282558,
                -6619.8915205072335,
                -2136.999060137119,
                177.4947569680844,
                13710.505852104918,
                0.5602142006647602,
                77.69925887097781,
                18.790162488217245,
                6.759994586471049
            ],
            "strictly local log-evidence": -110.16134385568374,
            "maximum": [
                -12137.220781282558,
                -6619.8915205072335,
                -2136.999060137119,
                177.4947569680844,
                13710.505852104918,
                0.5602142006647602,
                77.69925887097781,
                18.790162488217245,
                6.759994586471049
            ],
            "index": 0,
            "local log-evidence": -110.16134385568374,
            "sigma": [
                225.84808781412696,
                106.67658912076625,
                32.947383158224426,
                2.5551311249464352,
                223.31475503841497,
                0.01370583913268494,
                0.03738384835528392,
                0.06408706432811684,
                0.3033599606725204
            ],
            "strictly local log-evidence error": 0.009770303900657962,
            "mean": [
                -12019.860307848412,
                -6564.755894510977,
                -2119.6309095548904,
                176.0691651010029,
                13594.571630095807,
                0.5616938109615275,
                77.71039784452155,
                18.78487401158782,
                6.786318887032196
            ]
        }
    ],
    "global evidence": -110.16134385568374,
    "nested importance sampling global log-evidence": -110.16134385568374,
    "nested sampling global log-evidence": -106.99300688266014,
    "nested importance sampling global log-evidence error": 0.009770303900657962,
    "marginals": [
        {
            "2sigma": [
                -12464.725327389486,
                -11582.226269349876
            ],
            "q25%": -12172.968225647854,
            "q90%": -11728.747791266103,
            "q10%": -12303.764034855109,
            "3sigma": [
                -12685.658146791593,
                -11358.036210721151
            ],
            "5sigma": [
                -13232.714371013844,
                -10822.946811566491
            ],
            "median": -12019.940260270656,
            "q99%": -11505.211591261248,
            "1sigma": [
                -12252.338595536085,
                -11796.118762472597
            ],
            "sigma": 228.1099165317437,
            "q75%": -11866.2736297335,
            "q01%": -12552.206376650787
        },
        {
            "2sigma": [
                -6774.091442839953,
                -6357.454404935994
            ],
            "q25%": -6637.012285474834,
            "q90%": -6427.3873241474375,
            "q10%": -6699.573499121202,
            "3sigma": [
                -6878.043700155937,
                -6251.980236102725
            ],
            "5sigma": [
                -7137.044668854691,
                -5996.967416122315
            ],
            "median": -6564.638868286977,
            "q99%": -6320.644989095864,
            "1sigma": [
                -6674.594176607652,
                -6459.204142424827
            ],
            "sigma": 107.69501709141241,
            "q75%": -6492.339285821254,
            "q01%": -6815.896469331184
        },
        {
            "2sigma": [
                -2184.9653506292902,
                -2055.6913409973245
            ],
            "q25%": -2141.9970146292044,
            "q90%": -2076.9322549457756,
            "q10%": -2161.057345717781,
            "3sigma": [
                -2218.8582509451962,
                -2023.0787845262682
            ],
            "5sigma": [
                -2296.8901336332974,
                -1947.5933239222381
            ],
            "median": -2119.83284478345,
            "q99%": -2044.7488695170027,
            "1sigma": [
                -2153.642588311165,
                -2087.093790156613
            ],
            "sigma": 33.27439907727603,
            "q75%": -2097.4584154050012,
            "q01%": -2197.251338112242
        },
        {
            "2sigma": [
                171.1231048266466,
                181.1825676097635
            ],
            "q25%": 174.34641077097018,
            "q90%": 179.3224542928026,
            "q10%": 172.78981265206613,
            "3sigma": [
                168.68659721690958,
                183.77189170216266
            ],
            "5sigma": [
                163.3471074058235,
                189.83534649991375
            ],
            "median": 176.02171592367185,
            "q99%": 182.03718276346237,
            "1sigma": [
                173.53936593438203,
                178.6819005075369
            ],
            "sigma": 2.571267286577438,
            "q75%": 177.82388317665445,
            "q01%": 170.26466983829002
        },
        {
            "2sigma": [
                13161.438787144476,
                14034.479824347036
            ],
            "q25%": 13442.390732400052,
            "q90%": 13875.646223948903,
            "q10%": 13306.831282230962,
            "3sigma": [
                12939.672614237883,
                14251.798831564547
            ],
            "5sigma": [
                12408.994719037597,
                14792.09226389205
            ],
            "median": 13594.897086109284,
            "q99%": 14120.517864185233,
            "1sigma": [
                13373.031499966075,
                13824.697738627265
            ],
            "sigma": 225.83311933059485,
            "q75%": 13745.991304353716,
            "q01%": 13085.049282539814
        },
        {
            "2sigma": [
                0.5351598264328656,
                0.5897119845689685
            ],
            "q25%": 0.55266609184605,
            "q90%": 0.5792632795212895,
            "q10%": 0.5440980394546742,
            "3sigma": [
                0.5202072047977463,
                0.6059704780721398
            ],
            "5sigma": [
                0.5055126390320079,
                0.6334043300062439
            ],
            "median": 0.5614019067484002,
            "q99%": 0.5953042005041904,
            "1sigma": [
                0.5482470384236766,
                0.5750185287553244
            ],
            "sigma": 0.013385745165823915,
            "q75%": 0.5704679757126773,
            "q01%": 0.5308371780057841
        },
        {
            "2sigma": [
                77.63895846693944,
                77.78609891420862
            ],
            "q25%": 77.6844537854613,
            "q90%": 77.75745532501364,
            "q10%": 77.66152657012596,
            "3sigma": [
                77.6049431009555,
                77.82299344081946
            ],
            "5sigma": [
                77.52331674458873,
                77.88122887099001
            ],
            "median": 77.7108441901404,
            "q99%": 77.79671138116379,
            "1sigma": [
                77.67211164203275,
                77.7468331861542
            ],
            "sigma": 0.03736077206072963,
            "q75%": 77.73527117601513,
            "q01%": 77.62513559644802
        },
        {
            "2sigma": [
                18.661611326688703,
                18.912907662128212
            ],
            "q25%": 18.741797353417994,
            "q90%": 18.865372490580437,
            "q10%": 18.700548391827976,
            "3sigma": [
                18.587540590688743,
                18.98890889208497
            ],
            "5sigma": [
                18.49375697439987,
                19.104340490606074
            ],