{
    "nested importance sampling global log-evidence error": 0.02205810198064362,
    "nested importance sampling global log-evidence": 85.62373699820505,
    "global evidence error": 0.02205810198064362,
    "global evidence": 85.62373699820505,
    "modes": [
        {
            "strictly local log-evidence error": 0.02205810198064362,
            "mean": [
                -8366.28817350537,
                -4854.602534703505,
                -1572.0139883305837,
                129.14228991764378,
                9987.900723708703,
                0.5762835059199709,
                78.74818688558042,
                18.5881946639277,
                5.992485291457872
            ],
            "local log-evidence": 85.62373699820505,
            "local log-evidence error": 0.02205810198064362,
            "sigma": [
                12.27808770448123,
                5.758564044009948,
                2.039627444082432,
                0.37173012705378733,
                12.105634110273165,
                0.011130455439858997,
                0.03924635535151506,
                0.08134433224296074,
                0.32238417091152727
            ],
            "index": 0,
            "strictly local log-evidence": 85.62373699820505,
            "maximum": [
                -8378.294436373899,
                -4860.350121770019,
                -1573.6413459626547,
                129.24617193419726,
                9999.797810683009,
                0.5692578405794627,
                78.7617076696662,
                18.591821423419063,
                6.1973490902448685
            ],
            "maximum a posterior": [
                -8378.294436373899,
                -4860.350121770019,
                -1573.6413459626547,
                129.24617193419726,
                9999.797810683009,
                0.5692578405794627,
                78.7617076696662,
                18.591821423419063,
                6.1973490902448685
            ]
        }
    ],
    "marginals": [
        {
            "q25%": -8375.000895391251,
            "q10%": -8377.217938916494,
            "5sigma": [
                -8379.439029396097,
                -8181.626261772018
            ],
            "2sigma": [
                -8378.268242837794,
                -8333.684044376265
            ],
            "q90%": -8349.50274071532,
            "3sigma": [
                -8378.896383318013,
                -8299.111368419846
            ],
            "median": -8370.24947869245,
            "sigma": 10.258050479933445,
            "q99%": -8322.78072264831,
            "1sigma": [
                -8376.385561823694,
                -8355.869460863827
            ],
            "q75%": -8361.470363052022,
            "q01%": -8378.470306179057
        },
        {
            "q25%": -4858.612131061326,
            "q10%": -4859.808851845702,
            "5sigma": [
                -4862.378741127489,
                -4768.7317387106605
            ],
            "2sigma": [
                -4860.589901302967,
                -4839.364431648928
            ],
            "q90%": -4846.950092144109,
            "3sigma": [
                -4861.631227563217,
                -4823.397698209564
            ],
            "median": -4856.383867551017,
            "sigma": 4.776396272289276,
            "q99%": -4834.113592382293,
            "1sigma": [
                -4859.2926859397285,
                -4849.73989339515
            ],
            "q75%": -4852.331165170309,
            "q01%": -4860.96712985638
        },
        {
            "q25%": -1573.3707777786187,
            "q10%": -1574.1046627509188,
            "5sigma": [
                -1577.27241886286,
                -1543.878216928516
            ],
            "2sigma": [
                -1574.7626298041139,
                -1566.7339873257206
            ],
            "q90%": -1569.3607363199778,
            "3sigma": [
                -1575.8791949712004,
                -1561.764499731633
            ],
            "median": -1572.457502471604,
            "sigma": 1.7536884678625029,
            "q99%": -1565.2032695739367,
            "1sigma": [
                -1573.7666418089118,
                -1570.2592648731868
            ],
            "q75%": -1571.1126044476725,
            "q01%": -1575.0797645923062
        },
        {
            "q25%": 128.896557281997,
            "q10%": 128.66711806199473,
            "5sigma": [
                126.22603347516629,
                130.80679021367266
            ],
            "2sigma": [
                128.40315784409643,
                129.84046772623813
            ],
            "q90%": 129.61513601393534,
            "3sigma": [
                127.86715345859585,
                130.19609650941172
            ],
            "median": 129.14294377592594,
            "sigma": 0.3743915387439074,
            "q99%": 129.95627342330687,
            "1sigma": [
                128.76803806662977,
                129.51682114411759
            ],
            "q75%": 129.40518792402904,
            "q01%": 128.19802682081317
        },
        {
            "q25%": 9983.197166098813,
            "q10%": 9971.533262910452,
            "5sigma": [
                9805.797775912644,
                9999.998123773514
            ],
            "2sigma": [
                9955.62534408915,
                9999.656084427015
            ],
            "q90%": 9998.766766182816,
            "3sigma": [
                9921.721933499963,
                9999.977171114399
            ],
            "median": 9991.806597348947,
            "sigma": 10.083426611126924,
            "q99%": 9999.875395989775,
            "1sigma": [
                9977.677484477352,
                9997.844337699606
            ],
            "q75%": 9996.50125553667,
            "q01%": 9944.892541284335
        },
        {
            "q25%": 0.5685438221374648,
            "q10%": 0.5619068023992281,
            "5sigma": [
                0.5237309334620515,
                0.6273339059110554
            ],
            "2sigma": [
                0.5549800507398773,
                0.5978881634749278
            ],
            "q90%": 0.5908299971312693,
            "3sigma": [
                0.5461959354603927,
                0.6101239614959547
            ],
            "median": 0.5761040478809004,
            "sigma": 0.011134853161443914,
            "q99%": 0.602047712596402,
            "1sigma": [
                0.5651960106767777,
                0.5874657169996655
            ],
            "q75%": 0.5839853373859397,
            "q01%": 0.5512317318992938
        },
        {
            "q25%": 78.72289047070335,
            "q10%": 78.69921670783086,
            "5sigma": [
                78.56629913208013,
                78.94414864107237
            ],
            "2sigma": [
                78.66976549887612,
                78.82696464876203
            ],
            "q90%": 78.79811172943589,
            "3sigma": [
                78.63092483387942,
                78.87535374255066
            ],
            "median": 78.74822676919392,
            "sigma": 0.03882489639254061,
            "q99%": 78.84006268747441,
            "1sigma": [
                78.70865560486384,
                78.78630539764892
            ],
            "q75%": 78.77322015747232,
            "q01%": 78.65389770319953
        },
        {
            "q25%": 18.53253295757689,
            "q10%": 18.48187680237995,
            "5sigma": [
                18.211273138977774,
                18.936211402526705
            ],
            "2sigma": [
                18.424705617964538,
                18.74726747193815
            ],
            "q90%": 18.69194360147299,
            "3sigma": [
                18.34569646410514,
                18.822106772947347
            ],
            "median": 18.589666543639115,