{
    "nested sampling global log-evidence error": 0.417840963306694,
    "nested importance sampling global log-evidence error": 0.00917544155619593,
    "global evidence error": 0.00917544155619593,
    "modes": [
        {
            "maximum a posterior": [
                -11251.795748902305,
                -6208.675507487671,
                -2001.3965323419543,
                164.8644276269115,
                12837.672555635741,
                0.5342205754460684,
                78.09052887162287,
                18.810145815601793,
                9.974153316989984
            ],
            "strictly local log-evidence": 94.24189022220844,
            "mean": [
                -11292.287011420616,
                -6227.890895005763,
                -2007.2139311471647,
                165.2799352817712,
                12877.746895227896,
                0.5326685067677268,
                78.10293405936712,
                18.835137767727048,
                9.97866747057809
            ],
            "index": 0,
            "local log-evidence": 94.24189022220844,
            "local log-evidence error": 0.00917544155619593,
            "sigma": [
                232.33891960714098,
                109.97664691321978,
                33.69113085961781,
                2.5318322641633557,
                229.82173281709657,
                0.015395327069785974,
                0.056420495919656415,
                0.11325523549909955,
                1.085816994418418
            ],
            "strictly local log-evidence error": 0.00917544155619593,
            "maximum": [
                -11251.795748902305,
                -6208.675507487671,
                -2001.3965323419543,
                164.8644276269115,
                12837.672555635741,
                0.5342205754460684,
                78.09052887162287,
                18.810145815601793,
                9.974153316989984
            ]
        }
    ],
    "global evidence": 94.24189022220844,
    "nested sampling global log-evidence": 96.77715015460929,
    "nested importance sampling global log-evidence": 94.24189022220844,
    "marginals": [
        {
            "sigma": 231.3403308051311,
            "q10%": -11589.605404829666,
            "q01%": -11836.228454093665,
            "2sigma": [
                -11753.817373075364,
                -10832.764123485102
            ],
            "q90%": -10987.014986026106,
            "1sigma": [
                -11524.777592582277,
                -11062.096930972015
            ],
            "3sigma": [
                -11933.210892771742,
                -10521.8774628413
            ],
            "q75%": -11137.9868942613,
            "median": -11296.234507192688,
            "5sigma": [
                -12354.016845870969,
                -10079.595255528013
            ],
            "q25%": -11444.04693946552,
            "q99%": -10731.69021483357
        },
        {
            "sigma": 109.45150410379529,
            "q10%": -6369.060926758119,
            "q01%": -6485.826908223994,
            "2sigma": [
                -6446.074037612935,
                -6011.417450808071
            ],
            "q90%": -6083.405279828549,
            "1sigma": [
                -6337.923701125495,
                -6119.020692917905
            ],
            "3sigma": [
                -6532.0033736776,
                -5861.78395148054
            ],
            "q75%": -6154.454751487013,
            "median": -6229.7738163061995,
            "5sigma": [
                -6731.132854163184,
                -5650.859621005229
            ],
            "q25%": -6299.590803953127,
            "q99%": -5963.741075862933
        },
        {
            "sigma": 33.628272257343724,
            "q10%": -2050.139134569854,
            "q01%": -2085.9141776485435,
            "2sigma": [
                -2074.730038452458,
                -1940.0858000026333
            ],
            "q90%": -1963.415836686522,
            "1sigma": [
                -2041.191872459498,
                -1973.9353279448105
            ],
            "3sigma": [
                -2100.6666584451987,
                -1896.1502624529098
            ],
            "q75%": -1984.886855433112,
            "median": -2007.828907352934,
            "5sigma": [
                -2160.4913020710856,
                -1832.5967851343105
            ],
            "q25%": -2029.1007189351947,
            "q99%": -1925.0447464198428
        },
        {
            "sigma": 2.546149885575545,
            "q10%": 162.0280095648096,
            "q01%": 159.06857431628694,
            "2sigma": [
                160.3225354711929,
                170.25489625138871
            ],
            "q90%": 168.48979803340944,
            "1sigma": [
                162.7521949131577,
                167.84449468430878
            ],
            "3sigma": [
                157.14575708224615,
                172.53438988253188
            ],
            "q75%": 166.96244824258318,
            "median": 165.31903687050277,
            "5sigma": [
                152.63391653345008,
                176.9074217743195
            ],
            "q25%": 163.603149583226,
            "q99%": 171.05814051880728
        },
        {
            "sigma": 228.96414518125403,
            "q10%": 12575.30986693782,
            "q01%": 12323.490098188679,
            "2sigma": [
                12423.233427217414,
                13333.94617165786
            ],
            "q90%": 13171.371932495647,
            "1sigma": [
                12649.95157971951,
                13107.879870082019
            ],
            "3sigma": [
                12113.504037135222,
                13511.758718030422
            ],
            "q75%": 13027.62718645723,
            "median": 12881.5752978275,
            "5sigma": [
                11673.62001563443,
                13926.315851650948
            ],
            "q25%": 12724.976063718528,
            "q99%": 13415.834838916582
        },
        {
            "sigma": 0.01520174242663741,
            "q10%": 0.5130705536773974,
            "q01%": 0.49784716077047414,
            "2sigma": [
                0.5032805926746503,
                0.5639381944268493
            ],
            "q90%": 0.5525366279755755,
            "1sigma": [
                0.5171014937548803,
                0.5475049786081552
            ],
            "3sigma": [
                0.4901195115463629,
                0.5830969750781749
            ],
            "q75%": 0.5427911870384368,
            "median": 0.5325473568636336,
            "5sigma": [
                0.4665674167072261,
                0.6265898224694846
            ],
            "q25%": 0.5221973459171466,
            "q99%": 0.5687786315454528
        },
        {
            "sigma": 0.056140363891678646,
            "q10%": 78.03061221618155,
            "q01%": 77.97070304525684,
            "2sigma": [
                77.99094621678523,
                78.21401400865173
            ],
            "q90%": 78.17546921778174,
            "1sigma": [
                78.04653308417,
                78.15881381195335
            ],
            "3sigma": [
                77.92808862558003,
                78.28425361651767
            ],
            "q75%": 78.13986896031062,
            "median": 78.10295351129642,
            "5sigma": [
                77.85120459717675,
                78.40830040283429
            ],
            "q25%": 78.06480253711071,
            "q99%": 78.23490921640078
        },
        {
            "sigma": 0.11378497932441789,
            "q10%": 18.68734966791594,
            "q01%": 18.573814705200217,
            "2sigma": [
                18.614305284197982,
                19.055246197550495
            ],
            "q90%": 18.981037280699123,