{
    "marginals": [
        {
            "q25%": -291.6810350604794,
            "sigma": 2.170152141560436,
            "3sigma": [
                -292.5824545915071,
                -275.7665026078985
            ],
            "q01%": -292.4690837105651,
            "median": -290.51962183541525,
            "q90%": -286.51617187412324,
            "1sigma": [
                -291.9825593797713,
                -287.64225509665044
            ],
            "q99%": -280.8328566057056,
            "2sigma": [
                -292.3892936935822,
                -282.8543875091717
            ],
            "q75%": -288.82656554969515,
            "q10%": -292.15720070384816,
            "5sigma": [
                -292.710364825206,
                -259.77454784796475
            ]
        },
        {
            "q25%": -1028.7322630065526,
            "sigma": 1.0198502606884858,
            "3sigma": [
                -1029.5046704383983,
                -1021.3018223645037
            ],
            "q01%": -1029.3031653453463,
            "median": -1028.2026885184105,
            "q90%": -1026.3085803397285,
            "1sigma": [
                -1028.8941144201874,
                -1026.8544138988104
            ],
            "q99%": -1023.687295166235,
            "2sigma": [
                -1029.216739053197,
                -1024.5694332603568
            ],
            "q75%": -1027.3792433854853,
            "q10%": -1029.012314113558,
            "5sigma": [
                -1029.747192423388,
                -1014.0021429542634
            ]
        },
        {
            "q25%": -405.08606385046687,
            "sigma": 0.42083778135668126,
            "3sigma": [
                -405.8823560996616,
                -402.6039673644826
            ],
            "q01%": -405.6059664348149,
            "median": -404.8190875940398,
            "q90%": -404.1772889996201,
            "1sigma": [
                -405.20129204395005,
                -404.3596164812367
            ],
            "q99%": -403.28511012964515,
            "2sigma": [
                -405.4985943481881,
                -403.6430130584662
            ],
            "q75%": -404.52088658277495,
            "q10%": -405.2900530672835,
            "5sigma": [
                -406.2656950192365,
                -400.0767118211518
            ]
        },
        {
            "q25%": 43.454234610705726,
            "sigma": 0.10138537134972836,
            "3sigma": [
                43.211182651230345,
                43.82514709819871
            ],
            "q01%": 43.27961113302613,
            "median": 43.525733057527596,
            "q90%": 43.65309284854521,
            "1sigma": [
                43.422811284102224,
                43.62558202680168
            ],
            "q99%": 43.760616453712075,
            "2sigma": [
                43.31933323713292,
                43.71787054997611
            ],
            "q75%": 43.59315674153246,
            "q10%": 43.39446985735431,
            "5sigma": [
                42.9710341474356,
                44.02821598400288
            ]
        },
        {
            "q25%": 1996.4346817073852,
            "sigma": 2.1471806084032323,
            "3sigma": [
                1983.445757229808,
                1999.9979970357501
            ],
            "q01%": 1988.5536962403228,
            "median": 1998.1144002492138,
            "q90%": 1999.7409696971806,
            "1sigma": [
                1995.266175234856,
                1999.5605364516625
            ],
            "q99%": 1999.9793946140353,
            "2sigma": [
                1990.4894915943491,
                1999.944300457396
            ],
            "q75%": 1999.2699445438204,
            "q10%": 1994.1520451542735,
            "5sigma": [
                1967.8303228630411,
                1999.9996981985846
            ]
        },
        {
            "q25%": 0.9996124860816193,
            "sigma": 0.00023211354989599586,
            "3sigma": [
                0.9981721964357168,
                0.9999996371068579
            ],
            "q01%": 0.9986637641408623,
            "median": 0.9997984522552893,
            "q90%": 0.9999693938743793,
            "1sigma": [
                0.9994869134096871,
                0.9999511405094791
            ],
            "q99%": 0.999998207746264,
            "2sigma": [
                0.9989211906735302,
                0.9999938266308639
            ],
            "q75%": 0.9999191175734274,
            "q10%": 0.9993539185222005,
            "5sigma": [
                0.9956868659225745,
                0.9999999257498713
            ]
        },
        {
            "q25%": 79.35848695184293,
            "sigma": 0.02143722358870548,
            "3sigma": [
                79.30644968749006,
                79.43671808912794
            ],
            "q01%": 79.32253463451262,
            "median": 79.37255459539475,
            "q90%": 79.40001693875287,
            "1sigma": [
                79.35086016612124,
                79.39373461329865
            ],
            "q99%": 79.42097983519037,
            "2sigma": [
                79.32919654610588,
                79.41305682021626
            ],
            "q75%": 79.3867101937593,
            "q10%": 79.34410330208196,
            "5sigma": [
                79.26628380920327,
                79.48424270509383
            ]
        },
        {
            "q25%": 19.196534147671557,
            "sigma": 0.03679927121851456,
            "3sigma": [
                19.109902120250034,
                19.33350383873272
            ],
            "q01%": 19.133918730909787,
            "median": 19.221332023382935,
            "q90%": 19.26864697002171,
            "1sigma": [
                19.184381234840853,
                19.257979777277882
            ],
            "q99%": 19.31006747969236,
            "2sigma": [
                19.1478169800972,
                19.296153088925674
            ],
            "q75%": 19.246878717551713,
            "q10%": 19.172850541785227,
            "5sigma": [
                19.027473543694082,
                19.40385965691004
            ]
        },
        {
            "q25%": 3.6223862543914156,
            "sigma": 0.059020135233003534,
            "3sigma": [
                3.486518811218479,
                3.8415888401620326
            ],
            "q01%": 3.5304920584113937,
            "median": 3.6631071863702913,
            "q90%": 3.7383576392622078,
            "1sigma": [
                3.603291084921602,
                3.7213313553876093
            ],
            "q99%": 3.8006818214094324,
            "2sigma": [
                3.5501571681952795,
                3.778580200293733
            ],
            "q75%": 3.70058840014635,
            "q10%": 3.589115557098103,
            "5sigma": [
                3.3904319839709993,
                3.9535079007103775
            ]
        }
    ],
    "global evidence error": 0.010753869763574182,
    "nested importance sampling global log-evidence error": 0.010753869763574182,
    "nested sampling global log-evidence error": 0.4450039662978059,
    "nested importance sampling global log-evidence": -1835.3391628528148,
    "global evidence": -1835.3391628528148,
    "modes": [
        {
            "local log-evidence error": 0.010753869763574182,
            "index": 0,
            "local log-evidence": -1835.3391628528148,
            "strictly local log-evidence": -1835.3391628528148,
            "strictly local log-evidence error": 0.010753869763574182,