{
    "nested sampling global log-evidence error": 0.4761791604508017,
    "nested importance sampling global log-evidence": -10661011.323722677,
    "modes": [
        {
            "strictly local log-evidence error": 0.010789357638521582,
            "maximum": [
                7388.835378323765,
                1726.3923611774626,
                2431.676811849078,
                -3141.496896065495,
                976.3849676426362,
                4.999996944973203,
                72.67795699229194,
                7.1020017591232385
            ],
            "index": 0,
            "strictly local log-evidence": -10661011.323722677,
            "local log-evidence error": 0.010789357638521582,
            "mean": [
                7388.797819690323,
                1726.6237674828103,
                2431.1913015439986,
                -3141.075299666589,
                976.2552775017316,
                4.999985499307386,
                72.68008591508163,
                7.102225635063115
            ],
            "local log-evidence": -10661011.323722677,
            "sigma": [
                0.3666645038696283,
                1.6289345709650855,
                2.678213154090014,
                1.9297012350813667,
                0.5133445085485482,
                1.4081841736645415e-05,
                0.0027682860788052423,
                0.002416445226302784
            ],
            "maximum a posterior": [
                7388.835378323765,
                1726.3923611774626,
                2431.676811849078,
                -3141.496896065495,
                976.3849676426362,
                4.999996944973203,
                72.67795699229194,
                7.1020017591232385
            ]
        }
    ],
    "marginals": [
        {
            "5sigma": [
                7386.97261166233,
                7390.519941037179
            ],
            "2sigma": [
                7388.064546641535,
                7389.509414607189
            ],
            "median": 7388.804221783765,
            "q75%": 7389.041283408406,
            "3sigma": [
                7387.644066422825,
                7389.876897538661
            ],
            "1sigma": [
                7388.420114902992,
                7389.154453059516
            ],
            "q99%": 7389.655990426989,
            "q01%": 7387.957384679385,
            "q25%": 7388.5599868241325,
            "sigma": 0.3671690782616679,
            "q10%": 7388.313804143223,
            "q90%": 7389.2587162530635
        },
        {
            "5sigma": [
                1718.9243109669117,
                1734.6957360369709
            ],
            "2sigma": [
                1723.4568477745963,
                1729.8713169665932
            ],
            "median": 1726.5943872732482,
            "q75%": 1727.680119804694,
            "3sigma": [
                1721.7977143802736,
                1731.707052273066
            ],
            "1sigma": [
                1725.0385725113426,
                1728.3082716792696
            ],
            "q99%": 1730.3647208419095,
            "q01%": 1722.745988528662,
            "q25%": 1725.5382165820688,
            "sigma": 1.6348495839635007,
            "q10%": 1724.5812808799956,
            "q90%": 1728.7671590430512
        },
        {
            "5sigma": [
                2417.994301398891,
                2443.9226695434454
            ],
            "2sigma": [
                2425.894711120553,
                2436.4439593952175
            ],
            "median": 2431.2361607280113,
            "q75%": 2432.9972365843914,
            "3sigma": [
                2422.8935221995775,
                2439.2090815649603
            ],
            "1sigma": [
                2428.417188877193,
                2433.787118523259
            ],
            "q99%": 2437.5699388204616,
            "q01%": 2425.0475291049875,
            "q25%": 2429.432585239827,
            "sigma": 2.684964823032942,
            "q10%": 2427.67699037138,
            "q90%": 2434.5104020443687
        },
        {
            "5sigma": [
                -3150.2820322657894,
                -3131.652772514701
            ],
            "2sigma": [
                -3144.8561208273663,
                -3137.276958275697
            ],
            "median": -3141.1237655441246,
            "q75%": -3139.8154415061967,
            "3sigma": [
                -3146.9075212326507,
                -3135.1333865074935
            ],
            "1sigma": [
                -3142.9533403705655,
                -3139.093059747555
            ],
            "q99%": -3136.698633642636,
            "q01%": -3145.7033089277243,
            "q25%": -3142.3767412990123,
            "sigma": 1.9301403115052835,
            "q10%": -3143.5134327617034,
            "q90%": -3138.5025965338828
        },
        {
            "5sigma": [
                973.7664014984464,
                978.6998116370653
            ],
            "2sigma": [
                975.251435635947,
                977.2595272746686
            ],
            "median": 976.2634048822404,
            "q75%": 976.5975662825547,
            "3sigma": [
                974.6927627918101,
                977.8176186702726
            ],
            "1sigma": [
                975.7228380964215,
                976.7537949619314
            ],
            "q99%": 977.4799796828422,
            "q01%": 975.076085595721,
            "q25%": 975.9225249539389,
            "sigma": 0.5154784327549464,
            "q10%": 975.5702949219447,
            "q90%": 976.9044370426863
        },
        {
            "5sigma": [
                4.999790802105868,
                4.99999999218319
            ],
            "2sigma": [
                4.99994844024975,
                4.999999647668874
            ],
            "median": 4.999989681581862,
            "q75%": 4.999995822393408,
            "3sigma": [
                4.9999099517926915,
                4.999999981297347
            ],
            "1sigma": [
                4.999973617493643,
                4.999997397917313
            ],
            "q99%": 4.9999998354762445,
            "q01%": 4.999935671667288,
            "q25%": 4.999979596695465,
            "sigma": 1.1890211835119402e-05,
            "q10%": 4.999966190759817,
            "q90%": 4.999998487327478
        },
        {
            "5sigma": [
                72.6653854495419,
                72.69357790358652
            ],
            "2sigma": [
                72.67467720413488,
                72.68536089297184
            ],
            "median": 72.68012214173248,
            "q75%": 72.68198084057488,
            "3sigma": [
                72.67184106946998,
                72.68851409652719
            ],
            "1sigma": [
                72.67728893674013,
                72.68289212730502
            ],
            "q99%": 72.68637827102069,
            "q01%": 72.67361280165707,
            "q25%": 72.6782181655013,
            "sigma": 0.002801595282448943,
            "q10%": 72.67650424038744,
            "q90%": 72.68364194031496
        },
        {
            "5sigma": [
                7.090847936556923,
                7.114486177820047
            ],
            "2sigma": [
                7.097641391065111,
                7.106944730152121
            ],
            "median": 7.102204953538603,
            "q75%": 7.103879536177957,
            "3sigma": [
                7.0951960162463354,
                7.109291959921443
            ],
            "1sigma": [
                7.099774944441333,
                7.104661293369085
            ],
            "q99%": 7.107843394256679,
            "q01%": 7.09679782160387,
            "q25%": 7.100568858037947,
            "sigma": 0.0024431744638757635,
            "q10%": 7.099111309911131,
            "q90%": 7.105295399848667
        }
    ],