{
    "nested sampling global log-evidence": -952.5075157375235,
    "modes": [
        {
            "local log-evidence": -954.8622829446715,
            "strictly local log-evidence error": 0.009292297919138359,
            "local log-evidence error": 0.009292297919138359,
            "index": 0,
            "sigma": [
                3.1551057693670237,
                13.991379020939624,
                22.538982428899377,
                15.657363340453951,
                3.9717106834110383,
                0.039429512168849386,
                0.11668427823971926,
                0.06579994951631003
            ],
            "maximum a posterior": [
                6255.451487770653,
                6471.3615104033815,
                -4875.103613405488,
                1771.484190798219,
                -242.4561957446822,
                4.98686065486815,
                63.841417587193895,
                13.101094732077376
            ],
            "maximum": [
                6255.451487770653,
                6471.3615104033815,
                -4875.103613405488,
                1771.484190798219,
                -242.4561957446822,
                4.98686065486815,
                63.841417587193895,
                13.101094732077376
            ],
            "strictly local log-evidence": -954.8622829446715,
            "mean": [
                6254.547016080148,
                6475.5567482938695,
                -4882.1457840294115,
                1776.4976591938612,
                -243.74033609488905,
                4.960610510242326,
                63.83278501938872,
                13.091223010403946
            ]
        }
    ],
    "marginals": [
        {
            "1sigma": [
                6251.332131492827,
                6257.696395505118
            ],
            "q75%": 6256.728202874051,
            "5sigma": [
                6238.020764332662,
                6268.365225515151
            ],
            "q10%": 6250.419450509657,
            "q01%": 6247.266801150252,
            "q90%": 6258.547382160568,
            "median": 6254.553865998711,
            "3sigma": [
                6244.893114667944,
                6263.899424078812
            ],
            "2sigma": [
                6248.376972947418,
                6260.87206726653
            ],
            "sigma": 3.182132006145366,
            "q99%": 6261.913610628875,
            "q25%": 6252.495292485872
        },
        {
            "1sigma": [
                6461.596144526147,
                6489.8444871312995
            ],
            "q75%": 6484.700912006002,
            "5sigma": [
                6414.195321458718,
                6549.509198339301
            ],
            "q10%": 6458.007431398203,
            "q01%": 6443.078770183585,
            "q90%": 6493.898478943872,
            "median": 6475.570884103197,
            "3sigma": [
                6434.646862096077,
                6518.386713784045
            ],
            "2sigma": [
                6447.664064910046,
                6503.136131077769
            ],
            "sigma": 14.124171302576087,
            "q99%": 6508.064993608283,
            "q25%": 6465.796840348844
        },
        {
            "1sigma": [
                -4905.312476863893,
                -4859.690940750569
            ],
            "q75%": -4866.456147491264,
            "5sigma": [
                -5003.8011152141535,
                -4783.69322922174
            ],
            "q10%": -4911.766774262333,
            "q01%": -4934.9283143564435,
            "q90%": -4853.669312498925,
            "median": -4882.233527524437,
            "3sigma": [
                -4952.03733658096,
                -4816.33362752298
            ],
            "2sigma": [
                -4926.610260616052,
                -4837.423692611084
            ],
            "sigma": 22.8107680566618,
            "q99%": -4830.367789940722,
            "q25%": -4896.936865967034
        },
        {
            "1sigma": [
                1760.9452365585971,
                1792.370227159278
            ],
            "q75%": 1786.7116502347953,
            "5sigma": [
                1707.4992759616898,
                1862.1933787724624
            ],
            "q10%": 1756.7918512198346,
            "q01%": 1740.924872517385,
            "q90%": 1796.9165665046576,
            "median": 1776.52880981307,
            "3sigma": [
                1730.5425601995612,
                1825.1184007833044
            ],
            "2sigma": [
                1745.4705928444018,
                1807.483812219177
            ],
            "sigma": 15.712495300340493,
            "q99%": 1813.4065180636542,
            "q25%": 1765.5307319519086
        },
        {
            "1sigma": [
                -247.7740060557497,
                -239.83505003946496
            ],
            "q75%": -241.0112168384042,
            "5sigma": [
                -265.66700925914824,
                -226.15504130178763
            ],
            "q10%": -248.95083280604274,
            "q01%": -253.0822520733695,
            "q90%": -238.71518583175632,
            "median": -243.70449072659946,
            "3sigma": [
                -256.0959449794061,
                -232.01902313023967
            ],
            "2sigma": [
                -251.62482367399724,
                -235.845048624337
            ],
            "sigma": 3.9694780081423744,
            "q99%": -234.63872722461545,
            "q25%": -246.33808930954098
        },
        {
            "1sigma": [
                4.927066627993005,
                4.993108542662468
            ],
            "q75%": 4.98822007124483,
            "5sigma": [
                4.507271602609504,
                4.999995689564279
            ],
            "q10%": 4.9093725248023885,
            "q01%": 4.823947305223959,
            "q90%": 4.995824747494913,
            "median": 4.972618848802885,
            "3sigma": [
                4.7283768810082085,
                4.99997036666546
            ],
            "2sigma": [
                4.853061215239769,
                4.999092419693994
            ],
            "sigma": 0.03302095733473154,
            "q99%": 4.999651510821438,
            "q25%": 4.946080137901376
        },
        {
            "1sigma": [
                63.71399265973333,
                63.95271527709187
            ],
            "q75%": 63.91137805860266,
            "5sigma": [
                63.26337820140093,
                64.41883191767006
            ],
            "q10%": 63.68078843686358,
            "q01%": 63.567386957226724,
            "q90%": 63.981785861360095,
            "median": 63.83283274610868,
            "3sigma": [
                63.47456590518198,
                64.16777454756325
            ],
            "2sigma": [
                63.61421377638169,
                64.06312444733692
            ],
            "sigma": 0.1193613086792702,
            "q99%": 64.10303271878462,
            "q25%": 63.7555101315205
        },
        {
            "1sigma": [
                13.027805258112386,
                13.157537563164862
            ],
            "q75%": 13.135607422739962,
            "5sigma": [
                12.671934007099972,
                13.409739598661153
            ],
            "q10%": 13.00762884163427,
            "q01%": 12.932249784067121,
            "q90%": 13.175583200492555,
            "median": 13.091478213649124,
            "3sigma": [
                12.881277563013803,
                13.283991571683785
            ],
            "2sigma": [
                12.960027692293528,
                13.21737127084686
            ],
            "sigma": 0.06486615252623817,
            "q99%": 13.241681285884134,
            "q25%": 13.047782456101597
        }
    ],
    "nested importance sampling global log-evidence": -954.8622829446715,