{
    "nested importance sampling global log-evidence error": 0.014168743746806638,
    "nested sampling global log-evidence error": 0.5036312033859444,
    "nested importance sampling global log-evidence": 68.59062839362527,
    "global evidence error": 0.014168743746806638,
    "modes": [
        {
            "local log-evidence error": 0.014168743746806638,
            "index": 0,
            "maximum": [
                7.678252559386692,
                -2.3947498192874264,
                -0.05348880449128046,
                -0.0041475350572000025,
                0.005147141427642055,
                0.5563346834575265,
                78.13025003995187,
                19.78896742461567
            ],
            "sigma": [
                1.9541417105203774e-05,
                6.433810644033317e-05,
                0.00018774258623569773,
                0.0007560769635292804,
                0.0009540621682091494,
                0.041582242425299315,
                0.12341926861488287,
                0.6619988185687609
            ],
            "mean": [
                7.678258944120967,
                -2.3947354551923996,
                -0.05354162395982217,
                -0.0043012023922515035,
                0.005055956251397702,
                0.5695009129314473,
                78.11771475454164,
                19.97170873921146
            ],
            "strictly local log-evidence": 68.59062839362527,
            "maximum a posterior": [
                7.678252559386692,
                -2.3947498192874264,
                -0.05348880449128046,
                -0.0041475350572000025,
                0.005147141427642055,
                0.5563346834575265,
                78.13025003995187,
                19.78896742461567
            ],
            "local log-evidence": 68.59062839362527,
            "strictly local log-evidence error": 0.014168743746806638
        }
    ],
    "nested sampling global log-evidence": 70.05120409990693,
    "marginals": [
        {
            "q25%": 7.678245120461242,
            "q90%": 7.67828331953356,
            "q99%": 7.67831113243564,
            "5sigma": [
                7.678198789180302,
                7.678407927776958
            ],
            "q75%": 7.678271692283172,
            "sigma": 1.936393244639234e-05,
            "3sigma": [
                7.678210222976842,
                7.67833045581424
            ],
            "1sigma": [
                7.678239584616362,
                7.678278312481255
            ],
            "2sigma": [
                7.678224770500246,
                7.67830117439618
            ],
            "q10%": 7.678234715972141,
            "median": 7.678257563722938,
            "q01%": 7.678219943886159
        },
        {
            "q25%": -2.3947805648025455,
            "q90%": -2.3946532244047254,
            "q99%": -2.394562641949651,
            "5sigma": [
                -2.3949575285484017,
                -2.394292620506097
            ],
            "q75%": -2.394694611039989,
            "sigma": 6.481273791081321e-05,
            "3sigma": [
                -2.3948953201613707,
                -2.39450375507284
            ],
            "1sigma": [
                -2.3947993591083936,
                -2.394669733632572
            ],
            "2sigma": [
                -2.3948502298324184,
                -2.39460177275925
            ],
            "q10%": -2.3948158935840698,
            "median": -2.394740252321869,
            "q01%": -2.394864798545724
        },
        {
            "q25%": -0.05366397319684881,
            "q90%": -0.05331039144808742,
            "q99%": -0.05314343907817808,
            "5sigma": [
                -0.05473098565120741,
                -0.05282443786167718
            ],
            "q75%": -0.05340814906435814,
            "sigma": 0.0001877178341562341,
            "3sigma": [
                -0.05419545544326507,
                -0.053031120943269644
            ],
            "1sigma": [
                -0.053727135520456194,
                -0.053351699852143726
            ],
            "2sigma": [
                -0.05393081841589996,
                -0.05319405385939251
            ],
            "q10%": -0.053783172987742635,
            "median": -0.05353761301697562,
            "q01%": -0.0540278312338147
        },
        {
            "q25%": -0.004779808095976246,
            "q90%": -0.0033490922587270204,
            "q99%": -0.0027611071025399237,
            "5sigma": [
                -0.009017306574599575,
                -0.0014961609965142627
            ],
            "q75%": -0.003779973671426843,
            "sigma": 0.0007690004983782832,
            "3sigma": [
                -0.006914332351283019,
                -0.002393839475537277
            ],
            "1sigma": [
                -0.0050765169193965065,
                -0.00353851592263994
            ],
            "2sigma": [
                -0.005857427176337662,
                -0.0029302356356444435
            ],
            "q10%": -0.005275281192724153,
            "median": -0.004261065241170729,
            "q01%": -0.006289511487419565
        },
        {
            "q25%": 0.004450034955199163,
            "q90%": 0.006294798138187666,
            "q99%": 0.007168103159672162,
            "5sigma": [
                0.00041623800564933764,
                0.009222879684112366
            ],
            "q75%": 0.005698840131925446,
            "sigma": 0.0009527701423966898,
            "3sigma": [
                0.0019625311653800642,
                0.0077175573426560415
            ],
            "1sigma": [
                0.004129602088465386,
                0.006035142373258765
            ],
            "2sigma": [
                0.0030395547841493824,
                0.006819014979969467
            ],
            "q10%": 0.003816991345438039,
            "median": 0.005056910148548159,
            "q01%": 0.0026960103320446236
        },
        {
            "q25%": 0.5401587819052343,
            "q90%": 0.6216963123506976,
            "q99%": 0.6805189026439639,
            "5sigma": [
                0.4428365560430643,
                0.8868829376718148
            ],
            "q75%": 0.5967530074405738,
            "sigma": 0.04128507350202548,
            "3sigma": [
                0.4692456619727079,
                0.7247506528146206
            ],
            "1sigma": [
                0.5284075511996695,
                0.6109776982037205
            ],
            "2sigma": [
                0.4973303870353116,
                0.6602252025807752
            ],
            "q10%": 0.518343077398911,
            "median": 0.5664494940054932,
            "q01%": 0.48745704779154164
        },
        {
            "q25%": 78.03798309642872,
            "q90%": 78.27441740695544,
            "q99%": 78.399618083802,
            "5sigma": [
                77.4290065953395,
                78.67830362200975
            ],
            "q75%": 78.20092355679498,
            "sigma": 0.12450325393933781,
            "3sigma": [
                77.74257100202337,
                78.46756754731948
            ],
            "1sigma": [
                77.99234417167247,
                78.24135067955115
            ],
            "2sigma": [
                77.87698330714123,
                78.35711714683072
            ],
            "q10%": 77.95403883126826,
            "median": 78.11902952678257,
            "q01%": 77.82323167027026
        },
        {
            "q25%": 19.516898201917208,
            "q90%": 20.821513944433864,
            "q99%": 21.600758232808424,
            "5sigma": [
                17.488519672660143,
                24.05452884710959
            ],
            "q75%": 20.42695943660634,
            "sigma": 0.6734127593298442,