{
    "nested importance sampling global log-evidence error": 0.02973604604089026,
    "nested sampling global log-evidence": 70.60956195632309,
    "global evidence": 68.52197447926005,
    "modes": [
        {
            "maximum a posterior": [
                7.678257993174157,
                -2.3947393714656755,
                -0.053530872252849804,
                -0.004257273003076989,
                0.005071773938652768,
                0.566942656616747,
                78.13214226187361,
                19.995941385667738
            ],
            "local log-evidence error": 0.02973604604089026,
            "mean": [
                7.678259346989475,
                -2.3947346760029538,
                -0.05354681008698911,
                -0.0043097338069215604,
                0.005064900441970731,
                0.5703665383656528,
                78.11410307798249,
                19.985210568857436
            ],
            "sigma": [
                1.939817573906974e-05,
                6.401818412975509e-05,
                0.00018561609453827038,
                0.0007526684109217663,
                0.0009457678600566129,
                0.041311574157324456,
                0.12178210133434594,
                0.6573041327290745
            ],
            "maximum": [
                7.678257993174157,
                -2.3947393714656755,
                -0.053530872252849804,
                -0.004257273003076989,
                0.005071773938652768,
                0.566942656616747,
                78.13214226187361,
                19.995941385667738
            ],
            "local log-evidence": 68.52197447926005,
            "strictly local log-evidence": 68.52197447926005,
            "index": 0,
            "strictly local log-evidence error": 0.02973604604089026
        }
    ],
    "nested importance sampling global log-evidence": 68.52197447926005,
    "marginals": [
        {
            "2sigma": [
                7.678224393894968,
                7.678301673504999
            ],
            "sigma": 1.8686514229759865e-05,
            "q99%": 7.678312649141178,
            "3sigma": [
                7.678209393524783,
                7.678332531674803
            ],
            "q01%": 7.678220308111137,
            "q75%": 7.678271081897457,
            "5sigma": [
                7.678191574942129,
                7.678409432920959
            ],
            "q25%": 7.67824589194994,
            "q10%": 7.6782358474566035,
            "q90%": 7.6782849001676405,
            "1sigma": [
                7.678240664642229,
                7.6782780376706885
            ],
            "median": 7.678257719436704
        },
        {
            "2sigma": [
                -2.3948464191261016,
                -2.3945949271863554
            ],
            "sigma": 6.25607158883934e-05,
            "q99%": -2.3945654453114202,
            "3sigma": [
                -2.3949026461788687,
                -2.3945056854938658
            ],
            "q01%": -2.3948647655724566,
            "q75%": -2.394696725561481,
            "5sigma": [
                -2.3949771095270216,
                -2.394260891127977
            ],
            "q25%": -2.3947787553765734,
            "q10%": -2.394812257415542,
            "q90%": -2.394649087888254,
            "1sigma": [
                -2.394797142284709,
                -2.394672020852932
            ],
            "median": -2.394738288603049
        },
        {
            "2sigma": [
                -0.05393370227185651,
                -0.0532073846976943
            ],
            "sigma": 0.00018274760847545105,
            "q99%": -0.05314036598231539,
            "3sigma": [
                -0.05417539536114934,
                -0.05304423832355613
            ],
            "q01%": -0.05404137152138017,
            "q75%": -0.053420355953790515,
            "5sigma": [
                -0.05468485522008654,
                -0.05285906591511747
            ],
            "q25%": -0.05366266074556049,
            "q10%": -0.05378197327765231,
            "q90%": -0.053316685055215925,
            "1sigma": [
                -0.05373237113677172,
                -0.05336687591982082
            ],
            "median": -0.05353483767679122
        },
        {
            "2sigma": [
                -0.005920374153276994,
                -0.002969692916765966
            ],
            "sigma": 0.0007411690486405415,
            "q99%": -0.002748686621097047,
            "3sigma": [
                -0.0068602068409292245,
                -0.002268122082998391
            ],
            "q01%": -0.0062501033505343315,
            "q75%": -0.003789668620827129,
            "5sigma": [
                -0.009543427440392951,
                -0.001315466644987469
            ],
            "q25%": -0.00476402811696517,
            "q10%": -0.0053157369893289345,
            "q90%": -0.0033874984839458336,
            "1sigma": [
                -0.005048285769743792,
                -0.0035659476724627086
            ],
            "median": -0.004278919802711016
        },
        {
            "2sigma": [
                0.003139468990587636,
                0.006896872403430553
            ],
            "sigma": 0.0009247440068693583,
            "q99%": 0.007154866930652812,
            "3sigma": [
                0.0019747933986217635,
                0.007931434083619161
            ],
            "q01%": 0.00276230214785885,
            "q75%": 0.005721397347401818,
            "5sigma": [
                7.527037556043469e-07,
                0.009285780891212845
            ],
            "q25%": 0.004453921618690963,
            "q10%": 0.0038585410690129586,
            "q90%": 0.006252573582846628,
            "1sigma": [
                0.004149721929405226,
                0.005999209943143942
            ],
            "median": 0.005090660431853041
        },
        {
            "2sigma": [
                0.496914740015728,
                0.6600853091169631
            ],
            "sigma": 0.03970497526700084,
            "q99%": 0.6842875792951784,
            "3sigma": [
                0.464653114232919,
                0.7285782630939228
            ],
            "q01%": 0.488092567071924,
            "q75%": 0.5951324927464805,
            "5sigma": [
                0.4275487383090526,
                0.8922491841010218
            ],
            "q25%": 0.541425596750364,
            "q10%": 0.5204279439716548,
            "q90%": 0.6244889420665394,
            "1sigma": [
                0.5307141286827104,
                0.6101240792167121
            ],
            "median": 0.5667131186859279
        },
        {
            "2sigma": [
                77.87115637574014,
                78.3534880749994
            ],
            "sigma": 0.1189673398541018,
            "q99%": 78.3883966935273,
            "3sigma": [
                77.74145176526072,
                78.46448961537348
            ],
            "q01%": 77.8125806172915,
            "q75%": 78.19490628869673,
            "5sigma": [
                77.49066499123228,
                78.66337787744519
            ],
            "q25%": 78.03324349393135,
            "q10%": 77.9600325255529,
            "q90%": 78.27075927134015,
            "1sigma": [
                77.99517863882635,
                78.23311331853455
            ],
            "median": 78.11552015813679
        },
        {
            "2sigma": [
                18.75003308866075,
                21.367821875306277
            ],
            "sigma": 0.6286545707981013,
            "q99%": 21.648069711358545,
            "3sigma": [
                18.097024133851168,
                22.154567684073072
            ],
            "q01%": 18.577220022453762,
            "q75%": 20.40545143846242,