{
    "nested importance sampling global log-evidence": 124.66761971258597,
    "modes": [
        {
            "maximum a posterior": [
                1993.402465071238,
                -684.8345303564711,
                934.5824575439656,
                -666.0916907020292,
                174.06970922267283,
                0.9267319378188803,
                77.99351758814282,
                18.68042409669115,
                3.6780095302011713
            ],
            "local log-evidence error": 0.011130544773541489,
            "sigma": [
                7.626203587984195,
                33.43481712649913,
                54.24437462508639,
                38.60895566535174,
                10.175753587694697,
                0.04636852505558507,
                0.15147312037325134,
                0.20529186031337118,
                0.27894143267751137
            ],
            "index": 0,
            "mean": [
                1995.1741935221594,
                -692.6853795705532,
                947.4312358996966,
                -675.300035909937,
                176.51062434538227,
                0.9286832263630134,
                77.97935574216642,
                18.6900387602084,
                3.6220472562712973
            ],
            "local log-evidence": 124.66761971258597,
            "maximum": [
                1993.402465071238,
                -684.8345303564711,
                934.5824575439656,
                -666.0916907020292,
                174.06970922267283,
                0.9267319378188803,
                77.99351758814282,
                18.68042409669115,
                3.6780095302011713
            ],
            "strictly local log-evidence": 124.66761971258597,
            "strictly local log-evidence error": 0.011130544773541489
        }
    ],
    "nested sampling global log-evidence": 126.36302060702266,
    "marginals": [
        {
            "q25%": 1989.9962575950346,
            "1sigma": [
                1987.4151432141482,
                2002.9154386508449
            ],
            "q75%": 2000.3135121183298,
            "median": 1994.9387384615345,
            "sigma": 7.75014771834833,
            "3sigma": [
                1974.295005865709,
                2019.5705239586682
            ],
            "2sigma": [
                1980.603324946406,
                2010.6715565184147
            ],
            "5sigma": [
                1960.6499779173728,
                2033.56858195815
            ],
            "q10%": 1985.4648872595276,
            "q90%": 2005.0489534102837,
            "q99%": 2013.6996310361512,
            "q01%": 1978.2499149384018
        },
        {
            "q25%": -715.1486689821496,
            "1sigma": [
                -725.6635535244279,
                -658.7360101213758
            ],
            "q75%": -670.1564495326766,
            "median": -691.5595480785705,
            "sigma": 33.46377170152607,
            "3sigma": [
                -799.4159057109076,
                -601.7627711770214
            ],
            "2sigma": [
                -760.2708021340059,
                -628.9189114230708
            ],
            "5sigma": [
                -860.049669250936,
                -543.6618656485058
            ],
            "q10%": -736.1444770351903,
            "q90%": -650.4152444522367,
            "q99%": -618.3643696208056,
            "q01%": -773.1515006449688
        },
        {
            "q25%": 909.869094474624,
            "1sigma": [
                892.134443068395,
                1001.365945995202
            ],
            "q75%": 984.3740354124625,
            "median": 946.0970590224405,
            "sigma": 54.61575146340351,
            "3sigma": [
                798.0513850420712,
                1121.6352835611779
            ],
            "2sigma": [
                844.6864241262393,
                1055.9293277672432
            ],
            "5sigma": [
                710.1152599166757,
                1215.7073974676125
            ],
            "q10%": 878.2189802487408,
            "q90%": 1018.2579977792855,
            "q99%": 1076.340457633496,
            "q01%": 826.9065586634382
        },
        {
            "q25%": -702.058189700908,
            "1sigma": [
                -714.2526568724518,
                -636.0546325949653
            ],
            "q75%": -648.706293445705,
            "median": -674.2203206204282,
            "sigma": 39.09901213874326,
            "3sigma": [
                -798.1820972364704,
                -570.008672535218
            ],
            "2sigma": [
                -752.5856680290669,
                -601.7223438734724
            ],
            "5sigma": [
                -863.2395325498186,
                -510.922551639212
            ],
            "q10%": -725.117434497443,
            "q90%": -625.5790185465696,
            "q99%": -590.0062576354388,
            "q01%": -767.9185617085923
        },
        {
            "q25%": 169.4343772161126,
            "1sigma": [
                166.1738376042698,
                186.83869195539663
            ],
            "q75%": 183.52433765227818,
            "median": 176.25410156823287,
            "sigma": 10.33242717556341,
            "3sigma": [
                148.13243684341577,
                207.8304169248459
            ],
            "2sigma": [
                157.19661111875934,
                196.90532478929356
            ],
            "5sigma": [
                134.48928015251968,
                226.52225317841425
            ],
            "q10%": 163.559137746504,
            "q90%": 189.44991515330724,
            "q99%": 200.84031172778302,
            "q01%": 154.12163001588172
        },
        {
            "q25%": 0.8987286660862174,
            "1sigma": [
                0.8788173591414536,
                0.9778215422320987
            ],
            "q75%": 0.9661193966167245,
            "median": 0.9353695744921376,
            "sigma": 0.049502091545322535,
            "3sigma": [
                0.78062613805539,
                0.9998023024103495
            ],
            "2sigma": [
                0.8263128136230014,
                0.9961370426446341
            ],
            "5sigma": [
                0.6817075990464637,
                0.9999995789813427
            ],
            "q10%": 0.8631736492842692,
            "q90%": 0.9858982896544254,
            "q99%": 0.9984150668628868,
            "q01%": 0.8069226153207388
        },
        {
            "q25%": 77.8753950408,
            "1sigma": [
                77.8281272285923,
                78.13228541062685
            ],
            "q75%": 78.08792370377657,
            "median": 77.9868419290302,
            "sigma": 0.1520790910172778,
            "3sigma": [
                77.53005530967518,
                78.40132474748452
            ],
            "2sigma": [
                77.67436548217819,
                78.25847538160578
            ],
            "5sigma": [
                77.20256591281654,
                78.59019623340784
            ],
            "q10%": 77.7817148519188,
            "q90%": 78.16857681508326,
            "q99%": 78.30533810415237,
            "q01%": 77.61982594023718
        },
        {
            "q25%": 18.560037529846166,
            "1sigma": [
                18.48308672073692,
                18.894319315587666
            ],
            "q75%": 18.836465451035235,
            "median": 18.70567692466946,
            "sigma": 0.20561629742537235,
            "3sigma": [
                17.96410476438171,
                19.175957043161333
            ],
            "2sigma": [
                18.253530402307906,
                19.05413918781293
            ],
            "5sigma": [
                17.56685770262852,
                19.372808022795176
            ],
            "q10%": 18.41939228997904,