{
    "nested importance sampling global log-evidence": 132.1535793754695,
    "global evidence error": 0.013761711035780003,
    "nested sampling global log-evidence error": 0.3888816391495975,
    "nested sampling global log-evidence": 133.74626928134109,
    "nested importance sampling global log-evidence error": 0.013761711035780003,
    "marginals": [
        {
            "5sigma": [
                1706.3181090430328,
                1813.1903196542269
            ],
            "q90%": 1765.753649359294,
            "q75%": 1758.4949400288663,
            "q99%": 1779.6615905752826,
            "q25%": 1743.0154443521644,
            "q01%": 1724.9016408983875,
            "sigma": 11.221682529485633,
            "q10%": 1735.963082768585,
            "3sigma": [
                1718.1328487051221,
                1786.6362815320974
            ],
            "2sigma": [
                1728.7093349021445,
                1774.5504174577675
            ],
            "1sigma": [
                1739.368241523864,
                1761.8116065828353
            ],
            "median": 1750.1497168819099
        },
        {
            "5sigma": [
                73.26351499117017,
                517.4163040944775
            ],
            "q90%": 393.2968387783911,
            "q75%": 364.3918171034148,
            "q99%": 438.41630187362176,
            "q25%": 300.05265546838586,
            "q01%": 212.05309080739525,
            "sigma": 46.64680081837665,
            "q10%": 270.432010798212,
            "3sigma": [
                184.60388529409943,
                464.6193827833368
            ],
            "2sigma": [
                234.02487598510365,
                423.0782765084926
            ],
            "1sigma": [
                285.8731618712726,
                379.1667635080259
            ],
            "median": 334.7084195871219
        },
        {
            "5sigma": [
                -906.8216612033602,
                -220.1751636131542
            ],
            "q90%": -522.8716777878507,
            "q75%": -567.835434616373,
            "q99%": -434.0266251255432,
            "q25%": -665.2929567399259,
            "q01%": -778.5367915596902,
            "sigma": 70.92272490604108,
            "q10%": -708.7866421373598,
            "3sigma": [
                -820.5069556125071,
                -392.02924673035056
            ],
            "2sigma": [
                -754.2286668137555,
                -466.94357529177273
            ],
            "1sigma": [
                -687.6788104229477,
                -545.8333606108655
            ],
            "median": -619.64789973133
        },
        {
            "5sigma": [
                90.17088434042796,
                549.1100716449897
            ],
            "q90%": 417.82330881458444,
            "q75%": 388.47539896532203,
            "q99%": 464.5558615542976,
            "q25%": 323.43301052076276,
            "q01%": 233.58947970371582,
            "sigma": 47.377866504162824,
            "q10%": 293.19053755181466,
            "3sigma": [
                205.66256578353125,
                492.9271853381841
            ],
            "2sigma": [
                254.81102371785553,
                447.45591443657264
            ],
            "1sigma": [
                308.2341306372894,
                402.98986364561506
            ],
            "median": 358.03800214571913
        },
        {
            "5sigma": [
                -120.65034731060955,
                -6.918966824881995
            ],
            "q90%": -56.68506827778398,
            "q75%": -64.26623579905993,
            "q99%": -42.18639192240795,
            "q25%": -80.24124272361715,
            "q01%": -99.12178003281451,
            "sigma": 11.74411687690904,
            "q10%": -87.59664360048254,
            "3sigma": [
                -106.95212862301457,
                -34.714833492674565
            ],
            "2sigma": [
                -94.93430462076591,
                -47.16937128195235
            ],
            "1sigma": [
                -83.95749118967838,
                -60.4692574358603
            ],
            "median": -72.73210130495394
        },
        {
            "5sigma": [
                1.396129085118757,
                1.9999660310338605
            ],
            "q90%": 1.9920672727101125,
            "q75%": 1.9793630277891612,
            "q99%": 1.9992107670240338,
            "q25%": 1.9081343225552914,
            "q01%": 1.7220768114741496,
            "sigma": 0.053855865961067395,
            "q10%": 1.8515670288838852,
            "3sigma": [
                1.62854235323579,
                1.9998668711938086
            ],
            "2sigma": [
                1.773615104863602,
                1.9981487354753726
            ],
            "1sigma": [
                1.8801430412690858,
                1.9878547731912206
            ],
            "median": 1.9537855916153017
        },
        {
            "5sigma": [
                51.42791313663105,
                56.26957595364669
            ],
            "q90%": 55.447651996559195,
            "q75%": 55.29787634141599,
            "q99%": 55.72301707641273,
            "q25%": 54.933680136636916,
            "q01%": 54.40771744243513,
            "sigma": 0.26766552001598143,
            "q10%": 54.755179385456614,
            "3sigma": [
                54.14637707163363,
                55.87460106141224
            ],
            "2sigma": [
                54.51028248184755,
                55.607313132072214
            ],
            "1sigma": [
                54.845743885187346,
                55.38107492521931
            ],
            "median": 55.11802698816191
        },
        {
            "5sigma": [
                10.144866177672958,
                17.93264970921145
            ],
            "q90%": 12.465423062126114,
            "q75%": 12.229772758624032,
            "q99%": 12.90235021431126,
            "q25%": 11.792068797698215,
            "q01%": 11.158559587465982,
            "sigma": 0.3313581070023517,
            "q10%": 11.576866835489454,
            "3sigma": [
                10.849395177407246,
                13.331031630820796
            ],
            "2sigma": [
                11.326653280541816,
                12.729916362116658
            ],
            "1sigma": [
                11.679962583240805,
                12.342678797245508
            ],
            "median": 12.008032994501452
        },
        {
            "5sigma": [
                0.0006505826361780391,
                3.132705305010912
            ],
            "q90%": 0.646469713619075,
            "q75%": 0.48948681770977714,
            "q99%": 0.961586283126088,
            "q25%": 0.1677214267810055,
            "q01%": 0.007945102051996398,
            "sigma": 0.23313518151430074,
            "q10%": 0.07685836241456345,
            "3sigma": [
                0.0017254208898375154,
                1.1523944582637424
            ],
            "2sigma": [
                0.01840330372876051,
                0.834148551091545
            ],
            "1sigma": [
                0.10969038042329761,
                0.5759607434518991
            ],
            "median": 0.3189337119628132
        },
        {
            "5sigma": [
                0.03575181861967034,
                0.0692113979711171
            ],
            "q90%": 0.05125851210538479,
            "q75%": 0.049143473480282356,
            "q99%": 0.05526194710451358,
            "q25%": 0.04483893370412371,
            "q01%": 0.04044095811358498,
            "sigma": 0.003217789718877904,
            "q10%": 0.04313124692665649,
            "3sigma": [
                0.03880022679117857,
                0.05836143876980611
            ],