{
    "nested importance sampling global log-evidence": 198.1343034519252,
    "nested sampling global log-evidence error": 0.39794220561005483,
    "global evidence": 198.1343034519252,
    "modes": [
        {
            "local log-evidence": 198.1343034519252,
            "strictly local log-evidence": 198.1343034519252,
            "index": 0,
            "strictly local log-evidence error": 0.008615315991803013,
            "mean": [
                1999.7327670582968,
                -708.8574332766368,
                966.1342686411763,
                -682.3556249988851,
                176.6015546542702,
                1.0570113876215204,
                77.90506061700647,
                19.261362963324224,
                3.5327077506599314,
                0.025917468781341563
            ],
            "local log-evidence error": 0.008615315991803013,
            "maximum": [
                1995.1794314020626,
                -689.8259718566146,
                937.1890568261883,
                -663.4061751964634,
                172.0847430255967,
                1.0235634973682726,
                77.96971487298416,
                19.154639237422604,
                3.696084165790393,
                0.02478384129118004
            ],
            "maximum a posterior": [
                1995.1794314020626,
                -689.8259718566146,
                937.1890568261883,
                -663.4061751964634,
                172.0847430255967,
                1.0235634973682726,
                77.96971487298416,
                19.154639237422604,
                3.696084165790393,
                0.02478384129118004
            ],
            "sigma": [
                5.746244004578167,
                24.790218594476304,
                39.586270358421956,
                27.79047596614395,
                7.253642430947858,
                0.05531094961826926,
                0.12005835626738111,
                0.22878992756147845,
                0.28131514148385983,
                0.0017746211262742997
            ]
        }
    ],
    "marginals": [
        {
            "q90%": 2007.0416806162489,
            "median": 1999.5730666327113,
            "3sigma": [
                1983.04284667857,
                2017.484768820432
            ],
            "q10%": 1992.7059036291519,
            "1sigma": [
                1994.0870522749767,
                2005.4651635296832
            ],
            "5sigma": [
                1973.131359695907,
                2029.903448479312
            ],
            "q99%": 2013.7355081374271,
            "q75%": 2003.5385730690527,
            "q25%": 1995.8588143860502,
            "q01%": 1986.7754954432585,
            "2sigma": [
                1988.4530042674207,
                2011.6415663804596
            ],
            "sigma": 5.689055627353241
        },
        {
            "q90%": -678.4906768728637,
            "median": -708.4074989162423,
            "3sigma": [
                -783.640352263828,
                -636.744646141625
            ],
            "q10%": -740.1608751980988,
            "1sigma": [
                -733.3381736407546,
                -684.4994124720832
            ],
            "5sigma": [
                -840.3978996079233,
                -589.4766129879184
            ],
            "q99%": -652.7242384706917,
            "q75%": -692.0187457650779,
            "q25%": -725.3028696287597,
            "q01%": -770.1249213714508,
            "2sigma": [
                -760.170034601677,
                -659.9454673566855
            ],
            "sigma": 24.41938058433567
        },
        {
            "q90%": 1016.5444387948679,
            "median": 965.6001547113765,
            "3sigma": [
                854.7148302846741,
                1088.214414071672
            ],
            "q10%": 916.6230611917013,
            "1sigma": [
                927.0267872030884,
                1005.849786533277
            ],
            "5sigma": [
                767.9549824873936,
                1178.2439809991504
            ],
            "q99%": 1063.2786831411265,
            "q75%": 992.2255931301715,
            "q25%": 938.7665994010947,
            "q01%": 876.6346504301176,
            "2sigma": [
                887.7657217651459,
                1047.5126977119107
            ],
            "sigma": 39.41149966509431
        },
        {
            "q90%": -647.6288464281334,
            "median": -681.7220873991241,
            "3sigma": [
                -767.3606474586906,
                -600.3475674233963
            ],
            "q10%": -717.5090456145518,
            "1sigma": [
                -710.2826232632096,
                -654.8730526543122
            ],
            "5sigma": [
                -831.4140018918504,
                -538.5177975334155
            ],
            "q99%": -618.525408269721,
            "q75%": -663.4164804900876,
            "q25%": -700.9018826616194,
            "q01%": -750.8015220475578,
            "2sigma": [
                -738.7359163411016,
                -628.2364519122257
            ],
            "sigma": 27.704785304448706
        },
        {
            "q90%": 185.7953498406112,
            "median": 176.29335588433952,
            "3sigma": [
                154.54007226177015,
                199.29130162179933
            ],
            "q10%": 167.49229595072828,
            "1sigma": [
                169.39552210383715,
                183.73010466261437
            ],
            "5sigma": [
                138.13032097906276,
                215.1212403927561
            ],
            "q99%": 194.1794595954248,
            "q75%": 181.51567026478668,
            "q25%": 171.6561806206246,
            "q01%": 159.79245067765135,
            "2sigma": [
                162.6657186271531,
                190.94802175241594
            ],
            "sigma": 7.167291279388607
        },
        {
            "q90%": 1.1273499713539248,
            "median": 1.0561226080511208,
            "3sigma": [
                0.9105424796146794,
                1.246246496381637
            ],
            "q10%": 0.9871140406190725,
            "1sigma": [
                1.0021994960304434,
                1.111687820667226
            ],
            "5sigma": [
                0.8052377387564522,
                1.5041562320257365
            ],
            "q99%": 1.1981650995767463,
            "q75%": 1.0917141411774502,
            "q25%": 1.0188187758598584,
            "q01%": 0.9360874331063289,
            "2sigma": [
                0.9545428851233555,
                1.1708120334592043
            ],
            "sigma": 0.0547441623183913
        },
        {
            "q90%": 78.0563910692074,
            "median": 77.90543436794859,
            "3sigma": [
                77.5165903287332,
                78.29468807214748
            ],
            "q10%": 77.75538210226455,
            "1sigma": [
                77.78525537746619,
                78.02364701246265
            ],
            "5sigma": [
                77.31639159413754,
                78.5628473905189
            ],
            "q99%": 78.18722493046918,
            "q75%": 77.98846265196043,
            "q25%": 77.8212549571972,
            "q01%": 77.62616460890234,
            "2sigma": [
                77.67665525222303,
                78.13863959087337
            ],
            "sigma": 0.11919581749823038
        },
        {
            "q90%": 19.555155719552875,
            "median": 19.261450772230212,
            "3sigma": [
                18.59609391302925,
                20.02491703245987
            ],
            "q10%": 18.969112691037353,
            "1sigma": [
                19.028682186514025,
                19.48687764925523
            ],