{
    "nested importance sampling global log-evidence error": 0.007409369544714199,
    "nested sampling global log-evidence error": 0.397847525143061,
    "marginals": [
        {
            "2sigma": [
                1987.6906758069883,
                1999.7916285953347
            ],
            "5sigma": [
                1971.057333077284,
                1999.9998228058673
            ],
            "q25%": 1993.5218035167304,
            "sigma": 3.319947506865333,
            "q75%": 1998.175648542814,
            "1sigma": [
                1992.1974328335145,
                1998.8373278472452
            ],
            "q99%": 1999.9051188168812,
            "median": 1996.1735235519639,
            "q01%": 1985.3305225902302,
            "q90%": 1999.2738660005596,
            "3sigma": [
                1981.2970414219724,
                1999.9843670625378
            ],
            "q10%": 1990.819629177728
        },
        {
            "2sigma": [
                -710.123074929474,
                -656.5671813920575
            ],
            "5sigma": [
                -716.5516666459542,
                -586.7891166614799
            ],
            "q25%": -702.2104134203237,
            "sigma": 14.446399712567313,
            "q75%": -682.2565159024318,
            "1sigma": [
                -705.0512418373484,
                -676.1584424122137
            ],
            "q99%": -646.4611641926567,
            "median": -693.6179564805938,
            "q01%": -711.0854789360396,
            "q90%": -670.5548681434708,
            "3sigma": [
                -712.8686989671803,
                -629.5675038710599
            ],
            "q10%": -706.9691057950752
        },
        {
            "2sigma": [
                881.671564130379,
                971.0475607733989
            ],
            "5sigma": [
                763.2383291591078,
                992.2776977682936
            ],
            "q25%": 923.6951324236435,
            "sigma": 23.471794923944515,
            "q75%": 956.0717226437356,
            "1sigma": [
                913.5273293521765,
                960.4709192000655
            ],
            "q99%": 974.3004009297318,
            "median": 941.6698365866541,
            "q01%": 866.7022085460131,
            "q90%": 964.4779723053846,
            "3sigma": [
                840.615505857034,
                980.2648060736959
            ],
            "q10%": 904.9752048283127
        },
        {
            "2sigma": [
                -689.3087893976553,
                -622.4510228651
            ],
            "5sigma": [
                -711.8415371674771,
                -533.697262222887
            ],
            "q25%": -675.8374905282066,
            "sigma": 17.05109942970347,
            "q75%": -652.5620410637902,
            "1sigma": [
                -679.590536408292,
                -645.488337548885
            ],
            "q99%": -612.6622395365939,
            "median": -665.2640165289175,
            "q01%": -692.2615937653833,
            "q90%": -639.0382650424963,
            "3sigma": [
                -698.4645599236278,
                -591.506142874588
            ],
            "q10%": -682.8320027198367
        },
        {
            "2sigma": [
                160.59454999111833,
                179.43378253051858
            ],
            "5sigma": [
                136.47522403264915,
                187.20447910253264
            ],
            "q25%": 168.85638771437416,
            "sigma": 4.7173156586327565,
            "q75%": 175.15931706608413,
            "1sigma": [
                166.87871892629613,
                176.31335024356164
            ],
            "q99%": 180.34198563157452,
            "median": 172.17920801605945,
            "q01%": 158.3666505631433,
            "q90%": 177.3176656503943,
            "3sigma": [
                152.43266673602048,
                182.3829748275813
            ],
            "q10%": 165.21005624163405
        },
        {
            "2sigma": [
                0.9449598375280714,
                1.159445598693435
            ],
            "5sigma": [
                0.827973795561394,
                1.4100921060096248
            ],
            "q25%": 1.0070211410018515,
            "sigma": 0.05191520175349679,
            "q75%": 1.0761175923744304,
            "1sigma": [
                0.9909833346144389,
                1.0948137381214325
            ],
            "q99%": 1.183338269092535,
            "median": 1.0409260429449327,
            "q01%": 0.9280742813634266,
            "q90%": 1.111398333128436,
            "3sigma": [
                0.9015173688149399,
                1.2331079308655224
            ],
            "q10%": 0.9771528621914033
        },
        {
            "2sigma": [
                77.78356371785264,
                78.1734879571286
            ],
            "5sigma": [
                77.55296467419768,
                78.58141719480174
            ],
            "q25%": 77.90203977111399,
            "sigma": 0.09817918021899175,
            "q75%": 78.02955673649112,
            "1sigma": [
                77.8716470539286,
                78.06800541436658
            ],
            "q99%": 78.21880749604895,
            "median": 77.9649179378606,
            "q01%": 77.75577280661246,
            "q90%": 78.09949842828442,
            "3sigma": [
                77.68994236512415,
                78.28992569782514
            ],
            "q10%": 77.84514648066032
        },
        {
            "2sigma": [
                18.805736153305702,
                19.70266349579695
            ],
            "5sigma": [
                18.076489582635773,
                20.52751717412986
            ],
            "q25%": 19.08743141219112,
            "sigma": 0.22623367754110468,
            "q75%": 19.39016519952147,
            "1sigma": [
                19.010209684855113,
                19.462677039937322
            ],
            "q99%": 19.794495979376922,
            "median": 19.234595181570036,
            "q01%": 18.732987505467904,
            "q90%": 19.532507686331,
            "3sigma": [
                18.591888246076802,
                19.997579700747266
            ],
            "q10%": 18.948297730549278
        },
        {
            "2sigma": [
                3.09116787179845,
                4.1684920987637435
            ],
            "5sigma": [
                2.3667121888462743,
                5.387299044361705
            ],
            "q25%": 3.401070450206501,
            "sigma": 0.2800339421052347,
            "q75%": 3.772252959528003,
            "1sigma": [
                3.3091948901926163,
                3.8692627744030856
            ],
            "q99%": 4.326125914189799,
            "median": 3.575364690543643,
            "q01%": 2.9773412183808237,
            "q90%": 3.9585279690467137,
            "3sigma": [
                2.836471976548674,
                4.567269424436758
            ],
            "q10%": 3.2347266461003223
        },
        {
            "2sigma": [
                0.02275687487664358,
                0.02965827333031179
            ],
            "5sigma": [
                0.019741431361775197,
                0.037614369337691286
            ],
            "q25%": 0.024661666203246925,
            "sigma": 0.0017265936233904523,
            "q75%": 0.02701856720429226,
            "1sigma": [
                0.024202459707986845,
                0.02765564695476775
            ],
            "q99%": 0.03050337263484917,
            "median": 0.025802603148201157,
            "q01%": 0.02209574121516107,
            "q90%": 0.028155475702894887,
            "3sigma": [
                0.021103062838126196,
                0.03200553516450949
            ],
            "q10%": 0.023767131867425358
        }
    ],