{
    "global evidence": 196.90986243130052,
    "nested importance sampling global log-evidence error": 0.007038070825515503,
    "marginals": [
        {
            "q99%": 2013.2390440979966,
            "sigma": 5.408212568090562,
            "q90%": 2007.1634140967005,
            "1sigma": [
                1994.428154780924,
                2005.244579917105
            ],
            "q25%": 1996.0225699515934,
            "5sigma": [
                1974.0463585287825,
                2032.087452209519
            ],
            "3sigma": [
                1983.4010010854495,
                2017.631638481301
            ],
            "median": 1999.7188432036276,
            "q75%": 2003.4371089498645,
            "2sigma": [
                1988.8698163704435,
                2011.0309718436924
            ],
            "q01%": 1987.1565957068879,
            "q10%": 1993.0019974888771
        },
        {
            "q99%": -654.3249221766595,
            "sigma": 23.472124933350813,
            "q90%": -679.6924214911427,
            "1sigma": [
                -733.0588583306543,
                -686.1146084639527
            ],
            "q25%": -724.6571589636359,
            "5sigma": [
                -849.2454486636245,
                -596.5950584281954
            ],
            "3sigma": [
                -786.1318985910414,
                -639.5250810407044
            ],
            "median": -708.6519506410533,
            "q75%": -693.0366202791973,
            "2sigma": [
                -756.9232012870118,
                -662.0486429173187
            ],
            "q01%": -766.7039921830547,
            "q10%": -740.579408694956
        },
        {
            "q99%": 1057.08949561307,
            "sigma": 37.60494757315007,
            "q90%": 1016.4120775926895,
            "1sigma": [
                929.939015411642,
                1005.1489105579421
            ],
            "q25%": 941.3650165658535,
            "5sigma": [
                775.5152476387992,
                1189.8198169143132
            ],
            "3sigma": [
                849.9850323004853,
                1087.3622729525055
            ],
            "median": 966.2823916534851,
            "q75%": 991.0710646369669,
            "2sigma": [
                891.622356889463,
                1041.2464457700469
            ],
            "q01%": 880.5691544410862,
            "q10%": 919.0645827663344
        },
        {
            "q99%": -621.034229464379,
            "sigma": 26.37712699740581,
            "q90%": -648.8168745183908,
            "1sigma": [
                -709.8967405844139,
                -657.1424865896023
            ],
            "q25%": -699.8368972673551,
            "5sigma": [
                -837.9100461530193,
                -538.7201612140396
            ],
            "3sigma": [
                -765.4573006920975,
                -600.6803195909204
            ],
            "median": -682.3681618483638,
            "q75%": -664.9654687631556,
            "2sigma": [
                -735.0317235743531,
                -630.6144300762751
            ],
            "q01%": -745.7849610071582,
            "q10%": -717.362423669664
        },
        {
            "q99%": 192.8242372313819,
            "sigma": 6.8218659974624245,
            "q90%": 185.86995023853268,
            "1sigma": [
                170.0804814159957,
                183.72421341092056
            ],
            "q25%": 172.2115369058365,
            "5sigma": [
                136.80693815394824,
                216.31437446007172
            ],
            "3sigma": [
                154.9668128722732,
                198.17371245834028
            ],
            "median": 176.69513246842664,
            "q75%": 181.31153350013736,
            "2sigma": [
                162.85575711556658,
                190.47233923137978
            ],
            "q01%": 160.56441446174858,
            "q10%": 167.78381610844423
        },
        {
            "q99%": 1.1998331673701992,
            "sigma": 0.05394592767914752,
            "q90%": 1.1316282241347506,
            "1sigma": [
                1.0039048754971265,
                1.1117967308554215
            ],
            "q25%": 1.0179915780941597,
            "5sigma": [
                0.82071877543025,
                1.4491619769818895
            ],
            "3sigma": [
                0.9112306424670191,
                1.2654247476132547
            ],
            "median": 1.0518383442330184,
            "q75%": 1.0903339592657844,
            "2sigma": [
                0.9579948417242607,
                1.1730378109730109
            ],
            "q01%": 0.9405153339749291,
            "q10%": 0.9902151153554619
        },
        {
            "q99%": 78.18990070737121,
            "sigma": 0.11632920811103276,
            "q90%": 78.04887792896547,
            "1sigma": [
                77.78501463484925,
                78.01767305107131
            ],
            "q25%": 77.82357390745103,
            "5sigma": [
                77.34090803377671,
                78.56313429628965
            ],
            "3sigma": [
                77.5622103616197,
                78.26462321444383
            ],
            "median": 77.90469234824674,
            "q75%": 77.97832797443685,
            "2sigma": [
                77.67385872469106,
                78.1398525058887
            ],
            "q01%": 77.6369152301695,
            "q10%": 77.74500426061583
        },
        {
            "q99%": 19.821304622695273,
            "sigma": 0.22388069905363395,
            "q90%": 19.55747282876604,
            "1sigma": [
                19.034748575614177,
                19.482509973721445
            ],
            "q25%": 19.101286210017925,
            "5sigma": [
                18.198911271069495,
                20.69938370112394
            ],
            "3sigma": [
                18.57680767381693,
                20.04558254340274
            ],
            "median": 19.249259168885303,
            "q75%": 19.402900170021564,
            "2sigma": [
                18.828615040827117,
                19.72395347298739
            ],
            "q01%": 18.729159926134493,
            "q10%": 18.975196197325815
        },
        {
            "q99%": 4.219826220560442,
            "sigma": 0.28256848848230365,
            "q90%": 3.8930052795477965,
            "1sigma": [
                3.250823654915222,
                3.8159606318798294
            ],
            "q25%": 3.3382324907524024,
            "5sigma": [
                2.316865001199175,
                5.368090079285351
            ],
            "3sigma": [
                2.7312391678629955,
                4.492007323387919
            ],
            "median": 3.5204714762135905,
            "q75%": 3.723420050532715,
            "2sigma": [
                3.007725671646827,
                4.087178961935059
            ],
            "q01%": 2.9265026014997746,
            "q10%": 3.169359363446319
        },
        {
            "q99%": 0.03036562310451344,
            "sigma": 0.0017322454418170468,
            "q90%": 0.02814471560638963,
            "1sigma": [
                0.02415164641254201,
                0.027616137296176103
            ],
            "q25%": 0.024676794933924828,
            "5sigma": [
                0.020764981895987886,
                0.03747751605999454
            ],
            "3sigma": [
                0.021533447239205816,
                0.0319161870724102
            ],
            "median": 0.025769210019960586,
            "q75%": 0.02699262814200708,
            "2sigma": [
                0.02268051066337933,
                0.02963003111083511
            ],
            "q01%": 0.02212895701116837,
            "q10%": 0.02376077557782578
        }
    ],