{
    "marginals": [
        {
            "2sigma": [
                1988.5563835355044,
                2011.049067224347
            ],
            "q10%": 1992.2585737011348,
            "q25%": 1995.7133186959584,
            "q01%": 1986.843524623591,
            "q90%": 2006.9699607306386,
            "5sigma": [
                1973.1463285621649,
                2034.7976971888756
            ],
            "q75%": 2003.3321817691444,
            "median": 1999.4235058704696,
            "sigma": 5.670144187538085,
            "q99%": 2013.6485305859014,
            "1sigma": [
                1993.842740045288,
                2005.1830284203643
            ],
            "3sigma": [
                1983.0376349796775,
                2018.1480365398247
            ]
        },
        {
            "2sigma": [
                -758.020816761326,
                -660.1932420176606
            ],
            "q10%": -740.558338325879,
            "q25%": -724.2791388164703,
            "q01%": -768.1795228405741,
            "q90%": -676.839244863034,
            "5sigma": [
                -857.8341108104601,
                -590.6064564361316
            ],
            "q75%": -691.3197470682991,
            "median": -707.2423552131379,
            "sigma": 24.47922555357843,
            "q99%": -652.7770476964588,
            "1sigma": [
                -732.3956122803559,
                -683.437161173199
            ],
            "3sigma": [
                -788.5532792808177,
                -637.6543638598208
            ]
        },
        {
            "2sigma": [
                889.5021599269395,
                1044.3607047425596
            ],
            "q10%": 915.3649677333722,
            "q25%": 938.262418986541,
            "q01%": 875.3706247719327,
            "q90%": 1017.1180529421742,
            "5sigma": [
                771.9647637680309,
                1196.9581168116667
            ],
            "q75%": 990.9783328873599,
            "median": 963.1012266557941,
            "sigma": 39.11499590378537,
            "q99%": 1058.0447202008725,
            "1sigma": [
                925.6885306879766,
                1003.9185224955473
            ],
            "3sigma": [
                850.6939250167139,
                1090.1713200299912
            ]
        },
        {
            "2sigma": [
                -736.519398175614,
                -629.0207274673785
            ],
            "q10%": -717.6261919749433,
            "q25%": -699.6756188483015,
            "q01%": -745.5270273962458,
            "q90%": -646.6521737022387,
            "5sigma": [
                -837.2074948535528,
                -541.1094983367097
            ],
            "q75%": -662.9339152940321,
            "median": -680.7651320305437,
            "sigma": 27.123969252239874,
            "q99%": -618.7487584307111,
            "1sigma": [
                -708.9458546135936,
                -654.6979161091139
            ],
            "3sigma": [
                -768.4071749078478,
                -600.9429099267676
            ]
        },
        {
            "2sigma": [
                162.56623585651502,
                190.52877555101387
            ],
            "q10%": 167.09757249446326,
            "q25%": 171.54171823108115,
            "q01%": 159.6674849560348,
            "q90%": 185.86346827392873,
            "5sigma": [
                138.9665905343448,
                214.5629936264671
            ],
            "q75%": 181.16032733489968,
            "median": 176.17802744418208,
            "sigma": 7.158985029060901,
            "q99%": 192.95039219330437,
            "1sigma": [
                169.31347468894452,
                183.63144474706633
            ],
            "3sigma": [
                155.471650298538,
                198.42223892142388
            ]
        },
        {
            "2sigma": [
                0.9560751679087163,
                1.174557389450542
            ],
            "q10%": 0.9872811842643638,
            "q25%": 1.0165215076482337,
            "q01%": 0.9372996728411589,
            "q90%": 1.1300758848596544,
            "5sigma": [
                0.8111556433589708,
                1.445449443852801
            ],
            "q75%": 1.0928839613866024,
            "median": 1.0546676781575515,
            "sigma": 0.05630428614138028,
            "q99%": 1.2071255798617218,
            "1sigma": [
                1.0009158596949395,
                1.1135244319777
            ],
            "3sigma": [
                0.9044464628520569,
                1.2575401322709712
            ]
        },
        {
            "2sigma": [
                77.6712395596739,
                78.14734390004895
            ],
            "q10%": 77.75310483077205,
            "q25%": 77.82527552942315,
            "q01%": 77.6287160237091,
            "q90%": 78.0642503988138,
            "5sigma": [
                77.30426104046657,
                78.63129141022478
            ],
            "q75%": 77.99266094663606,
            "median": 77.90910032333323,
            "sigma": 0.12167470452961737,
            "q99%": 78.19991904770256,
            "1sigma": [
                77.78558262419698,
                78.02893203325621
            ],
            "3sigma": [
                77.54176181596699,
                78.28566971345131
            ]
        },
        {
            "2sigma": [
                18.832055221009245,
                19.746732072889067
            ],
            "q10%": 18.970760969941225,
            "q25%": 19.099842231505615,
            "q01%": 18.738501150409135,
            "q90%": 19.554297519236833,
            "5sigma": [
                18.246355683150032,
                20.841407792024505
            ],
            "q75%": 19.406514064632542,
            "median": 19.253553136688044,
            "sigma": 0.2299481398935228,
            "q99%": 19.84891686272124,
            "1sigma": [
                19.032300251050707,
                19.492196530837752
            ],
            "3sigma": [
                18.595779372559548,
                20.01191999738576
            ]
        },
        {
            "2sigma": [
                3.0116711027944825,
                4.111533460188861
            ],
            "q10%": 3.1791263072489433,
            "q25%": 3.333246304135194,
            "q01%": 2.9091676739047814,
            "q90%": 3.9058462182172353,
            "5sigma": [
                2.1875749157337294,
                5.275655122640205
            ],
            "q75%": 3.714145235259267,
            "median": 3.522010146492841,
            "sigma": 0.28176857417374457,
            "q99%": 4.244615932183822,
            "1sigma": [
                3.249573880484938,
                3.8131110288324273
            ],
            "3sigma": [
                2.7472659027080737,
                4.469689255222253
            ]
        },
        {
            "2sigma": [
                0.02271536990746148,
                0.02974542736017691
            ],
            "q10%": 0.02372946634938196,
            "q25%": 0.02475661734791995,
            "q01%": 0.022171691356813655,
            "q90%": 0.028301946902675814,
            "5sigma": [
                0.019371807114317897,
                0.0382585721807671
            ],
            "q75%": 0.027094326062146793,
            "median": 0.025803712378865397,
            "sigma": 0.0017418488751354544,
            "q99%": 0.03048181370937921,
            "1sigma": [
                0.02415511440615789,
                0.0276388121564288
            ],
            "3sigma": [
                0.02108106786036553,
                0.0322055150943256
            ]
        }
    ],
    "global evidence": 199.0401834196701,
    "global evidence error": 0.017789864356714712,
    "modes": [
        {
            "index": 0,