{
    "nested importance sampling global log-evidence error": 0.00991064716015065,
    "marginals": [
        {
            "q75%": 1998.257567755779,
            "2sigma": [
                1987.6595004588034,
                1999.840378635357
            ],
            "q25%": 1993.5466660030656,
            "q10%": 1990.9337108859108,
            "q99%": 1999.9424865067408,
            "sigma": 3.3992110701833553,
            "median": 1996.245374185033,
            "1sigma": [
                1992.0980318193592,
                1998.896453959726
            ],
            "q90%": 1999.3201383474884,
            "3sigma": [
                1981.852498897348,
                1999.9920750361264
            ],
            "5sigma": [
                1970.2111952435573,
                1999.9989280578936
            ],
            "q01%": 1985.4873001539888
        },
        {
            "q75%": -682.1947049855985,
            "2sigma": [
                -710.1567412169276,
                -656.3092150884214
            ],
            "q25%": -702.5104614298407,
            "q10%": -707.2891890301624,
            "q99%": -648.1359693151996,
            "sigma": 14.5659874006044,
            "median": -693.996438476273,
            "1sigma": [
                -705.2411121017348,
                -676.109137300526
            ],
            "q90%": -670.7774846507909,
            "3sigma": [
                -712.9500761581561,
                -630.3900836077347
            ],
            "5sigma": [
                -715.53528502779,
                -580.4087689138389
            ],
            "q01%": -711.1955654114956
        },
        {
            "q75%": 956.3078156740236,
            "2sigma": [
                880.8571785315247,
                971.7689580196596
            ],
            "q25%": 923.7854145465908,
            "q10%": 904.6092726064323,
            "q99%": 973.9828000592881,
            "sigma": 23.480826759833576,
            "median": 942.6749451908759,
            "1sigma": [
                914.0632141400569,
                961.024867659724
            ],
            "q90%": 964.8894887585901,
            "3sigma": [
                841.8061856847008,
                979.5692709031845
            ],
            "5sigma": [
                761.2385666367762,
                986.1008388875716
            ],
            "q01%": 868.034404765668
        },
        {
            "q75%": -652.676103525795,
            "2sigma": [
                -689.4027572561329,
                -622.4424420283361
            ],
            "q25%": -676.1049269097194,
            "q10%": -683.0161486481776,
            "q99%": -613.0826727900351,
            "sigma": 16.913452744291646,
            "median": -665.8387932320489,
            "1sigma": [
                -679.7562214356152,
                -645.9293159470319
            ],
            "q90%": -638.8922451580248,
            "3sigma": [
                -698.024017138156,
                -595.3430050150064
            ],
            "5sigma": [
                -704.5811708934298,
                -537.4476108894087
            ],
            "q01%": -692.2376963340505
        },
        {
            "q75%": 175.21301878117936,
            "2sigma": [
                160.85314769210413,
                179.35492531337528
            ],
            "q25%": 168.88359412303677,
            "q10%": 165.13887683957327,
            "q99%": 180.3170938988732,
            "sigma": 4.666470701750157,
            "median": 172.36680269055464,
            "1sigma": [
                167.04715719138113,
                176.38009859488145
            ],
            "q90%": 177.39924150523348,
            "3sigma": [
                153.14570709752667,
                182.24689207847385
            ],
            "5sigma": [
                138.09191449288656,
                184.99932722538227
            ],
            "q01%": 158.35296789731484
        },
        {
            "q75%": 1.0768670581091893,
            "2sigma": [
                0.9456983267176834,
                1.1524827112097877
            ],
            "q25%": 1.0065435807074368,
            "q10%": 0.9774368017148851,
            "q99%": 1.1809768069728508,
            "sigma": 0.05187116769650685,
            "median": 1.0409346650012345,
            "1sigma": [
                0.9906875233797819,
                1.0944298587727956
            ],
            "q90%": 1.1105256378116823,
            "3sigma": [
                0.9013569096996868,
                1.2205219039550934
            ],
            "5sigma": [
                0.8009393232224217,
                1.3752615297636075
            ],
            "q01%": 0.9286530910529593
        },
        {
            "q75%": 78.03324413371153,
            "2sigma": [
                77.78914670857944,
                78.17517976057239
            ],
            "q25%": 77.90181189367813,
            "q10%": 77.8459849715891,
            "q99%": 78.21388023593937,
            "sigma": 0.09851441282126672,
            "median": 77.96530874442537,
            "1sigma": [
                77.87199363260991,
                78.06902245825245
            ],
            "q90%": 78.09714991673412,
            "3sigma": [
                77.68266298992688,
                78.30704123014054
            ],
            "5sigma": [
                77.54634183978303,
                78.61411895807197
            ],
            "q01%": 77.76057245546006
        },
        {
            "q75%": 19.382236798698013,
            "2sigma": [
                18.78954371516472,
                19.67088166547107
            ],
            "q25%": 19.080784433496866,
            "q10%": 18.947236363216074,
            "q99%": 19.771546907464767,
            "sigma": 0.22849746294070528,
            "median": 19.230805332278546,
            "1sigma": [
                19.004667255699786,
                19.461662181581197
            ],
            "q90%": 19.533297814516338,
            "3sigma": [
                18.575916927317984,
                19.957119241661324
            ],
            "5sigma": [
                18.093778401760595,
                20.585029327361
            ],
            "q01%": 18.704643196313747
        },
        {
            "q75%": 3.7710345998259864,
            "2sigma": [
                3.072837071200114,
                4.175451299808711
            ],
            "q25%": 3.4082251755978357,
            "q10%": 3.2493416838103584,
            "q99%": 4.30994779374637,
            "sigma": 0.2781820334644216,
            "median": 3.5772714894380333,
            "1sigma": [
                3.314412142186488,
                3.870776209115331
            ],
            "q90%": 3.956139970082093,
            "3sigma": [
                2.835480129839416,
                4.586446125169115
            ],
            "5sigma": [
                2.4194341035911178,
                5.386482923856694
            ],
            "q01%": 2.9744019283366927
        },
        {
            "q75%": 0.026984191981184603,
            "2sigma": [
                0.022760247779351764,
                0.02959624860417022
            ],
            "q25%": 0.024690442622525552,
            "q10%": 0.023760537605166766,
            "q99%": 0.030458825181779437,
            "sigma": 0.001695683672484908,
            "median": 0.025806469343972308,
            "1sigma": [
                0.024194311286622174,
                0.02758567863159199
            ],
            "q90%": 0.028175061976656545,
            "3sigma": [
                0.021159746190461397,
                0.032166823436226115
            ],
            "5sigma": [
                0.01943095771625802,
                0.03841965651032577
            ],
            "q01%": 0.02227522446973998
        }
    ],
    "nested importance sampling global log-evidence": 197.09867362388673,