{
    "global evidence": 196.99113273296962,
    "marginals": [
        {
            "q25%": 1995.822062679022,
            "q75%": 2003.4883744740503,
            "q01%": 1986.7193930100445,
            "q99%": 2013.474709011972,
            "q90%": 2007.2609183777965,
            "sigma": 5.781466324515236,
            "2sigma": [
                1988.7908450387192,
                2011.4073400415396
            ],
            "5sigma": [
                1972.9354115544013,
                2030.4497608482059
            ],
            "1sigma": [
                1993.8898455065143,
                2005.4527781555448
            ],
            "q10%": 1992.059542290313,
            "median": 1999.6455236881213,
            "3sigma": [
                1982.9118752214013,
                2018.1565509851716
            ]
        },
        {
            "q25%": -725.2385483115335,
            "q75%": -691.97799037221,
            "q01%": -768.5195885764279,
            "q99%": -652.9788086395372,
            "q90%": -676.0314212519688,
            "sigma": 24.78386797689717,
            "2sigma": [
                -759.1343131261689,
                -661.4377105273556
            ],
            "5sigma": [
                -839.968614688588,
                -595.3222801311774
            ],
            "1sigma": [
                -733.3107234214956,
                -683.7429874677013
            ],
            "q10%": -741.0193735541733,
            "median": -708.4061940935375,
            "3sigma": [
                -788.4244398556672,
                -636.8191193726807
            ]
        },
        {
            "q25%": 939.1516476234669,
            "q75%": 992.6440275671297,
            "q01%": 876.9731231052905,
            "q99%": 1061.7515414253887,
            "q90%": 1017.2318895537207,
            "sigma": 39.71344318026769,
            "2sigma": [
                891.2227762626458,
                1046.922784822857
            ],
            "5sigma": [
                786.3147704104633,
                1170.4386663859973
            ],
            "1sigma": [
                926.3972696964416,
                1005.824156056977
            ],
            "q10%": 913.6413987495653,
            "median": 965.3160920785726,
            "3sigma": [
                850.9541175006092,
                1091.2655760890714
            ]
        },
        {
            "q25%": -701.1847717358349,
            "q75%": -663.8376208336117,
            "q01%": -748.7842077651892,
            "q99%": -619.1266530693963,
            "q90%": -645.7514454869371,
            "sigma": 28.099782309675675,
            "2sigma": [
                -738.6982274199395,
                -629.2201814806051
            ],
            "5sigma": [
                -819.9976919248688,
                -553.2384341221039
            ],
            "1sigma": [
                -710.3340105456444,
                -654.1344459262931
            ],
            "q10%": -718.305264415361,
            "median": -682.1804086112536,
            "3sigma": [
                -769.4230899524829,
                -602.0920052551506
            ]
        },
        {
            "q25%": 171.77927679410658,
            "q75%": 181.54996826718877,
            "q01%": 159.44742064484655,
            "q99%": 193.61171664072313,
            "q90%": 186.0041967061394,
            "sigma": 7.2689614788754255,
            "2sigma": [
                162.5207105439524,
                191.08561409198336
            ],
            "5sigma": [
                140.98098715809803,
                211.05059644232287
            ],
            "1sigma": [
                169.31165048015424,
                183.8495734379051
            ],
            "q10%": 167.06078927895086,
            "median": 176.53275493724058,
            "3sigma": [
                156.001345586931,
                198.94524980161847
            ]
        },
        {
            "q25%": 1.0172574425267857,
            "q75%": 1.0933105906863454,
            "q01%": 0.93883628849704,
            "q99%": 1.2062372227677582,
            "q90%": 1.1305289056592633,
            "sigma": 0.056049557853311005,
            "2sigma": [
                0.9550600498374937,
                1.1756098317216157
            ],
            "5sigma": [
                0.847686108333074,
                1.4239829358438159
            ],
            "1sigma": [
                1.0004250000694952,
                1.1125241157761172
            ],
            "q10%": 0.9877564737693999,
            "median": 1.0531450969106493,
            "3sigma": [
                0.8996080015692607,
                1.2624944756100758
            ]
        },
        {
            "q25%": 77.82025334619884,
            "q75%": 77.9881723802354,
            "q01%": 77.61327862274487,
            "q99%": 78.19132327024772,
            "q90%": 78.06422539420399,
            "sigma": 0.1232264662489726,
            "2sigma": [
                77.66406057629118,
                78.14659139014681
            ],
            "5sigma": [
                77.29987647303693,
                78.56754707497139
            ],
            "1sigma": [
                77.78274468831425,
                78.0291976208122
            ],
            "q10%": 77.74695460740544,
            "median": 77.90203360409416,
            "3sigma": [
                77.53788167037993,
                78.27480576535366
            ]
        },
        {
            "q25%": 19.10295958807138,
            "q75%": 19.414630849904313,
            "q01%": 18.762938428006063,
            "q99%": 19.83832674882925,
            "q90%": 19.560850495243276,
            "sigma": 0.22947287923798498,
            "2sigma": [
                18.826969748638614,
                19.73661270857627
            ],
            "5sigma": [
                18.118524864042467,
                20.669648934464448
            ],
            "1sigma": [
                19.029541721921007,
                19.488487480396977
            ],
            "q10%": 18.966964746154623,
            "median": 19.252720096785033,
            "3sigma": [
                18.603052378134525,
                20.039093031916163
            ]
        },
        {
            "q25%": 3.333072263906399,
            "q75%": 3.7261138117934247,
            "q01%": 2.9096031721480773,
            "q99%": 4.265221564034581,
            "q90%": 3.906656497421052,
            "sigma": 0.2902249227706206,
            "2sigma": [
                2.993051911598953,
                4.132045381806268
            ],
            "5sigma": [
                2.3354053486382416,
                5.442530971552367
            ],
            "1sigma": [
                3.241218486187818,
                3.821668331729059
            ],
            "q10%": 3.1615921419397033,
            "median": 3.5289170407781114,
            "3sigma": [
                2.760909649251993,
                4.535299128152553
            ]
        },
        {
            "q25%": 0.024708056189364322,
            "q75%": 0.027135555004447975,
            "q01%": 0.02214328775780481,
            "q99%": 0.030378792997973594,
            "q90%": 0.02826602165697297,
            "sigma": 0.0017760483104719334,
            "2sigma": [
                0.02269499726563703,
                0.029597918833598916
            ],
            "5sigma": [
                0.019328649935573438,
                0.037764680618349214
            ],
            "1sigma": [
                0.02422550457061898,
                0.027777601191562848
            ],
            "q10%": 0.0237246479314957,
            "median": 0.025850845945374408,
            "3sigma": [
                0.021112739373094113,
                0.031942562725579014
            ]
        }
    ],
    "global evidence error": 0.007516965154462101,