{
    "nested importance sampling global log-evidence error": 0.00830647169277786,
    "nested sampling global log-evidence error": 0.4172439480976401,
    "global evidence": 204.71422542509606,
    "nested sampling global log-evidence": 207.90111058574024,
    "nested importance sampling global log-evidence": 204.71422542509606,
    "modes": [
        {
            "mean": [
                -10637.179080632897,
                -5919.4715768206015,
                -1910.7084843946088,
                157.56444574001566,
                12230.374447851176,
                0.5543934591201248,
                78.20920581977578,
                18.76856700146923,
                6.892876634116204,
                0.023168876332357168
            ],
            "strictly local log-evidence": 204.71422542509606,
            "local log-evidence": 204.71422542509606,
            "local log-evidence error": 0.00830647169277786,
            "index": 0,
            "strictly local log-evidence error": 0.00830647169277786,
            "maximum": [
                -10643.444042689942,
                -5921.350884471698,
                -1912.6985345673747,
                158.05712469580976,
                12236.161904845212,
                0.5696604986720677,
                78.19747477819489,
                18.832688194103863,
                6.325087297182524,
                0.02132148929725155
            ],
            "maximum a posterior": [
                -10643.444042689942,
                -5921.350884471698,
                -1912.6985345673747,
                158.05712469580976,
                12236.161904845212,
                0.5696604986720677,
                78.19747477819489,
                18.832688194103863,
                6.325087297182524,
                0.02132148929725155
            ],
            "sigma": [
                453.04866854595014,
                214.58843513450725,
                65.58199750462056,
                4.8813793544976445,
                448.188961649131,
                0.03295725798554479,
                0.1013072485632258,
                0.20612971713474273,
                0.9408878022019679,
                0.0015814857605485977
            ]
        }
    ],
    "global evidence error": 0.00830647169277786,
    "marginals": [
        {
            "q90%": -10064.083943508225,
            "3sigma": [
                -11939.805187177344,
                -9108.624107129119
            ],
            "q01%": -11625.865372084882,
            "1sigma": [
                -11088.780442732348,
                -10192.671416671124
            ],
            "5sigma": [
                -12615.552648110324,
                -7828.41784435913
            ],
            "q75%": -10335.948635588513,
            "q25%": -10949.965281776913,
            "median": -10652.502330028741,
            "sigma": 448.0545130306118,
            "q10%": -11200.969591420806,
            "2sigma": [
                -11485.086250532191,
                -9690.815134520184
            ],
            "q99%": -9498.67710153419
        },
        {
            "q90%": -5649.034274458644,
            "3sigma": [
                -6538.760499610724,
                -5198.755112965232
            ],
            "q01%": -6387.276872332172,
            "1sigma": [
                -6133.966088056626,
                -5708.96339870674
            ],
            "5sigma": [
                -6855.114546681834,
                -4591.770035384166
            ],
            "q75%": -5776.628367641308,
            "q25%": -6067.740909692247,
            "median": -5926.62384447567,
            "sigma": 212.50134467494308,
            "q10%": -6187.351561819004,
            "2sigma": [
                -6318.145308806399,
                -5471.089661316104
            ],
            "q99%": -5380.181266191177
        },
        {
            "q90%": -1827.267086529249,
            "3sigma": [
                -2097.1751788431584,
                -1689.8085126185094
            ],
            "q01%": -2053.8985484753402,
            "1sigma": [
                -1976.3314919078841,
                -1846.2435670512648
            ],
            "5sigma": [
                -2198.618508166309,
                -1501.8141894016546
            ],
            "q75%": -1867.1871987327936,
            "q25%": -1956.4339121433668,
            "median": -1912.7371080102164,
            "sigma": 65.04396242830967,
            "q10%": -1992.0385159550676,
            "2sigma": [
                -2034.2388510101334,
                -1774.1878393460563
            ],
            "q99%": -1746.3450796384354
        },
        {
            "q90%": 163.64794274428974,
            "3sigma": [
                141.6672208914054,
                171.32881791598552
            ],
            "q01%": 145.36150696604133,
            "1sigma": [
                152.7808416219777,
                162.46836054160826
            ],
            "5sigma": [
                126.52142777925886,
                179.24637138835467
            ],
            "q75%": 160.94119830927573,
            "q25%": 154.30474272166308,
            "median": 157.69679883775183,
            "sigma": 4.843759459815288,
            "q10%": 151.39685788711452,
            "2sigma": [
                147.55213831054465,
                166.69610208577842
            ],
            "q99%": 168.17986213027248
        },
        {
            "q90%": 12788.986381570327,
            "3sigma": [
                10718.92540250968,
                13519.42862170497
            ],
            "q01%": 11104.1340643732,
            "1sigma": [
                11790.502385712794,
                12677.19028096578
            ],
            "5sigma": [
                9451.798892978351,
                14186.883716836204
            ],
            "q75%": 12539.594938409948,
            "q25%": 11931.619120595687,
            "median": 12245.898615482874,
            "sigma": 443.343947626493,
            "q10%": 11663.461858936573,
            "2sigma": [
                11292.978928019467,
                13069.35352181325
            ],
            "q99%": 13207.925132722292
        },
        {
            "q90%": 0.5961424439218019,
            "3sigma": [
                0.46529335158110835,
                0.6668536258613278
            ],
            "q01%": 0.48489615535993325,
            "1sigma": [
                0.5219557418339279,
                0.5862376275581196
            ],
            "5sigma": [
                0.409924939579689,
                0.7531478661917214
            ],
            "q75%": 0.5750098970670997,
            "q25%": 0.5312722284283021,
            "median": 0.553031878260727,
            "sigma": 0.032140942862095845,
            "q10%": 0.5132138041257106,
            "2sigma": [
                0.4937009134219886,
                0.6256817093796473
            ],
            "q99%": 0.6396254061681861
        },
        {
            "q90%": 78.34005823560885,
            "3sigma": [
                77.90347330485534,
                78.52945385714476
            ],
            "q01%": 77.97671730468387,
            "1sigma": [
                78.10955175484129,
                78.31048586991999
            ],
            "5sigma": [
                77.64035591611815,
                78.78113067645997
            ],
            "q75%": 78.27772156582553,
            "q25%": 78.14178307712842,
            "median": 78.20684054202965,
            "sigma": 0.10046705753934759,
            "q10%": 78.0803247208777,
            "2sigma": [
                78.01046551847415,
                78.40735024225748
            ],
            "q99%": 78.43930836137116
        },
        {
            "q90%": 19.03039764593322,
            "3sigma": [
                18.147971737977127,
                19.42653190497782
            ],
            "q01%": 18.27742271609545,