{
    "nested importance sampling global log-evidence": 205.59407911506398,
    "global evidence error": 0.010103748521140814,
    "modes": [
        {
            "local log-evidence": 205.59407911506398,
            "index": 0,
            "local log-evidence error": 0.010103748521140814,
            "mean": [
                -10634.732846646966,
                -5918.285820385621,
                -1910.3830988538018,
                157.54937994872276,
                12227.943523001954,
                0.5546229889098524,
                78.20852073731251,
                18.762729832515824,
                6.87236558959387,
                0.023275252655961087
            ],
            "sigma": [
                467.00142951703526,
                221.17618492052776,
                67.62105239268257,
                5.039454749480475,
                461.98388189637893,
                0.03363611701663537,
                0.1047593412955221,
                0.21104641093884563,
                0.9222737268952881,
                0.0015989947369970327
            ],
            "strictly local log-evidence": 205.59407911506398,
            "maximum a posterior": [
                -10550.815646292935,
                -5878.430315283549,
                -1898.3755487589697,
                156.69726864475524,
                12144.884700003618,
                0.5660960961133772,
                78.23828777181176,
                18.75940091130773,
                6.369227275201942,
                0.022312699757699943
            ],
            "strictly local log-evidence error": 0.010103748521140814,
            "maximum": [
                -10550.815646292935,
                -5878.430315283549,
                -1898.3755487589697,
                156.69726864475524,
                12144.884700003618,
                0.5660960961133772,
                78.23828777181176,
                18.75940091130773,
                6.369227275201942,
                0.022312699757699943
            ]
        }
    ],
    "nested sampling global log-evidence": 207.80044071031242,
    "marginals": [
        {
            "3sigma": [
                -11951.529599198817,
                -9096.045300136308
            ],
            "q01%": -11691.906217390127,
            "median": -10644.90494190444,
            "q99%": -9470.175808971248,
            "q90%": -10031.328497256365,
            "q25%": -10950.6654575031,
            "sigma": 459.0604228340271,
            "1sigma": [
                -11097.126296117829,
                -10179.005450449775
            ],
            "5sigma": [
                -12645.673584542132,
                -7896.618669968868
            ],
            "2sigma": [
                -11503.108375964148,
                -9655.506063423474
            ],
            "q75%": -10333.76379885673,
            "q10%": -11223.612769806557
        },
        {
            "3sigma": [
                -6540.0696170433985,
                -5187.591226226707
            ],
            "q01%": -6418.187584521589,
            "median": -5923.132860778572,
            "q99%": -5367.599458148944,
            "q90%": -5632.878052647526,
            "q25%": -6067.444309780263,
            "sigma": 217.6470914417264,
            "1sigma": [
                -6136.621701025775,
                -5701.327518142322
            ],
            "5sigma": [
                -6868.858571790095,
                -4618.538514998422
            ],
            "2sigma": [
                -6331.432680003977,
                -5456.353479013919
            ],
            "q75%": -5775.680638008468,
            "q10%": -6197.536947634082
        },
        {
            "3sigma": [
                -2102.4739745236775,
                -1689.5059408069264
            ],
            "q01%": -2064.475352043535,
            "median": -1911.7059798396708,
            "q99%": -1741.010386672163,
            "q90%": -1822.2346246701052,
            "q25%": -1956.1701073221861,
            "sigma": 66.57943245953754,
            "1sigma": [
                -1977.1273911480575,
                -1843.9685262289825
            ],
            "5sigma": [
                -2203.0674836437715,
                -1516.6458980313266
            ],
            "2sigma": [
                -2037.122733838335,
                -1769.4063913371797
            ],
            "q75%": -1867.668357381481,
            "q10%": -1995.5123817843155
        },
        {
            "3sigma": [
                141.1472870291889,
                172.28896764340905
            ],
            "q01%": 144.91351597330913,
            "median": 157.54422426936878,
            "q99%": 169.0604927939855,
            "q90%": 163.868963536084,
            "q25%": 154.2983936218026,
            "sigma": 5.029380285301841,
            "1sigma": [
                152.49890621134023,
                162.5576667819439
            ],
            "5sigma": [
                128.92050633300707,
                179.75582141945802
            ],
            "2sigma": [
                147.3892742423215,
                167.14160458768643
            ],
            "q75%": 161.01596137248663,
            "q10%": 151.02456333699652
        },
        {
            "3sigma": [
                10704.530966122586,
                13529.264684664695
            ],
            "q01%": 11075.683003156391,
            "median": 12237.593577417063,
            "q99%": 13272.538601285412,
            "q90%": 12809.861587274278,
            "q25%": 11929.918531166448,
            "sigma": 454.17519430919947,
            "1sigma": [
                11776.698122736065,
                12685.048511354464
            ],
            "5sigma": [
                9518.102591076457,
                14216.165979607129
            ],
            "2sigma": [
                11259.48054691841,
                13087.49968340347
            ],
            "q75%": 12539.6994775452,
            "q10%": 11630.243755876885
        },
        {
            "3sigma": [
                0.46740804523237806,
                0.6739046701193757
            ],
            "q01%": 0.4857058568011518,
            "median": 0.5529462966995051,
            "q99%": 0.6454459127105706,
            "q90%": 0.5982558055324398,
            "q25%": 0.5309779861278691,
            "sigma": 0.03341139152742406,
            "1sigma": [
                0.5210572408931852,
                0.5878800239480333
            ],
            "5sigma": [
                0.4330322638500705,
                0.7749970551799759
            ],
            "2sigma": [
                0.4938475367645821,
                0.6266656703578944
            ],
            "q75%": 0.5757090721646414,
            "q10%": 0.5133116625408027
        },
        {
            "3sigma": [
                77.89328282733274,
                78.51826343447725
            ],
            "q01%": 77.95620576460028,
            "median": 78.20814906588284,
            "q99%": 78.4529725488584,
            "q90%": 78.33940053041556,
            "q25%": 78.13889646391533,
            "sigma": 0.10448131698003493,
            "1sigma": [
                78.10371322855835,
                78.31267586251842
            ],
            "5sigma": [
                77.68996023351872,
                78.73396758184246
            ],
            "2sigma": [
                77.99858378197072,
                78.41162759575282
            ],
            "q75%": 78.28084846403232,
            "q10%": 78.07596786873935
        },
        {
            "3sigma": [
                18.125267590744123,
                19.456292779193674
            ],
            "q01%": 18.277619001601977,
            "median": 18.763994787019676,
            "q99%": 19.279325020532788,
            "q90%": 19.03365165094379,
            "q25%": 18.623651593131484,
            "sigma": 0.20757124540520877,