{
    "nested importance sampling global log-evidence error": 0.008760693247027551,
    "nested sampling global log-evidence": 206.91312350548003,
    "marginals": [
        {
            "q25%": -10956.15797295574,
            "5sigma": [
                -12832.229959845641,
                -7943.775013075621
            ],
            "1sigma": [
                -11095.0183794147,
                -10179.74582002851
            ],
            "3sigma": [
                -11943.559681708466,
                -9158.366427864525
            ],
            "q90%": -10041.09790202246,
            "q75%": -10329.730141830347,
            "q10%": -11212.71096682561,
            "median": -10641.95432544978,
            "q99%": -9475.645912460499,
            "q01%": -11689.997339165697,
            "2sigma": [
                -11497.774033583055,
                -9709.271999766923
            ],
            "sigma": 457.6362796930953
        },
        {
            "q25%": -6069.973089768595,
            "5sigma": [
                -6955.841039873154,
                -4642.767380047955
            ],
            "1sigma": [
                -6137.139614666629,
                -5702.483240960517
            ],
            "3sigma": [
                -6536.318777813476,
                -5218.127659436976
            ],
            "q90%": -5637.398087431602,
            "q75%": -5774.165709038773,
            "q10%": -6191.797248156898,
            "median": -5921.891167207813,
            "q99%": -5367.134673796035,
            "q01%": -6418.856831995804,
            "2sigma": [
                -6326.184468234746,
                -5481.316748507266
            ],
            "sigma": 217.3281868530562
        },
        {
            "q25%": -1957.174962829001,
            "5sigma": [
                -2231.3340212905878,
                -1521.8757501257742
            ],
            "1sigma": [
                -1977.1233403885121,
                -1844.3857725893693
            ],
            "3sigma": [
                -2101.474658698182,
                -1697.4928192315722
            ],
            "q90%": -1825.3771168561123,
            "q75%": -1866.1167575697727,
            "q10%": -1994.242194758901,
            "median": -1911.5802905711262,
            "q99%": -1743.2298566700583,
            "q01%": -2063.3982557925733,
            "2sigma": [
                -2036.216223849,
                -1776.9741780179545
            ],
            "sigma": 66.36878389957144
        },
        {
            "q25%": 154.24946473570014,
            "5sigma": [
                129.1783790153018,
                182.2256528225983
            ],
            "1sigma": [
                152.6572602910625,
                162.49354055760153
            ],
            "3sigma": [
                141.5436750502207,
                172.24295061822554
            ],
            "q90%": 163.752912372404,
            "q75%": 160.96458400011403,
            "q10%": 151.23513192392537,
            "median": 157.57737296996774,
            "q99%": 168.88301184387586,
            "q01%": 145.31199873974887,
            "2sigma": [
                147.5251762517676,
                166.84866009397078
            ],
            "sigma": 4.918140133269517
        },
        {
            "q25%": 11926.082532852783,
            "5sigma": [
                9563.086984124,
                14399.745227110508
            ],
            "1sigma": [
                11777.719437113858,
                12683.107822047612
            ],
            "3sigma": [
                10764.318511203423,
                13521.825515996834
            ],
            "q90%": 12799.993458386512,
            "q75%": 12545.971091635309,
            "q10%": 11640.505915736574,
            "median": 12233.913532686494,
            "q99%": 13271.878126479642,
            "q01%": 11080.58884255475,
            "2sigma": [
                11311.511416244695,
                13080.863151049738
            ],
            "sigma": 452.6941924668772
        },
        {
            "q25%": 0.5311520094426543,
            "5sigma": [
                0.4126827844789561,
                0.7475570754155774
            ],
            "1sigma": [
                0.520508084595509,
                0.5872810630055039
            ],
            "3sigma": [
                0.4611651649169239,
                0.670310054736652
            ],
            "q90%": 0.5979043539163633,
            "q75%": 0.576625176529691,
            "q10%": 0.5117921454542488,
            "median": 0.553274842340597,
            "q99%": 0.6400104889131704,
            "q01%": 0.48015625428098413,
            "2sigma": [
                0.4926717502857972,
                0.6243606327002809
            ],
            "sigma": 0.03338648920499743
        },
        {
            "q25%": 78.13986370635743,
            "5sigma": [
                77.69346143094764,
                78.72081221334287
            ],
            "1sigma": [
                78.10335221491358,
                78.31207246019908
            ],
            "3sigma": [
                77.88814991298553,
                78.53153087355803
            ],
            "q90%": 78.3422686824566,
            "q75%": 78.27789389894696,
            "q10%": 78.07266640177859,
            "median": 78.20678571689908,
            "q99%": 78.44962807267734,
            "q01%": 77.96912785808811,
            "2sigma": [
                78.00101835906517,
                78.41526416372797
            ],
            "sigma": 0.10436012264274552
        },
        {
            "q25%": 18.619647106165004,
            "5sigma": [
                17.586815079479784,
                19.768123438138552
            ],
            "1sigma": [
                18.547674323600276,
                18.97448323089517
            ],
            "3sigma": [
                18.13436908243,
                19.388621289565652
            ],
            "q90%": 19.03400676265644,
            "q75%": 18.905409639357124,
            "q10%": 18.48981475165116,
            "median": 18.768862627400356,
            "q99%": 19.252677681249413,
            "q01%": 18.28492324143161,
            "2sigma": [
                18.351115044591936,
                19.18069600942862
            ],
            "sigma": 0.2134044536474473
        },
        {
            "q25%": 6.166657362090226,
            "5sigma": [
                3.889321567173312,
                14.473569799793754
            ],
            "1sigma": [
                5.931977317295396,
                7.795843631419028
            ],
            "3sigma": [
                4.745868176511546,
                10.914995582157033
            ],
            "q90%": 8.125300566586207,
            "q75%": 7.418754004399287,
            "q10%": 5.742264599584112,
            "median": 6.749984024495513,
            "q99%": 9.680290835058459,
            "q01%": 5.10275860459899,
            "2sigma": [
                5.3108612095962355,
                9.12871144899341
            ],
            "sigma": 0.9319331570618159
        },
        {
            "q25%": 0.02209745891795382,
            "5sigma": [
                0.017721083014810818,
                0.03376568014923746
            ],
            "1sigma": [
                0.021613276469712322,
                0.024874631816030706
            ],
            "3sigma": [
                0.019106044002105835,
                0.028809988506173372
            ],
            "q90%": 0.025412363776505464,
            "q75%": 0.02430431671280478,
            "q10%": 0.021224091995398757,
            "median": 0.023150609704674946,
            "q99%": 0.02740015306690685,
            "q01%": 0.019903077717075418,
            "2sigma": [
                0.020296417047997232,
                0.026581414025850496
            ],
            "sigma": 0.001630677673159192
        }
    ],