{
    "global evidence error": 0.009303673766757862,
    "modes": [
        {
            "maximum": [
                -10502.629507260317,
                -5856.163817982442,
                -1890.78948137722,
                155.9622988354222,
                12097.42628372031,
                0.5554065514785325,
                78.21068787909604,
                18.679985678485934,
                6.6071430367450805,
                0.023147232466844955
            ],
            "maximum a posterior": [
                -10502.629507260317,
                -5856.163817982442,
                -1890.78948137722,
                155.9622988354222,
                12097.42628372031,
                0.5554065514785325,
                78.21068787909604,
                18.679985678485934,
                6.6071430367450805,
                0.023147232466844955
            ],
            "local log-evidence error": 0.009303673766757862,
            "index": 0,
            "sigma": [
                463.153983422184,
                219.44024263157954,
                66.98330937910401,
                4.964116397092474,
                458.21029273782233,
                0.033981537663642106,
                0.10238842396028125,
                0.21407505187717807,
                0.9764155683897032,
                0.001597156603948756
            ],
            "local log-evidence": 204.680608452182,
            "mean": [
                -10633.246430224657,
                -5917.609130285109,
                -1910.1379553765669,
                157.52260833264063,
                12226.483593111845,
                0.5546098347035612,
                78.20843429132097,
                18.762447871087154,
                6.886059182166677,
                0.023224271903392858
            ],
            "strictly local log-evidence": 204.680608452182,
            "strictly local log-evidence error": 0.009303673766757862
        }
    ],
    "nested importance sampling global log-evidence error": 0.009303673766757862,
    "marginals": [
        {
            "median": -10642.089096518179,
            "q75%": -10327.460826595869,
            "1sigma": [
                -11091.567947955276,
                -10183.030696731106
            ],
            "q99%": -9476.682894857126,
            "q90%": -10047.590333087051,
            "sigma": 454.2686256120851,
            "2sigma": [
                -11497.63658930083,
                -9684.399992160732
            ],
            "3sigma": [
                -11895.256294352772,
                -8988.735972156655
            ],
            "q25%": -10949.938906943318,
            "5sigma": [
                -12873.715071100447,
                -8106.085943429606
            ],
            "q10%": -11216.961503561652,
            "q01%": -11643.718425238894
        },
        {
            "median": -5921.481044539121,
            "q75%": -5773.599178851368,
            "1sigma": [
                -6135.116754492921,
                -5704.13624689614
            ],
            "q99%": -5368.631524462257,
            "q90%": -5639.875693382814,
            "sigma": 215.49025379839077,
            "2sigma": [
                -6328.254099789356,
                -5469.7404787689175
            ],
            "3sigma": [
                -6515.041575676661,
                -5137.972809136639
            ],
            "q25%": -6067.916233243918,
            "5sigma": [
                -6978.640769947823,
                -4721.042382757996
            ],
            "q10%": -6194.851195427981,
            "q01%": -6394.795243196056
        },
        {
            "median": -1911.1958739616043,
            "q75%": -1866.239612198057,
            "1sigma": [
                -1976.5214129736612,
                -1845.3884502616215
            ],
            "q99%": -1743.5821951596122,
            "q90%": -1826.11778069331,
            "sigma": 65.56648135601984,
            "2sigma": [
                -2035.088374770917,
                -1773.7766686328525
            ],
            "3sigma": [
                -2093.024224174265,
                -1673.1925224063436
            ],
            "q25%": -1955.9630080235586,
            "5sigma": [
                -2234.2742184370136,
                -1544.0161459636288
            ],
            "q10%": -1995.0137367760972,
            "q01%": -2056.399305838171
        },
        {
            "median": 157.5449430097056,
            "q75%": 160.97049914677385,
            "1sigma": [
                152.60762389000595,
                162.50527673097034
            ],
            "q99%": 168.59245054386645,
            "q90%": 163.7503954569568,
            "sigma": 4.948826420482192,
            "2sigma": [
                147.47581521415455,
                166.85025503631516
            ],
            "3sigma": [
                140.3060734577031,
                171.1273577387067
            ],
            "q25%": 154.25773796943488,
            "5sigma": [
                130.10386688416443,
                181.48659701697204
            ],
            "q10%": 151.24447687197912,
            "q01%": 145.28106397798618
        },
        {
            "median": 12234.52935476747,
            "q75%": 12539.952040911294,
            "1sigma": [
                11780.473899562081,
                12679.684504362283
            ],
            "q99%": 13223.416823042076,
            "q90%": 12804.515338209392,
            "sigma": 449.6053024001012,
            "2sigma": [
                11287.88833576616,
                13082.082601695021
            ],
            "3sigma": [
                10598.996571899022,
                13474.46477392789
            ],
            "q25%": 11923.968658114627,
            "5sigma": [
                9724.964239864636,
                14442.446714601041
            ],
            "q10%": 11645.99421499339,
            "q01%": 11081.10238438253
        },
        {
            "median": 0.5528109033104089,
            "q75%": 0.5759576228095009,
            "1sigma": [
                0.5211733786872108,
                0.5880880755977158
            ],
            "q99%": 0.6396206998398218,
            "q90%": 0.5994070031657189,
            "sigma": 0.0334573484552525,
            "2sigma": [
                0.4919463649627591,
                0.6245346004636233
            ],
            "3sigma": [
                0.46321077110880515,
                0.6712639639641156
            ],
            "q25%": 0.5311178837235028,
            "5sigma": [
                0.4115922252686163,
                0.769048508945429
            ],
            "q10%": 0.5131134914538623,
            "q01%": 0.4795045405661068
        },
        {
            "median": 78.20721591801953,
            "q75%": 78.28025438637188,
            "1sigma": [
                78.10611373487035,
                78.31238423272582
            ],
            "q99%": 78.449995525823,
            "q90%": 78.33928940872059,
            "sigma": 0.10313524892773529,
            "2sigma": [
                78.00634343908898,
                78.40392962340988
            ],
            "3sigma": [
                77.90067318005052,
                78.52482056212475
            ],
            "q25%": 78.14087858336184,
            "5sigma": [
                77.67423601666417,
                78.75817203864716
            ],
            "q10%": 78.07753795112718,
            "q01%": 77.96747473863856
        },
        {
            "median": 18.75674381387136,
            "q75%": 18.90765532253189,
            "1sigma": [
                18.548497450030446,
                18.9815769692177
            ],
            "q99%": 19.259399877342563,
            "q90%": 19.044030908166594,
            "sigma": 0.21653975959362626,
            "2sigma": [
                18.35804156247276,
                19.18225546205452
            ],