{
    "nested sampling global log-evidence error": 0.4023016148848065,
    "nested importance sampling global log-evidence": 122.1043665596451,
    "nested sampling global log-evidence": 126.87645461269261,
    "global evidence error": 0.07262818790429182,
    "global evidence": 122.1043665596451,
    "modes": [
        {
            "sigma": [
                19.302189205476957,
                81.70276258052513,
                127.48617094622435,
                87.13179660375954,
                22.11267130394088,
                0.009045351688882791,
                0.009001676082577901,
                3.723694631100213,
                6.556860092092277,
                0.1870258300061233,
                0.3398723066882998,
                0.6948599271459738,
                0.8524746037472823
            ],
            "maximum": [
                1992.128989859696,
                -674.3289146035295,
                908.0054143403195,
                -639.4513218878146,
                164.91833864456203,
                -0.006594721397449987,
                0.0030827561148925042,
                6.795488314067331,
                9.747456571613611,
                1.0771851922677138,
                78.040174159815,
                19.58479772182014,
                3.5341187233477918
            ],
            "mean": [
                1993.2035341829796,
                -680.5466491980014,
                920.6941353881216,
                -650.3797653656877,
                168.29365125590752,
                -2.7186240565372442e-05,
                0.0005301119953648617,
                0.5862049511884755,
                0.1061133472853586,
                1.0723443161658421,
                77.99040588417796,
                19.39831811121591,
                3.4545872594997493
            ],
            "local log-evidence": 122.1043665596451,
            "index": 0,
            "strictly local log-evidence error": 0.07262818790429182,
            "local log-evidence error": 0.07262818790429182,
            "maximum a posterior": [
                1992.128989859696,
                -674.3289146035295,
                908.0054143403195,
                -639.4513218878146,
                164.91833864456203,
                -0.006594721397449987,
                0.0030827561148925042,
                6.795488314067331,
                9.747456571613611,
                1.0771851922677138,
                78.040174159815,
                19.58479772182014,
                3.5341187233477918
            ],
            "strictly local log-evidence": 122.1043665596451
        }
    ],
    "nested importance sampling global log-evidence error": 0.07262818790429182,
    "marginals": [
        {
            "2sigma": [
                1957.8021749072686,
                2035.6067031784094
            ],
            "median": 1992.1675220659351,
            "q90%": 2018.6301928582984,
            "q10%": 1969.1631468636083,
            "q01%": 1952.7464696572558,
            "3sigma": [
                1942.5718258653287,
                2056.4459451929174
            ],
            "sigma": 18.992475631546654,
            "q25%": 1979.8021941696784,
            "5sigma": [
                1919.2638883267493,
                2145.448973102156
            ],
            "1sigma": [
                1974.2034500923137,
                2012.188401355407
            ],
            "q75%": 2005.3736403097018,
            "q99%": 2042.745590010491
        },
        {
            "2sigma": [
                -861.354413474028,
                -531.2671424737819
            ],
            "median": -676.7648752963966,
            "q90%": -579.5904728177808,
            "q10%": -788.2832236746546,
            "q01%": -892.0101735925705,
            "3sigma": [
                -948.617359733049,
                -467.4912767033851
            ],
            "sigma": 78.89903154792586,
            "q25%": -731.5538192655297,
            "5sigma": [
                -1332.2447687005522,
                -345.1325315443867
            ],
            "1sigma": [
                -758.7428959376206,
                -600.9448328417689
            ],
            "q75%": -623.2443489439703,
            "q99%": -508.48396441400035
        },
        {
            "2sigma": [
                682.5964458662904,
                1199.7876168995745
            ],
            "median": 914.5538387260108,
            "q90%": 1089.8267318954736,
            "q10%": 763.0349854694966,
            "q01%": 650.649471890266,
            "3sigma": [
                592.1766463104402,
                1340.0670226118639
            ],
            "sigma": 124.47765736735369,
            "q25%": 833.7257159779524,
            "5sigma": [
                327.83252208451347,
                1940.1707094038363
            ],
            "1sigma": [
                794.5321214897799,
                1043.4874362244873
            ],
            "q75%": 1001.6190986139624,
            "q99%": 1244.1857323334568
        },
        {
            "2sigma": [
                -835.8933642491078,
                -484.9166265310969
            ],
            "median": -647.8435301349881,
            "q90%": -542.2733169204063,
            "q10%": -765.7005786945961,
            "q01%": -868.5449116402127,
            "3sigma": [
                -936.0042105064584,
                -423.1831165301342
            ],
            "sigma": 86.11965843965078,
            "q25%": -704.1601915523344,
            "5sigma": [
                -1343.525403094847,
                -194.16244230015886
            ],
            "1sigma": [
                -735.7572369572215,
                -563.5179200779199
            ],
            "q75%": -590.963310102016,
            "q99%": -463.13326725520386
        },
        {
            "2sigma": [
                125.5057111751945,
                213.952176395793
            ],
            "median": 167.75183576893815,
            "q90%": 197.23649567541375,
            "q10%": 140.6051862089761,
            "q01%": 118.37034966108187,
            "3sigma": [
                106.06172684396286,
                239.47347365709072
            ],
            "sigma": 22.046446219349946,
            "q25%": 153.6499387739863,
            "5sigma": [
                39.64594553427114,
                338.7704504791399
            ],
            "1sigma": [
                146.0879512376048,
                190.1808436763047
            ],
            "q75%": 182.18130117285264,
            "q99%": 222.53986736248388
        },
        {
            "2sigma": [
                -0.01829347321608354,
                0.018854384787654572
            ],
            "median": -0.00012053066754972361,
            "q90%": 0.011465847331600276,
            "q10%": -0.011111894261516377,
            "q01%": -0.022393229929328164,
            "3sigma": [
                -0.02930474121928686,
                0.028263056706103785
            ],
            "sigma": 0.008696677928312914,
            "q25%": -0.005877216785867112,
            "5sigma": [
                -0.04871493868268593,
                0.04553842436657004
            ],
            "1sigma": [
                -0.008623500258225471,
                0.008769855598400357
            ],
            "q75%": 0.005510651144593862,
            "q99%": 0.022251856934921016
        },
        {
            "2sigma": [
                -0.016970340677001674,
                0.019898754766941026
            ],
            "median": 0.00025301200303708376,
            "q90%": 0.012133291321573274,
            "q10%": -0.010601782052079366,
            "q01%": -0.02066277140366915,
            "3sigma": [
                -0.027951033962598414,
                0.02911163442937191
            ],
            "sigma": 0.008617043962526962,
            "q25%": -0.005368127492510423,