{
    "modes": [
        {
            "maximum a posterior": [
                2002.764051094614,
                -725.5125195509572,
                1000.0974004683912,
                -712.29222732582,
                186.0801231955902,
                -0.017146376823005127,
                -0.009503037711301232,
                -2.7907913648292593,
                0.193197807026122,
                0.9187271160853194,
                77.78760876480621,
                18.869472995613418,
                4.417704133470224
            ],
            "mean": [
                1993.4870530696135,
                -682.0779134614601,
                923.719378087421,
                -652.9565381630231,
                169.0850342518553,
                0.00017771346644137229,
                0.00035418146614590976,
                0.026772361207705257,
                -0.12866976197076962,
                1.0630626093714677,
                77.98058681325648,
                19.360748985336595,
                3.4848729780197676
            ],
            "sigma": [
                18.949423070168077,
                80.14867981713888,
                124.95784256664417,
                85.32888583963297,
                21.63561331158392,
                0.010095633410178644,
                0.009983821329232955,
                2.11723247993199,
                6.349630546032023,
                0.18579340027087768,
                0.3286888358157552,
                0.6888122281438731,
                0.8929852400498814
            ],
            "strictly local log-evidence": 123.40626088497763,
            "local log-evidence error": 0.013290097428808918,
            "index": 0,
            "strictly local log-evidence error": 0.013290097428808918,
            "maximum": [
                2002.764051094614,
                -725.5125195509572,
                1000.0974004683912,
                -712.29222732582,
                186.0801231955902,
                -0.017146376823005127,
                -0.009503037711301232,
                -2.7907913648292593,
                0.193197807026122,
                0.9187271160853194,
                77.78760876480621,
                18.869472995613418,
                4.417704133470224
            ],
            "local log-evidence": 123.40626088497763
        }
    ],
    "nested importance sampling global log-evidence": 123.40626088497763,
    "nested sampling global log-evidence": 128.71721397490367,
    "marginals": [
        {
            "3sigma": [
                1940.2277063920496,
                2058.009580746051
            ],
            "q10%": 1970.0541861345996,
            "median": 1992.5151859352015,
            "q25%": 1980.3801777737729,
            "q99%": 2040.7895128749467,
            "sigma": 18.95653866151008,
            "q01%": 1953.0362777392802,
            "1sigma": [
                1974.7614308462641,
                2012.6745081692843
            ],
            "2sigma": [
                1960.002130170163,
                2032.8395175175883
            ],
            "q75%": 2005.538073636213,
            "q90%": 2018.5403942171038,
            "5sigma": [
                1906.3983816227571,
                2100.357533799236
            ]
        },
        {
            "3sigma": [
                -955.2880215928665,
                -449.6265261874858
            ],
            "q10%": -787.7425272240802,
            "median": -677.7748456615203,
            "q25%": -733.4189178378132,
            "q99%": -508.8028091473359,
            "sigma": 80.32936749243913,
            "q01%": -882.2079969938317,
            "1sigma": [
                -763.0049029060976,
                -602.3461679212194
            ],
            "2sigma": [
                -847.2321087367133,
                -536.3489088874792
            ],
            "q75%": -625.8899199969322,
            "q90%": -583.6473047953205,
            "5sigma": [
                -1136.9441851348818,
                -281.55293700256556
            ]
        },
        {
            "3sigma": [
                549.9484006514405,
                1346.74596704467
            ],
            "q10%": 770.498932168807,
            "median": 918.152814958564,
            "q25%": 837.287475196078,
            "q99%": 1234.6158176001252,
            "sigma": 123.93771952803854,
            "q01%": 648.9684311902638,
            "1sigma": [
                800.7150117525443,
                1048.5904508086214
            ],
            "2sigma": [
                693.7673960795076,
                1177.7357938327139
            ],
            "q75%": 1003.8230454227387,
            "q90%": 1087.5507571570615,
            "5sigma": [
                242.6991026765537,
                1622.911023392782
            ]
        },
        {
            "3sigma": [
                -936.9536442720936,
                -392.5926630114964
            ],
            "q10%": -765.4494323802974,
            "median": -649.7612889901421,
            "q25%": -708.0861185558424,
            "q99%": -459.0154714533407,
            "sigma": 84.33712340933386,
            "q01%": -862.7034299054667,
            "1sigma": [
                -738.5891112699408,
                -569.914864451273
            ],
            "2sigma": [
                -825.7204053849254,
                -491.08911321675606
            ],
            "q75%": -594.5083652972987,
            "q90%": -548.0946369537942,
            "5sigma": [
                -1119.9667877155719,
                -147.69978786366013
            ]
        },
        {
            "3sigma": [
                102.80981301043387,
                240.93395507326693
            ],
            "q10%": 142.24779677715682,
            "median": 168.38127373835212,
            "q25%": 154.38517636004846,
            "q99%": 221.20145312271364,
            "sigma": 21.08868890176899,
            "q01%": 118.57840763752175,
            "1sigma": [
                148.25746673332387,
                190.43484453686185
            ],
            "2sigma": [
                128.363316583157,
                212.2258274109941
            ],
            "q75%": 182.82147090545996,
            "q90%": 197.3571463728852,
            "5sigma": [
                31.461315043084692,
                282.86967142640265
            ]
        },
        {
            "3sigma": [
                -0.030371079762004573,
                0.03169701976665238
            ],
            "q10%": -0.013085800011391618,
            "median": 0.000266583682465172,
            "q25%": -0.006346293534397849,
            "q99%": 0.02371582953399507,
            "sigma": 0.009852460421966584,
            "q01%": -0.023810986785153084,
            "1sigma": [
                -0.009647263953086516,
                0.010057656890846653
            ],
            "2sigma": [
                -0.020223371234653377,
                0.019723333174769576
            ],
            "q75%": 0.006833694234472873,
            "q90%": 0.012898783232147763,
            "5sigma": [
                -0.04401639578265938,
                0.0502361188144908
            ]
        },
        {
            "3sigma": [
                -0.03189488543885124,
                0.03381365527047797
            ],
            "q10%": -0.012223631316467826,
            "median": 0.00035305364619350304,
            "q25%": -0.006180317788889502,
            "q99%": 0.025313914405283994,
            "sigma": 0.009663072610915879,
            "q01%": -0.022601463172972763,
            "1sigma": [
                -0.00933427360380749,
                0.009991871618024265
            ],
            "2sigma": [
                -0.018935229081885212,
                0.020690550567778854
            ],
            "q75%": 0.006742537330360175,
            "q90%": 0.01308978877047536,