{
    "global evidence error": 0.0891991384858924,
    "nested importance sampling global log-evidence": -5555.725554148091,
    "global evidence": -5555.725554148091,
    "modes": [
        {
            "local log-evidence error": 0.0891991384858924,
            "maximum": [
                1177.1853147636316,
                -4.080335248500122,
                1.1819638673872763,
                1.0690844394812942,
                1336.0884514724294,
                0.7052077595843069,
                81.48546688701676,
                1.0201628894620454,
                5.338485818893012,
                0.9964872332072412
            ],
            "mean": [
                1176.6516222592084,
                -4.084733815614386,
                1.177112756700865,
                1.0697663692568247,
                1336.464362026747,
                0.696427403245652,
                81.43434968324914,
                1.899052697993491,
                5.31356889513813,
                0.996319687199534
            ],
            "strictly local log-evidence": -5555.725554148091,
            "local log-evidence": -5555.725554148091,
            "strictly local log-evidence error": 0.0891991384858924,
            "index": 0,
            "maximum a posterior": [
                1177.1853147636316,
                -4.080335248500122,
                1.1819638673872763,
                1.0690844394812942,
                1336.0884514724294,
                0.7052077595843069,
                81.48546688701676,
                1.0201628894620454,
                5.338485818893012,
                0.9964872332072412
            ],
            "sigma": [
                0.7568005150534862,
                0.0063016607676092545,
                0.004864776251311429,
                0.0013291771590320794,
                0.36397942017940804,
                0.01275243362085793,
                0.20496717350769203,
                0.5734410999900693,
                0.0620551871805041,
                0.0008716045632219445
            ]
        }
    ],
    "nested importance sampling global log-evidence error": 0.0891991384858924,
    "marginals": [
        {
            "q25%": 1176.0455909001337,
            "q99%": 1178.422656624521,
            "5sigma": [
                1170.0948433726896,
                1179.5986223284158
            ],
            "3sigma": [
                1174.573128098913,
                1178.7886863358815
            ],
            "q75%": 1177.123776227315,
            "sigma": 0.7678786739010093,
            "1sigma": [
                1175.8202337884854,
                1177.3559911362875
            ],
            "q90%": 1177.6235054161687,
            "q01%": 1175.0406117535479,
            "q10%": 1175.6317606399555,
            "2sigma": [
                1175.2423737414435,
                1178.1535007891287
            ],
            "median": 1176.733539537733
        },
        {
            "q25%": -4.083135420008163,
            "q99%": -4.079579742854251,
            "5sigma": [
                -4.101220034117201,
                -4.078883455874876
            ],
            "3sigma": [
                -4.0999642384963595,
                -4.079141178937921
            ],
            "q75%": -4.081010239201565,
            "sigma": 0.0076694287854075505,
            "1sigma": [
                -4.095976401157155,
                -4.08063754358634
            ],
            "q90%": -4.080371675292817,
            "q01%": -4.099080324056323,
            "q10%": -4.09713968036826,
            "2sigma": [
                -4.098517098866488,
                -4.079852573196829
            ],
            "median": -4.081900218983521
        },
        {
            "q25%": 1.17645382981173,
            "q99%": 1.18406424970092,
            "5sigma": [
                1.1588601560555356,
                1.1857356154585998
            ],
            "3sigma": [
                1.1635085180223168,
                1.1849942546262608
            ],
            "q75%": 1.1801124425829361,
            "sigma": 0.005941472461361674,
            "1sigma": [
                1.169204160336318,
                1.1810871052590413
            ],
            "q90%": 1.1818848809638087,
            "q01%": 1.165667527196437,
            "q10%": 1.168256427772161,
            "2sigma": [
                1.1667637620186766,
                1.183467920016037
            ],
            "median": 1.1786291511072207
        },
        {
            "q25%": 1.0688947687921888,
            "q99%": 1.0728251895925847,
            "5sigma": [
                1.068174366473773,
                1.073350964822427
            ],
            "3sigma": [
                1.0682594202628675,
                1.07312037128861
            ],
            "q75%": 1.0696752138834593,
            "sigma": 0.0016465568389942842,
            "1sigma": [
                1.068770061520502,
                1.0720631751984906
            ],
            "q90%": 1.0722838216013546,
            "q01%": 1.0683961638308075,
            "q10%": 1.0686807369105777,
            "2sigma": [
                1.0685055673270858,
                1.072671502168895
            ],
            "median": 1.0692342058041309
        },
        {
            "q25%": 1336.2462391119186,
            "q99%": 1337.3139856269843,
            "5sigma": [
                1335.6142863166879,
                1338.1244518271944
            ],
            "3sigma": [
                1335.7120265642307,
                1337.3987164032071
            ],
            "q75%": 1336.5098086191497,
            "sigma": 0.4297684479668078,
            "1sigma": [
                1336.1960344730235,
                1337.055571368957
            ],
            "q90%": 1337.1457386472646,
            "q01%": 1335.8953902792,
            "q10%": 1336.1475602364394,
            "2sigma": [
                1335.9889088114533,
                1337.2539272423594
            ],
            "median": 1336.3385149467952
        },
        {
            "q25%": 0.6862035735988025,
            "q99%": 0.7247491027432285,
            "5sigma": [
                0.6756577952941719,
                0.7410506922024114
            ],
            "3sigma": [
                0.6766471323097296,
                0.7330630501566957
            ],
            "q75%": 0.7081975900934214,
            "sigma": 0.01428608633571421,
            "1sigma": [
                0.6833354950755391,
                0.7119076677469676
            ],
            "q90%": 0.7142860043294411,
            "q01%": 0.6786757694736484,
            "q10%": 0.6822162943695854,
            "2sigma": [
                0.6797391329307608,
                0.7211746907498532
            ],
            "median": 0.6913379442007984
        },
        {
            "q25%": 81.27502125530783,
            "q99%": 81.88737320548762,
            "5sigma": [
                80.95136194885086,
                82.02816020061886
            ],
            "3sigma": [
                81.1657107421078,
                81.97133747968446
            ],
            "q75%": 81.59670579106492,
            "sigma": 0.22874130029752848,
            "1sigma": [
                81.25687822767763,
                81.71436082827269
            ],
            "q90%": 81.77243418577838,
            "q01%": 81.18606605664466,
            "q10%": 81.24243016561134,
            "2sigma": [
                81.20620457790677,
                81.8507251433554
            ],
            "median": 81.32705099866564
        },
        {
            "q25%": 1.2745749739572156,
            "q99%": 2.646902944944591,
            "5sigma": [
                0.22106035293326667,
                2.7836077544336466
            ],
            "3sigma": [
                0.8541178520216627,
                2.702409789396575
            ],
            "q75%": 2.3962064003895103,