{
    "nested sampling global log-evidence": -4785.626073378646,
    "nested sampling global log-evidence error": 0.48956704916829197,
    "nested importance sampling global log-evidence": -4784.886400124086,
    "marginals": [
        {
            "1sigma": [
                1347.4033841073465,
                1347.7190028693594
            ],
            "sigma": 0.1578093810064729,
            "q01%": 1346.851940398723,
            "q99%": 1348.8839402211338,
            "median": 1347.5614828911444,
            "q90%": 1347.9415647286555,
            "3sigma": [
                1345.9823292237302,
                1350.4110411510824
            ],
            "q75%": 1347.6459020255347,
            "q25%": 1347.4648039923397,
            "q10%": 1347.343712472728,
            "2sigma": [
                1347.158096424376,
                1348.6346290481658
            ],
            "5sigma": [
                1345.6158628340422,
                1364.9577901471243
            ]
        },
        {
            "1sigma": [
                -4.127806758900338,
                -4.12697562137305
            ],
            "sigma": 0.0004155687636440142,
            "q01%": -4.129187692188813,
            "q99%": -4.126102970302149,
            "median": -4.12736903661953,
            "q90%": -4.126879030787468,
            "3sigma": [
                -4.133936469685132,
                -4.125771498976792
            ],
            "q75%": -4.127080237024404,
            "q25%": -4.127719107891138,
            "q10%": -4.127881613154087,
            "2sigma": [
                -4.128498624300866,
                -4.126252996680815
            ],
            "5sigma": [
                -4.156510454177616,
                -4.125455914666605
            ]
        },
        {
            "1sigma": [
                1.443040309064402,
                1.4470345324323524
            ],
            "sigma": 0.0019971116839752057,
            "q01%": 1.441674009954141,
            "q99%": 1.4492557414964642,
            "median": 1.4444823068277401,
            "q90%": 1.447384628401433,
            "3sigma": [
                1.4410976083486007,
                1.4504228144013853
            ],
            "q75%": 1.446590898922373,
            "q25%": 1.4433357272660068,
            "q10%": 1.4427778195359138,
            "2sigma": [
                1.4420561732241155,
                1.448408285319748
            ],
            "5sigma": [
                1.4389139735814627,
                1.4664205356716458
            ]
        },
        {
            "1sigma": [
                1.1480919217826968,
                1.1482209843511642
            ],
            "sigma": 6.453128423367094e-05,
            "q01%": 1.1478770243694594,
            "q99%": 1.1489760106608229,
            "median": 1.148153388981871,
            "q90%": 1.1483311762794517,
            "3sigma": [
                1.1474552608490165,
                1.151011763010272
            ],
            "q75%": 1.1481912056806498,
            "q25%": 1.148115117628675,
            "q10%": 1.1480690579417197,
            "2sigma": [
                1.1480005891033565,
                1.1487710575218504
            ],
            "5sigma": [
                1.1473061654496548,
                1.1597427337033444
            ]
        },
        {
            "1sigma": [
                1313.6793957387192,
                1313.750482335694
            ],
            "sigma": 0.0355432984873687,
            "q01%": 1313.6471812006607,
            "q99%": 1313.889907271997,
            "median": 1313.712433752252,
            "q90%": 1313.763102678426,
            "3sigma": [
                1313.611496234168,
                1314.366231623951
            ],
            "q75%": 1313.7374151032081,
            "q25%": 1313.688304084966,
            "q10%": 1313.6712434834662,
            "2sigma": [
                1313.654312315903,
                1313.8246262254063
            ],
            "5sigma": [
                1313.0606685904968,
                1314.6220058269957
            ]
        },
        {
            "1sigma": [
                2.899117214783725,
                2.920733463564165
            ],
            "sigma": 0.010808124390220053,
            "q01%": 2.877005669127628,
            "q99%": 2.9283386149335073,
            "median": 2.912063693218595,
            "q90%": 2.9220995334948356,
            "3sigma": [
                2.8510091212352515,
                2.936547020887694
            ],
            "q75%": 2.9191525044722106,
            "q25%": 2.9024572937781175,
            "q10%": 2.8968366245275403,
            "2sigma": [
                2.8890209065056216,
                2.925583185009544
            ],
            "5sigma": [
                2.826333846660316,
                2.999780604994846
            ]
        },
        {
            "1sigma": [
                89.67175150006211,
                89.71624063513475
            ],
            "sigma": 0.022244567536318982,
            "q01%": 89.62484906706815,
            "q99%": 89.7269593987305,
            "median": 89.6944395825087,
            "q90%": 89.71826816255034,
            "3sigma": [
                89.54049306168537,
                89.72950488405144
            ],
            "q75%": 89.71301896086996,
            "q25%": 89.6782715346467,
            "q10%": 89.6665073246028,
            "2sigma": [
                89.64951982596224,
                89.7242473803132
            ],
            "5sigma": [
                89.47321733287988,
                89.87159671602859
            ]
        },
        {
            "1sigma": [
                17.39427881310947,
                17.46701337363928
            ],
            "sigma": 0.03636728026490488,
            "q01%": 17.29405509435661,
            "q99%": 17.509726548996735,
            "median": 17.44057561334511,
            "q90%": 17.47398305881939,
            "3sigma": [
                17.038337111058087,
                17.52933131288116
            ],
            "q75%": 17.4594419934238,
            "q25%": 17.40947060317352,
            "q10%": 17.379745916740426,
            "2sigma": [
                17.337224443140403,
                17.50032706296477
            ],
            "5sigma": [
                16.762962714391843,
                19.192019732999167
            ]
        },
        {
            "1sigma": [
                9.609784787868714,
                9.6391520049899
            ],
            "sigma": 0.014683608560592809,
            "q01%": 9.590511834747964,
            "q99%": 9.69079926439663,
            "median": 9.622715718174469,
            "q90%": 9.645861796784509,
            "3sigma": [
                9.363555788941992,
                9.710146490573997
            ],
            "q75%": 9.634031352653432,
            "q25%": 9.613217391674226,
            "q10%": 9.607124571076335,
            "2sigma": [
                9.599380856558124,
                9.66877263205053
            ],
            "5sigma": [
                8.429972777975939,
                9.75982219044096
            ]
        },
        {
            "1sigma": [
                0.9949320657192434,
                0.9955554147194633
            ],
            "sigma": 0.00031167450010993747,
            "q01%": 0.9937558253660751,
            "q99%": 0.9959864398237969,
            "median": 0.9953158666976282,
            "q90%": 0.9956243802994241,
            "3sigma": [
                0.9935267624204388,
                0.9981858789750963
            ],
            "q75%": 0.9954998473197111,
            "q25%": 0.995053413407516,
            "q10%": 0.9947293415775257,
            "2sigma": [
                0.9938834282028808,
                0.9958102875439911
            ],