{
    "nested sampling global log-evidence": -3313.8384842640116,
    "global evidence error": 0.033703660478519255,
    "marginals": [
        {
            "q90%": 1794.2849647987814,
            "q99%": 1797.7176757401978,
            "median": 1792.2171050443385,
            "sigma": 1.7619481125288985,
            "q75%": 1793.242961683804,
            "1sigma": [
                1790.257291993583,
                1793.7811882186409
            ],
            "2sigma": [
                1788.0195105108678,
                1795.9491348825716
            ],
            "q10%": 1789.6122630056777,
            "5sigma": [
                1782.5313405211027,
                1800.87898701895
            ],
            "q01%": 1787.3090747647836,
            "3sigma": [
                1786.0546856125757,
                1799.01949186837
            ],
            "q25%": 1790.9304131327126
        },
        {
            "q90%": -2.8632341763071643,
            "q99%": -2.8524823712927154,
            "median": -2.8673048624309003,
            "sigma": 0.0032769260005820477,
            "q75%": -2.865051796864066,
            "1sigma": [
                -2.87068523918308,
                -2.864131387181916
            ],
            "2sigma": [
                -2.8749131522702718,
                -2.855678181115132
            ],
            "q10%": -2.871769076849359,
            "5sigma": [
                -2.879352286474131,
                -2.834835642363871
            ],
            "q01%": -2.876387576245666,
            "3sigma": [
                -2.8782812801857562,
                -2.8476171309197165
            ],
            "q25%": -2.869877620470742
        },
        {
            "q90%": 1.8716114633502596,
            "q99%": 1.8755048489200483,
            "median": 1.8692952684935225,
            "sigma": 0.001508147863895859,
            "q75%": 1.8703735701071877,
            "1sigma": [
                1.867960667266658,
                1.8709769629944497
            ],
            "2sigma": [
                1.8664066964977883,
                1.8740723027003252
            ],
            "q10%": 1.867642462168966,
            "5sigma": [
                1.851685753948632,
                1.8836483681484049
            ],
            "q01%": 1.8654034034975056,
            "3sigma": [
                1.8632982953117314,
                1.8781494176312512
            ],
            "q25%": 1.8683822937049595
        },
        {
            "q90%": 0.9586262030486838,
            "q99%": 0.9598717493812069,
            "median": 0.957480076978924,
            "sigma": 0.0008476357833809289,
            "q75%": 0.9580520394643973,
            "1sigma": [
                0.9565814757686996,
                0.9582767473354614
            ],
            "2sigma": [
                0.9551726741622979,
                0.9594973977459613
            ],
            "q10%": 0.9560985224520298,
            "5sigma": [
                0.9474820593859433,
                0.9611265513865898
            ],
            "q01%": 0.9545041993481439,
            "3sigma": [
                0.9534321431932563,
                0.9603291338656308
            ],
            "q25%": 0.9568920698003491
        },
        {
            "q90%": 1055.6835874949577,
            "q99%": 1056.1318822403946,
            "median": 1055.171249073459,
            "sigma": 0.5090008570300597,
            "q75%": 1055.468408248601,
            "1sigma": [
                1054.5678563790202,
                1055.5858580930803
            ],
            "2sigma": [
                1052.0574643794732,
                1055.985812118552
            ],
            "q10%": 1054.2350416109443,
            "5sigma": [
                1048.4478087187777,
                1057.489826513954
            ],
            "q01%": 1050.9480717056927,
            "3sigma": [
                1050.1135426398544,
                1056.4270479904926
            ],
            "q25%": 1054.7918805802578
        },
        {
            "q90%": 2.9510776089500754,
            "q99%": 2.9640436556882155,
            "median": 2.930719752913647,
            "sigma": 0.01599157597521983,
            "q75%": 2.943114970051321,
            "1sigma": [
                2.9155430536875495,
                2.947526205637989
            ],
            "2sigma": [
                2.903215068027189,
                2.9576974629955575
            ],
            "q10%": 2.910798624791163,
            "5sigma": [
                2.836197548012666,
                2.9995783174568387
            ],
            "q01%": 2.8999676209710565,
            "3sigma": [
                2.8893214295234677,
                2.989814518083176
            ],
            "q25%": 2.9203193107137513
        },
        {
            "q90%": 89.92945378783664,
            "q99%": 89.96932038554692,
            "median": 89.86871505421338,
            "sigma": 0.04237559315766504,
            "q75%": 89.89852846278026,
            "1sigma": [
                89.831427231993,
                89.91617841830833
            ],
            "2sigma": [
                89.71110441501934,
                89.95898410818253
            ],
            "q10%": 89.81250158916568,
            "5sigma": [
                89.45735687597733,
                89.98923369520276
            ],
            "q01%": 89.66402548676844,
            "3sigma": [
                89.61616993736295,
                89.9832666337684
            ],
            "q25%": 89.84505641042158
        },
        {
            "q90%": 14.12612501479863,
            "q99%": 14.671110985106957,
            "median": 13.898128752412058,
            "sigma": 0.14750529111622068,
            "q75%": 13.989695534515906,
            "1sigma": [
                13.771373355487931,
                14.066383937720373
            ],
            "2sigma": [
                13.665259840005753,
                14.376503564666189
            ],
            "q10%": 13.737705759320303,
            "5sigma": [
                13.518709400864331,
                15.59601379657416
            ],
            "q01%": 13.63005737290717,
            "3sigma": [
                13.591183046629647,
                14.90921712922272
            ],
            "q25%": 13.809893990113228
        },
        {
            "q90%": 8.8210808643708,
            "q99%": 9.13393014434589,
            "median": 8.411738774711626,
            "sigma": 0.3244545022491945,
            "q75%": 8.642461681409031,
            "1sigma": [
                8.09858361874126,
                8.74749262323965
            ],
            "2sigma": [
                7.905097207758626,
                9.011173827239528
            ],
            "q10%": 8.045056032347162,
            "5sigma": [
                6.575840262829082,
                9.940129505576019
            ],
            "q01%": 7.755365954447861,
            "3sigma": [
                7.249389747079789,
                9.345023180816582
            ],
            "q25%": 8.168008714122974
        },
        {
            "q90%": 0.9997090927160599,
            "q99%": 0.999959237484557,
            "median": 0.9991559287180964,
            "sigma": 0.00038545229939124237,
            "q75%": 0.9994371350162072,
            "1sigma": [
                0.9988195901970844,
                0.9995904947958669
            ],
            "2sigma": [
                0.998440706235161,
                0.9999056583291144
            ],
            "q10%": 0.9987250687180701,
            "5sigma": [
                0.9933095704861348,
                0.9999998818250336
            ],
            "q01%": 0.998256059696757,
            "3sigma": [
                0.9974390033275393,
                0.9999946331740738
            ],
            "q25%": 0.9989119404051294
        }
    ],
    "nested sampling global log-evidence error": 0.4410580456009659,