{
    "marginals": [
        {
            "q99%": 2690.329078660507,
            "q25%": 2625.3168500757547,
            "median": 2639.2685312887384,
            "5sigma": [
                2528.832028016439,
                2717.186860714396
            ],
            "q75%": 2653.7244713547434,
            "q01%": 2590.1982368448366,
            "2sigma": [
                2597.810004563652,
                2681.5344110075703
            ],
            "q10%": 2612.64826369474,
            "q90%": 2666.8021747026014,
            "sigma": 21.105672379983616,
            "1sigma": [
                2618.2836849014966,
                2660.495029661464
            ],
            "3sigma": [
                2576.540370155416,
                2703.3535097795934
            ]
        },
        {
            "q99%": -4015.8197187119345,
            "q25%": -4352.474578789637,
            "median": -4276.642198910988,
            "5sigma": [
                -4685.013820755912,
                -3686.321658561375
            ],
            "q75%": -4201.3165158849115,
            "q01%": -4550.153748422223,
            "2sigma": [
                -4502.953396048041,
                -4053.638637587917
            ],
            "q10%": -4423.729941707756,
            "q90%": -4134.399025833126,
            "sigma": 113.35860472433751,
            "1sigma": [
                -4390.240703509768,
                -4163.523494061093
            ],
            "3sigma": [
                -4618.098625037704,
                -3943.096123621977
            ]
        },
        {
            "q99%": 9378.727062312222,
            "q25%": 8638.181725852019,
            "median": 8797.376157246688,
            "5sigma": [
                7549.354562168488,
                9645.730960467681
            ],
            "q75%": 8958.262198501183,
            "q01%": 8246.183778360319,
            "2sigma": [
                8326.99355418562,
                9277.29778487836
            ],
            "q10%": 8496.617431400788,
            "q90%": 9109.022648845557,
            "sigma": 239.49950653813357,
            "1sigma": [
                8559.46220413057,
                9038.461217206837
            ],
            "3sigma": [
                8097.923097379416,
                9518.595269492973
            ]
        },
        {
            "q99%": -8551.037813126648,
            "q25%": -9297.822058008001,
            "median": -9126.853027144092,
            "5sigma": [
                -9998.904814281275,
                -7823.18664486004
            ],
            "q75%": -8962.68452746308,
            "q01%": -9737.264036278564,
            "2sigma": [
                -9629.145418636117,
                -8636.685650264884
            ],
            "q10%": -9454.801291326827,
            "q90%": -8813.69071636356,
            "sigma": 250.25460924703657,
            "1sigma": [
                -9379.244216864163,
                -8878.73499837009
            ],
            "3sigma": [
                -9880.942006139043,
                -8402.447559416758
            ]
        },
        {
            "q99%": 4960.409295170413,
            "q25%": 4560.3963358954,
            "median": 4645.4446196821245,
            "5sigma": [
                3969.870380630877,
                5097.752510025406
            ],
            "q75%": 4733.7436066004075,
            "q01%": 4347.394243111484,
            "2sigma": [
                4391.085252663664,
                4905.46644859467
            ],
            "q10%": 4483.04646853562,
            "q90%": 4813.5221269551275,
            "sigma": 129.865764670898,
            "1sigma": [
                4517.758017152653,
                4777.489546494449
            ],
            "3sigma": [
                4273.932396220632,
                5034.360789489874
            ]
        },
        {
            "q99%": -867.8278020186915,
            "q25%": -946.5393229992457,
            "median": -928.3467592307895,
            "5sigma": [
                -1021.3034959647242,
                -789.9464252953304
            ],
            "q75%": -910.9077547323834,
            "q01%": -993.036923308209,
            "2sigma": [
                -981.5547400971537,
                -876.2235858927025
            ],
            "q10%": -962.597443991037,
            "q90%": -895.1126326646677,
            "sigma": 26.67226688748798,
            "1sigma": [
                -955.6001052623252,
                -902.2555714873492
            ],
            "3sigma": [
                -1008.0230081104457,
                -852.9702569058634
            ]
        },
        {
            "q99%": 0.06434139624238026,
            "q25%": 0.05259576868160769,
            "median": 0.05522231986804398,
            "5sigma": [
                0.03685910458768388,
                0.07465143614722365
            ],
            "q75%": 0.05793395834389423,
            "q01%": 0.04593150384265629,
            "2sigma": [
                0.04744015010299936,
                0.06314069331525023
            ],
            "q10%": 0.05003945053802606,
            "q90%": 0.0602732586080724,
            "sigma": 0.004006607499435391,
            "1sigma": [
                0.05122204056983444,
                0.05923525556870522
            ],
            "3sigma": [
                0.04324456422791692,
                0.06690082465635087
            ]
        },
        {
            "q99%": 6.878212692524841,
            "q25%": 5.1189045941441575,
            "median": 5.761225970812117,
            "5sigma": [
                4.040653152930906e-05,
                6.999746319856027
            ],
            "q75%": 6.15575683640748,
            "q01%": 0.023344488282274773,
            "2sigma": [
                0.05641922736576669,
                6.75474337096077
            ],
            "q10%": 0.2098234919798505,
            "q90%": 6.454683931724239,
            "sigma": 2.936657617212032,
            "1sigma": [
                0.45008265162399075,
                6.323397886048054
            ],
            "3sigma": [
                0.0019073216225710262,
                6.978371199998044
            ]
        },
        {
            "q99%": 12.72739655273135,
            "q25%": 12.263131981064243,
            "median": 12.39210734533813,
            "5sigma": [
                11.551660317722563,
                13.395203168955684
            ],
            "q75%": 12.508882832138035,
            "q01%": 11.972040835776317,
            "2sigma": [
                12.037482811152785,
                12.685085297447058
            ],
            "q10%": 12.156061983373318,
            "q90%": 12.595097169741765,
            "sigma": 0.17564186821950578,
            "1sigma": [
                12.205053789490847,
                12.556337525929859
            ],
            "3sigma": [
                11.863294201741533,
                12.879802862639922
            ]
        },
        {
            "q99%": 0.03157895546888227,
            "q25%": 0.025570126782362975,
            "median": 0.026747639754805104,
            "5sigma": [
                0.020463932213155737,
                0.03848440315760803
            ],
            "q75%": 0.028052707809030263,
            "q01%": 0.02301588597857053,
            "2sigma": [
                0.023677984999741983,
                0.030736532172402336
            ],
            "q10%": 0.024637806744020236,
            "q90%": 0.029306416447961614,
            "sigma": 0.0018067595740548174,
            "1sigma": [
                0.025054479469940875,
                0.02866799861805051
            ],
            "3sigma": [
                0.021910013704672684,
                0.03311475262324107
            ]
        }
    ],
    "nested importance sampling global log-evidence error": 0.008439658076402314,