{
    "nested importance sampling global log-evidence error": 0.008828020674667094,
    "nested sampling global log-evidence": 187.22164379514078,
    "global evidence error": 0.008828020674667094,
    "nested importance sampling global log-evidence": 184.6422230269964,
    "modes": [
        {
            "maximum": [
                2639.1253710279307,
                -4276.332955860647,
                8799.69671187166,
                -9132.380992843071,
                4649.377439600772,
                -929.2754848585246,
                0.05378720885318259,
                5.758260953429184,
                12.293000942074991,
                0.02500107616841978
            ],
            "strictly local log-evidence error": 0.008828020674667094,
            "local log-evidence error": 0.008828020674667094,
            "strictly local log-evidence": 184.6422230269964,
            "sigma": [
                21.74274937979339,
                116.00327684520931,
                244.98441498759306,
                256.0000953717794,
                132.37830211614735,
                27.103728631764096,
                0.0041272509501903126,
                2.2748505088621354,
                0.17657450548237075,
                0.0018832160253063708
            ],
            "maximum a posterior": [
                2639.1253710279307,
                -4276.332955860647,
                8799.69671187166,
                -9132.380992843071,
                4649.377439600772,
                -929.2754848585246,
                0.05378720885318259,
                5.758260953429184,
                12.293000942074991,
                0.02500107616841978
            ],
            "index": 0,
            "mean": [
                2639.8727170510774,
                -4279.270209881283,
                8803.79520687975,
                -9134.64709685885,
                4649.637579672668,
                -929.1756530725524,
                0.055282992214243945,
                4.783980812436006,
                12.378670631102272,
                0.026873278166309512
            ],
            "local log-evidence": 184.6422230269964
        }
    ],
    "nested sampling global log-evidence error": 0.4264951171969232,
    "marginals": [
        {
            "q90%": 2668.348027985932,
            "1sigma": [
                2617.9256516355404,
                2662.2047425605547
            ],
            "5sigma": [
                2544.871062795139,
                2715.1041443913828
            ],
            "2sigma": [
                2598.603089061984,
                2683.63179384069
            ],
            "q10%": 2612.259546485297,
            "q01%": 2592.304786150132,
            "q99%": 2692.5616062244917,
            "q75%": 2654.0498511248616,
            "q25%": 2625.4273730764257,
            "median": 2639.1323029962864,
            "3sigma": [
                2577.103827503877,
                2707.030991683889
            ],
            "sigma": 22.139545462507158
        },
        {
            "q90%": -4131.934269054022,
            "1sigma": [
                -4399.175638151227,
                -4162.037155066034
            ],
            "5sigma": [
                -4676.538915923918,
                -3768.3160659161167
            ],
            "2sigma": [
                -4512.005292933615,
                -4060.0070988320467
            ],
            "q10%": -4431.654620248344,
            "q01%": -4560.177783985442,
            "q99%": -4023.4595617623636,
            "q75%": -4201.485320820136,
            "q25%": -4354.099070632358,
            "median": -4276.197921924541,
            "3sigma": [
                -4637.594521139235,
                -3947.6820706645412
            ],
            "sigma": 118.5692415425965
        },
        {
            "q90%": 9123.811514719822,
            "1sigma": [
                8557.122137590984,
                9054.091753490804
            ],
            "5sigma": [
                7712.8635727164055,
                9631.019776450305
            ],
            "2sigma": [
                8341.557068018228,
                9292.948769923067
            ],
            "q10%": 8490.941977528239,
            "q01%": 8267.017887474665,
            "q99%": 9397.396261505044,
            "q75%": 8963.111141749256,
            "q25%": 8638.509171204621,
            "median": 8799.675606253275,
            "3sigma": [
                8110.482375114035,
                9556.673554433379
            ],
            "sigma": 248.48480794990974
        },
        {
            "q90%": -8807.144309295621,
            "1sigma": [
                -9398.805428453961,
                -8876.200435487826
            ],
            "5sigma": [
                -9992.81354331777,
                -7984.9967299980835
            ],
            "2sigma": [
                -9647.937966568421,
                -8647.679022256481
            ],
            "q10%": -9470.295559719398,
            "q01%": -9754.978100603297,
            "q99%": -8566.52998154406,
            "q75%": -8961.623654748648,
            "q25%": -9301.04736046777,
            "median": -9129.802789950427,
            "3sigma": [
                -9923.88620050263,
                -8418.821898446065
            ],
            "sigma": 261.30249648306744
        },
        {
            "q90%": 4823.576269372887,
            "1sigma": [
                4514.492988418436,
                4787.296052817934
            ],
            "5sigma": [
                4050.0667523325906,
                5098.105056418973
            ],
            "2sigma": [
                4396.025620336047,
                4915.511850040464
            ],
            "q10%": 4481.405325797756,
            "q01%": 4356.926642882808,
            "q99%": 4972.622122614943,
            "q75%": 4735.487597582727,
            "q25%": 4560.0330727878,
            "median": 4646.924028918999,
            "3sigma": [
                4280.367103060469,
                5060.577025608051
            ],
            "sigma": 136.401532199749
        },
        {
            "q90%": -894.5595392082239,
            "1sigma": [
                -957.3568603873763,
                -901.5196137508605
            ],
            "5sigma": [
                -1022.3604152543953,
                -805.5114720677049
            ],
            "2sigma": [
                -983.384639157292,
                -877.1299502683772
            ],
            "q10%": -964.9631040219575,
            "q01%": -994.6037734038125,
            "q99%": -869.2908922135067,
            "q75%": -910.9144652162153,
            "q25%": -946.821833238577,
            "median": -928.7006281064898,
            "3sigma": [
                -1013.9022509525588,
                -853.3789726368504
            ],
            "sigma": 27.918623318257914
        },
        {
            "q90%": 0.06064428191994264,
            "1sigma": [
                0.05104909216700451,
                0.05939120721277215
            ],
            "5sigma": [
                0.0346971767372856,
                0.0752010491272775
            ],
            "2sigma": [
                0.046988036551571515,
                0.06331642265654844
            ],
            "q10%": 0.05001798647303794,
            "q01%": 0.045425264707793775,
            "q99%": 0.06473137665674233,
            "q75%": 0.05801978375955606,
            "q25%": 0.0525920934576078,
            "median": 0.05529447254602423,
            "3sigma": [
                0.043081518721046375,
                0.06751148170509164
            ],
            "sigma": 0.004171057522883818
        },
        {
            "q90%": 6.47647695175446,
            "1sigma": [
                0.45777287961596436,
                6.330354690567394
            ],