{
    "nested sampling global log-evidence": 186.9638000628628,
    "global evidence error": 0.061061458865439205,
    "modes": [
        {
            "maximum a posterior": [
                2636.1180467302183,
                -4259.394275742255,
                8761.595344103149,
                -9089.769360757857,
                4625.77351285889,
                -924.1088552590409,
                0.057505393345806656,
                5.819357531346712,
                12.299979034624775,
                0.026037384666418344
            ],
            "index": 0,
            "maximum": [
                2636.1180467302183,
                -4259.394275742255,
                8761.595344103149,
                -9089.769360757857,
                4625.77351285889,
                -924.1088552590409,
                0.057505393345806656,
                5.819357531346712,
                12.299979034624775,
                0.026037384666418344
            ],
            "strictly local log-evidence error": 0.061061458865439205,
            "sigma": [
                21.228655760151888,
                113.3426095696543,
                239.55188664152922,
                250.52580756655266,
                129.65323274612558,
                26.567100044108706,
                0.003888489613482067,
                0.5102543571582937,
                0.169453352614138,
                0.0018208009171629303
            ],
            "mean": [
                2642.1411564439754,
                -4291.367537073376,
                8829.28934856797,
                -9161.187686843836,
                4663.287757457052,
                -931.9507286694063,
                0.055083188363158946,
                5.920800255315951,
                12.342263867659092,
                0.026817953610529886
            ],
            "strictly local log-evidence": 184.43693752710146,
            "local log-evidence error": 0.061061458865439205,
            "local log-evidence": 184.43693752710146
        }
    ],
    "nested importance sampling global log-evidence": 184.43693752710146,
    "marginals": [
        {
            "q99%": 2691.9825184006145,
            "q25%": 2627.792988195661,
            "q75%": 2656.5385684354655,
            "median": 2642.195191624151,
            "q90%": 2669.2482647924708,
            "sigma": 21.198034531227904,
            "1sigma": [
                2620.813679397643,
                2663.209748460099
            ],
            "q10%": 2614.609010883059,
            "3sigma": [
                2579.974632329995,
                2704.062197155077
            ],
            "5sigma": [
                2535.528907008113,
                2715.2527049027294
            ],
            "q01%": 2593.413211162456,
            "2sigma": [
                2600.4577403852045,
                2684.307331572668
            ]
        },
        {
            "q99%": -4031.8933652320316,
            "q25%": -4367.969589736372,
            "q75%": -4214.653809975956,
            "median": -4292.512824826755,
            "q90%": -4144.468306300227,
            "sigma": 113.70641482129622,
            "1sigma": [
                -4404.4825587932555,
                -4177.069729150663
            ],
            "q10%": -4436.060280422492,
            "3sigma": [
                -4621.704452575959,
                -3962.2709780237637
            ],
            "5sigma": [
                -4676.974973824386,
                -3726.9685029265843
            ],
            "q01%": -4558.382498080634,
            "2sigma": [
                -4517.357701000351,
                -4068.4494231325716
            ]
        },
        {
            "q99%": 9395.410031538695,
            "q25%": 8668.81916154337,
            "q75%": 8990.72687736397,
            "median": 8831.384928065687,
            "q90%": 9133.02340843234,
            "sigma": 240.43397640726653,
            "1sigma": [
                8585.251768852495,
                9066.119721667028
            ],
            "q10%": 8517.944875709662,
            "3sigma": [
                8139.097579168246,
                9528.920435067583
            ],
            "5sigma": [
                7645.315786091787,
                9633.002476656246
            ],
            "q01%": 8285.09753269755,
            "2sigma": [
                8355.405835780255,
                9308.529746507667
            ]
        },
        {
            "q99%": -8594.900738692273,
            "q25%": -9332.127348742775,
            "q75%": -8992.698390899575,
            "median": -9164.007100013887,
            "q90%": -8834.314195368646,
            "sigma": 250.45852504050526,
            "1sigma": [
                -9410.024580281548,
                -8909.107530200537
            ],
            "q10%": -9479.586329539019,
            "3sigma": [
                -9892.844128904135,
                -8443.168350901673
            ],
            "5sigma": [
                -9995.54213891408,
                -7930.635862284028
            ],
            "q01%": -9754.003505279385,
            "2sigma": [
                -9663.563986050365,
                -8661.009846660405
            ]
        },
        {
            "q99%": 4970.550662959043,
            "q25%": 4575.227343137408,
            "q75%": 4752.021699940922,
            "median": 4664.869828386477,
            "q90%": 4826.804090579063,
            "sigma": 129.7929315397173,
            "1sigma": [
                4533.110667717975,
                4792.69653079741
            ],
            "q10%": 4496.073595940536,
            "3sigma": [
                4289.824752238012,
                5042.503728203554
            ],
            "5sigma": [
                4019.697894184193,
                5098.533143214577
            ],
            "q01%": 4372.3130204859435,
            "2sigma": [
                4403.22239600912,
                4923.149796882157
            ]
        },
        {
            "q99%": -872.2441137136032,
            "q25%": -950.0771329850945,
            "q75%": -913.8519798594763,
            "median": -932.281942971027,
            "q90%": -897.372273977517,
            "sigma": 26.61487889463814,
            "1sigma": [
                -958.362553869702,
                -905.1327960804257
            ],
            "q10%": -965.4754284434465,
            "3sigma": [
                -1009.7469296405636,
                -855.2787042164323
            ],
            "5sigma": [
                -1022.0306095906242,
                -798.9906620815525
            ],
            "q01%": -995.150977647371,
            "2sigma": [
                -985.5192503340897,
                -879.5669379277889
            ]
        },
        {
            "q99%": 0.06392757887772656,
            "q25%": 0.052549588338226254,
            "q75%": 0.05774724369104253,
            "median": 0.055058696585673715,
            "q90%": 0.05999193012382718,
            "sigma": 0.003888295776224831,
            "1sigma": [
                0.05114313954397883,
                0.05891973109642849
            ],
            "q10%": 0.050106742119867854,
            "3sigma": [
                0.04279804198063632,
                0.06686281851236767
            ],
            "5sigma": [
                0.034952052588403,
                0.07417946158446556
            ],
            "q01%": 0.04581520915279615,
            "2sigma": [
                0.0473303594989027,
                0.06258528307698114
            ]
        },
        {
            "q99%": 7.1028441286814425,
            "q25%": 5.576600691464415,
            "q75%": 6.259624136897168,
            "median": 5.9239363755892755,
            "q90%": 6.575303138540105,
            "sigma": 0.5188202784267046,
            "1sigma": [
                5.404870865596312,
                6.442511422449721
            ],
            "q10%": 5.2667023308844305,