{
    "nested importance sampling global log-evidence": 184.72821710256017,
    "modes": [
        {
            "local log-evidence error": 0.008668023767839376,
            "mean": [
                2639.696367195929,
                -4278.323965314768,
                8801.772437752663,
                -9132.495250073142,
                4648.4998263279795,
                -928.9367838551526,
                0.05517461903606082,
                4.830426992386476,
                12.382434675196833,
                0.026819129925945154
            ],
            "strictly local log-evidence": 184.72821710256017,
            "index": 0,
            "maximum": [
                2635.986175212838,
                -4255.992628590542,
                8749.14692695266,
                -9071.681734591502,
                4613.996458477048,
                -921.2420910801193,
                0.05457176888204539,
                6.055118619573647,
                12.38155064102759,
                0.025943364812115136
            ],
            "maximum a posterior": [
                2635.986175212838,
                -4255.992628590542,
                8749.14692695266,
                -9071.681734591502,
                4613.996458477048,
                -921.2420910801193,
                0.05457176888204539,
                6.055118619573647,
                12.38155064102759,
                0.025943364812115136
            ],
            "local log-evidence": 184.72821710256017,
            "strictly local log-evidence error": 0.008668023767839376,
            "sigma": [
                21.311708345639307,
                113.78276323364116,
                240.46076137442452,
                251.4389648494393,
                130.10002206388808,
                26.652491835194823,
                0.003927511181428896,
                2.2592546966538922,
                0.17147608803856504,
                0.0018571665463174658
            ]
        }
    ],
    "nested sampling global log-evidence": 187.41575065291224,
    "nested sampling global log-evidence error": 0.4267517847195354,
    "marginals": [
        {
            "2sigma": [
                2597.494320755709,
                2681.8190656277457
            ],
            "q99%": 2690.578920225502,
            "q01%": 2591.134544223092,
            "q25%": 2625.6473710481196,
            "5sigma": [
                2525.8695373059936,
                2715.903441060821
            ],
            "sigma": 21.410149955218458,
            "median": 2640.273150591166,
            "q90%": 2666.8038850056923,
            "3sigma": [
                2579.362997488728,
                2706.3634923627756
            ],
            "1sigma": [
                2617.6666742955517,
                2660.4869742059886
            ],
            "q75%": 2653.71831096351,
            "q10%": 2612.163290716448
        },
        {
            "2sigma": [
                -4504.138194020102,
                -4054.042580543729
            ],
            "q99%": -4016.885411485695,
            "q01%": -4550.015712540829,
            "q25%": -4352.90138029878,
            "5sigma": [
                -4680.187460345901,
                -3670.236078580358
            ],
            "sigma": 114.39697690894855,
            "median": -4280.795029356854,
            "q90%": -4130.468071971747,
            "3sigma": [
                -4631.620290995228,
                -3956.004914875649
            ],
            "1sigma": [
                -4389.351123899693,
                -4160.557170081796
            ],
            "q75%": -4202.993159023475,
            "q10%": -4424.539378780123
        },
        {
            "2sigma": [
                8328.405297408564,
                9276.243072983709
            ],
            "q99%": 9378.151782086248,
            "q01%": 8244.465281479135,
            "q25%": 8642.756229968807,
            "5sigma": [
                7515.57595461131,
                9639.769066361101
            ],
            "sigma": 241.60623477408808,
            "median": 8805.859145301454,
            "q90%": 9109.96936408276,
            "3sigma": [
                8120.030661598832,
                9552.9499616357
            ],
            "1sigma": [
                8553.02001142593,
                9036.232480974106
            ],
            "q75%": 8960.911897333752,
            "q10%": 8487.20148869556
        },
        {
            "2sigma": [
                -9631.466570239018,
                -8642.917411319142
            ],
            "q99%": -8547.7785105079,
            "q01%": -9732.365655245127,
            "q25%": -9298.922938177822,
            "5sigma": [
                -9997.689814398633,
                -7786.8300902316605
            ],
            "sigma": 252.4890312591724,
            "median": -9135.725727932635,
            "q90%": -8805.992891346123,
            "3sigma": [
                -9908.882769125243,
                -8420.3014459043
            ],
            "1sigma": [
                -9377.310547776855,
                -8872.33248525851
            ],
            "q75%": -8967.041757369296,
            "q10%": -9457.015259683996
        },
        {
            "2sigma": [
                4395.717945368699,
                4906.817220083089
            ],
            "q99%": 4959.28284240423,
            "q01%": 4345.338045688336,
            "q25%": 4564.2059117481085,
            "5sigma": [
                3951.121907309755,
                5096.755397809296
            ],
            "sigma": 130.0211954977308,
            "median": 4649.493534402275,
            "q90%": 4815.433440373846,
            "3sigma": [
                4279.655859616531,
                5047.711375508925
            ],
            "1sigma": [
                4515.296844205562,
                4775.339235201023
            ],
            "q75%": 4734.453756607426,
            "q10%": 4479.245733832099
        },
        {
            "2sigma": [
                -982.1636615648915,
                -876.9565359605533
            ],
            "q99%": -866.8069277222887,
            "q01%": -992.643209938388,
            "q25%": -946.7316810571342,
            "5sigma": [
                -1021.7728063501459,
                -785.977453146901
            ],
            "sigma": 26.499237364288774,
            "median": -929.189050212516,
            "q90%": -894.5677747885519,
            "3sigma": [
                -1010.4845186950481,
                -853.1448456096504
            ],
            "1sigma": [
                -954.9077128084766,
                -901.9092380798991
            ],
            "q75%": -911.8140052890768,
            "q10%": -963.1545692905269
        },
        {
            "2sigma": [
                0.04760539179768735,
                0.06261655531440939
            ],
            "q99%": 0.06409175355860688,
            "q01%": 0.045751890436549585,
            "q25%": 0.052508135933102176,
            "5sigma": [
                0.0360168778559653,
                0.07411395111058408
            ],
            "sigma": 0.003923369717021102,
            "median": 0.05512666853076816,
            "q90%": 0.060145618961359636,
            "3sigma": [
                0.0432054975556527,
                0.06674965683122558
            ],
            "1sigma": [
                0.051335884963934965,
                0.05918262439797717
            ],
            "q75%": 0.05798311437669624,
            "q10%": 0.05022088880017551
        },
        {
            "2sigma": [
                0.04538741802056945,
                6.750923678381602
            ],
            "q99%": 6.893216757882381,
            "q01%": 0.01706449797844322,
            "q25%": 5.199510273234232,
            "5sigma": [
                0.000387275024152372,
                6.998635477795989
            ],
            "sigma": 2.91761756315939,