{
    "nested importance sampling global log-evidence error": 0.010531617608085016,
    "nested importance sampling global log-evidence": 184.3437989524909,
    "marginals": [
        {
            "q01%": 1754.0289650992158,
            "q75%": 1816.4047282195259,
            "q99%": 1857.9917043421033,
            "q90%": 1832.7227423699314,
            "sigma": 22.294411710349664,
            "5sigma": [
                1705.8425941432745,
                1919.5467141196714
            ],
            "1sigma": [
                1780.2401758345254,
                1824.8289992552247
            ],
            "q25%": 1787.2571897106166,
            "2sigma": [
                1761.7796079931888,
                1847.4805513791775
            ],
            "q10%": 1775.0407206823782,
            "3sigma": [
                1740.4753776479852,
                1877.0904548370447
            ],
            "median": 1801.969515040039
        },
        {
            "q01%": -141.9964331274164,
            "q75%": 138.20526172872624,
            "q99%": 268.8759190492566,
            "q90%": 185.80340014160586,
            "sigma": 88.66440881775424,
            "5sigma": [
                -382.7243445246716,
                457.99459505394293
            ],
            "1sigma": [
                -11.338865170206875,
                165.9899524653016
            ],
            "q25%": 21.88291619064123,
            "2sigma": [
                -101.57153062672718,
                239.1294926469312
            ],
            "q10%": -42.398133117720135,
            "3sigma": [
                -214.80124261996048,
                323.73922196889845
            ],
            "median": 79.84243646156277
        },
        {
            "q01%": -466.5691688091954,
            "q75%": -108.14005914859166,
            "q99%": 132.30194606422478,
            "q90%": -13.86454319178154,
            "sigma": 129.919443215074,
            "5sigma": [
                -743.4222499872319,
                478.9313831855954
            ],
            "1sigma": [
                -317.81602201153567,
                -57.977135581387664
            ],
            "q25%": -277.44038223643867,
            "2sigma": [
                -425.1789021235666,
                74.09323008013956
            ],
            "q10%": -346.91527024803054,
            "3sigma": [
                -547.725752775783,
                233.22467164279308
            ],
            "median": -192.38871708254905
        },
        {
            "q01%": -150.16811011807394,
            "q75%": 114.41951080417641,
            "q99%": 233.90393797817518,
            "q90%": 158.63511491124402,
            "sigma": 82.99536541090056,
            "5sigma": [
                -366.6974357388274,
                411.0977693620747
            ],
            "1sigma": [
                -26.576418019144114,
                139.414312802657
            ],
            "q25%": 5.975060215775508,
            "2sigma": [
                -110.4282502621634,
                208.5969124798157
            ],
            "q10%": -54.739015824644,
            "3sigma": [
                -214.0246792716435,
                286.7957977705746
            ],
            "median": 59.335139447042515
        },
        {
            "q01%": -39.886912235640395,
            "q75%": 14.220413765370761,
            "q99%": 50.87012123071505,
            "q90%": 28.549908155892872,
            "sigma": 19.665834856436213,
            "5sigma": [
                -81.38924422386573,
                101.39104247848277
            ],
            "1sigma": [
                -17.3140072815976,
                22.017662431274825
            ],
            "q25%": -11.347465665822373,
            "2sigma": [
                -33.490233814086416,
                41.94929612554141
            ],
            "q10%": -21.76847574116356,
            "3sigma": [
                -52.508156266393904,
                66.5631014834621
            ],
            "median": 1.6865404491835125
        },
        {
            "q01%": 0.39650386105487595,
            "q75%": 0.5240261217861356,
            "q99%": 0.6308292142395334,
            "q90%": 0.5633934745800298,
            "sigma": 0.05139643211964903,
            "5sigma": [
                0.32743633190801485,
                0.8046819033916095
            ],
            "1sigma": [
                0.44292497409457937,
                0.5457178383338774
            ],
            "q25%": 0.45658061472874045,
            "2sigma": [
                0.40973520688993903,
                0.6023063547277877
            ],
            "q10%": 0.4319515110470437,
            "3sigma": [
                0.3713158008658416,
                0.6800371556348718
            ],
            "median": 0.48671236990580324
        },
        {
            "q01%": 78.02853525974149,
            "q75%": 78.32469550131853,
            "q99%": 78.50571881497227,
            "q90%": 78.38578909663315,
            "sigma": 0.09917239330065541,
            "5sigma": [
                77.7423328911056,
                78.85738565821109
            ],
            "1sigma": [
                78.15780886239678,
                78.35615364899809
            ],
            "q25%": 78.19259415071294,
            "2sigma": [
                78.06712618729715,
                78.45771575057142
            ],
            "q10%": 78.12949616714701,
            "3sigma": [
                77.95951835650486,
                78.5771802437634
            ],
            "median": 78.26139936428608
        },
        {
            "q01%": 18.261913870286353,
            "q75%": 18.84136965224743,
            "q99%": 19.184291121432135,
            "q90%": 18.963629872223866,
            "sigma": 0.19347128863949514,
            "5sigma": [
                17.72195206623169,
                19.8672924989498
            ],
            "1sigma": [
                18.520221346188425,
                18.907163923467415
            ],
            "q25%": 18.57636864155116,
            "2sigma": [
                18.321489903140776,
                19.10420096507581
            ],
            "q10%": 18.465292840365247,
            "3sigma": [
                18.13499329539354,
                19.330283834201335
            ],
            "median": 18.70651280211718
        },
        {
            "q01%": 5.169310379860833,
            "q75%": 8.331685107482997,
            "q99%": 9.856985217939453,
            "q90%": 9.136883657624244,
            "sigma": 1.2303863991365858,
            "5sigma": [
                3.9395513483809097,
                9.997771826722294
            ],
            "1sigma": [
                6.3136737064330175,
                8.774446504706189
            ],
            "q25%": 6.63508328023454,
            "2sigma": [
                5.460329735323012,
                9.709356047258542
            ],
            "q10%": 6.023262744397333,
            "3sigma": [
                4.768151683895248,
                9.964344732826326
            ],
            "median": 7.416552236932639
        },
        {
            "q01%": 0.0154164951529408,
            "q75%": 0.019194310029972343,
            "q99%": 0.02215191467485735,
            "q90%": 0.020146957884856553,
            "sigma": 0.0013858108565548213,
            "5sigma": [
                0.01409439692294063,
                0.027682598196711605
            ],
            "1sigma": [
                0.016918827750494504,
                0.019690449463604147
            ],
            "q25%": 0.017344763018435468,
            "2sigma": [
                0.015807600813379605,
                0.02135515250010734
            ],
            "q10%": 0.016586125083198098,
            "3sigma": [
                0.014808768283532087,
                0.023435266485176517
            ],
            "median": 0.018221759210957502
        }
    ],