{
    "nested sampling global log-evidence": 14.697011727123042,
    "nested importance sampling global log-evidence error": 0.023363832523200054,
    "marginals": [
        {
            "q90%": 7.568328054377876,
            "2sigma": [
                7.568184121395836,
                7.568350317191702
            ],
            "median": 7.568270937987621,
            "1sigma": [
                7.568222817382222,
                7.568318096790715
            ],
            "3sigma": [
                7.568149484893931,
                7.568369072845263
            ],
            "q75%": 7.568304290443172,
            "q10%": 7.568209902279427,
            "q99%": 7.568360132969709,
            "q01%": 7.568171352682248,
            "sigma": 4.763970424637165e-05,
            "5sigma": [
                7.568109762165616,
                7.568376298530062
            ],
            "q25%": 7.568237802472672
        },
        {
            "q90%": -2.566536137886845,
            "2sigma": [
                -2.56696938131382,
                -2.5664788973938593
            ],
            "median": -2.566709638587106,
            "1sigma": [
                -2.5668492304476658,
                -2.566566647131372
            ],
            "3sigma": [
                -2.5670630116054745,
                -2.566427055350591
            ],
            "q75%": -2.566609880336201,
            "q10%": -2.5668885844303397,
            "q99%": -2.5664553326470765,
            "q01%": -2.567005089455066,
            "sigma": 0.0001412916581469137,
            "5sigma": [
                -2.567154910022616,
                -2.5663828873763945
            ],
            "q25%": -2.566802784267549
        },
        {
            "q90%": -0.04175903707945892,
            "2sigma": [
                -0.043945607273236445,
                -0.041361531273708334
            ],
            "median": -0.04266880036565469,
            "1sigma": [
                -0.04336118532001064,
                -0.04194984979058531
            ],
            "3sigma": [
                -0.04462609287948416,
                -0.0407828366781639
            ],
            "q75%": -0.04219320517710919,
            "q10%": -0.04356658930793669,
            "q99%": -0.041141054769626435,
            "q01%": -0.04414458298653131,
            "sigma": 0.0007056677647126648,
            "5sigma": [
                -0.04478134900339685,
                -0.03988761791632875
            ],
            "q25%": -0.043127664858085564
        },
        {
            "q90%": 0.03538336452862007,
            "2sigma": [
                0.029815205670794417,
                0.03657952368280426
            ],
            "median": 0.03289683420580609,
            "1sigma": [
                0.030989825164936112,
                0.03479593675652485
            ],
            "3sigma": [
                0.028984300898607453,
                0.03815478321324533
            ],
            "q75%": 0.03419885745070596,
            "q10%": 0.030587585087078713,
            "q99%": 0.037118175136591054,
            "q01%": 0.029471011737145964,
            "sigma": 0.0019030557957943686,
            "5sigma": [
                0.02807210345257821,
                0.03963418364535401
            ],
            "q25%": 0.03154516662085768
        },
        {
            "q90%": 0.13234391574680535,
            "2sigma": [
                0.11829359932893511,
                0.13535319640787183
            ],
            "median": 0.126423975649007,
            "1sigma": [
                0.122404069941789,
                0.13100628337792558
            ],
            "3sigma": [
                0.11433636823887351,
                0.13998907329371962
            ],
            "q75%": 0.1295785763521674,
            "q10%": 0.12126086916772451,
            "q99%": 0.13675795134247626,
            "q01%": 0.11709144155879794,
            "sigma": 0.004301106718068291,
            "5sigma": [
                0.109448599041547,
                0.1463441693287949
            ],
            "q25%": 0.12370380079155241
        },
        {
            "q90%": 0.6380326751568257,
            "2sigma": [
                0.36952658566827234,
                0.6792697420087384
            ],
            "median": 0.5305536437029681,
            "1sigma": [
                0.4413834423165691,
                0.6182388983819781
            ],
            "3sigma": [
                0.30716827966818394,
                0.7143682454289149
            ],
            "q75%": 0.5921046588688446,
            "q10%": 0.4170534468665671,
            "q99%": 0.697897580661335,
            "q01%": 0.3485041659929601,
            "sigma": 0.08842772803270449,
            "5sigma": [
                0.23021361099641321,
                0.7260005037816963
            ],
            "q25%": 0.4695836775083545
        },
        {
            "q90%": 77.72006578300225,
            "2sigma": [
                76.20728404278452,
                78.09243519087761
            ],
            "median": 77.12143613497093,
            "1sigma": [
                76.63863668433066,
                77.59110671723995
            ],
            "3sigma": [
                75.81022565223346,
                78.70104678720512
            ],
            "q75%": 77.42917123362213,
            "q10%": 76.51207111513868,
            "q99%": 78.27734298561718,
            "q01%": 76.05001318418861,
            "sigma": 0.4762350164546447,
            "5sigma": [
                75.43433337841212,
                79.57030448594257
            ],
            "q25%": 76.78813539662308
        },
        {
            "q90%": 8.982233657152177,
            "2sigma": [
                6.930541504951182,
                9.178992251865274
            ],
            "median": 8.319525639188859,
            "1sigma": [
                7.613545048180088,
                8.868909575715278
            ],
            "3sigma": [
                6.117584323542146,
                9.342210726916033
            ],
            "q75%": 8.716728701303232,
            "q10%": 7.396525206065607,
            "q99%": 9.246469977743548,
            "q01%": 6.6986805231289255,
            "sigma": 0.6276822637675954,
            "5sigma": [
                5.211199755260409,
                9.402419957830542
            ],
            "q25%": 7.856841220174735
        }
    ],
    "modes": [
        {
            "maximum a posterior": [
                7.568327367362031,
                -2.56651282334181,
                -0.043141446500381875,
                0.030331722434969066,
                0.12397365824768869,
                0.636327667752939,
                77.16865946002538,
                9.031602088287938
            ],
            "mean": [
                7.568270012791371,
                -2.5667109010825353,
                -0.04266260545487097,
                0.03293080056314796,
                0.12661621829049088,
                0.5294007824234477,
                77.1194896111114,
                8.245650048833074
            ],
            "strictly local log-evidence": 13.307709954353248,
            "sigma": [
                4.4821741723053416e-05,
                0.0001319199388113036,
                0.0006799435704169939,
                0.0018029917163642866,
                0.004316486605415087,
                0.0833911763503291,
                0.47608635480019895,
                0.6067488601152662
            ],
            "index": 0,
            "maximum": [
                7.568327367362031,
                -2.56651282334181,
                -0.043141446500381875,
                0.030331722434969066,
                0.12397365824768869,
                0.636327667752939,
                77.16865946002538,
                9.031602088287938
            ],
            "local log-evidence error": 0.023363832523200054,