{
    "nested importance sampling global log-evidence error": 0.03362993203062858,
    "marginals": [
        {
            "q75%": 2762.396168384922,
            "q25%": 2741.8016666438066,
            "2sigma": [
                2738.4751967747993,
                2798.5426022911142
            ],
            "q99%": 2806.3343123431005,
            "5sigma": [
                2735.474257865995,
                2833.3347525966105
            ],
            "median": 2749.528389101565,
            "q90%": 2778.557193518873,
            "sigma": 14.706684591912563,
            "q01%": 2738.0542877213447,
            "q10%": 2740.210679190197,
            "1sigma": [
                2740.753655258531,
                2770.1670244423563
            ],
            "3sigma": [
                2737.6226844084476,
                2821.004782063693
            ]
        },
        {
            "q75%": 2985.5993629552427,
            "q25%": 2891.8164393102616,
            "2sigma": [
                2730.097478517457,
                2999.332541131856
            ],
            "q99%": 2999.7309228784225,
            "5sigma": [
                2570.9686024861307,
                2999.9893767528592
            ],
            "median": 2948.5287477999514,
            "q90%": 2996.701142080519,
            "sigma": 68.23590374023843,
            "q01%": 2692.614654015632,
            "q10%": 2820.002896484629,
            "1sigma": [
                2856.8172624655476,
                2993.2890699460245
            ],
            "3sigma": [
                2630.1001116194743,
                2999.960542951017
            ]
        },
        {
            "q75%": -1926.5788425820797,
            "q25%": -2077.3691305712973,
            "2sigma": [
                -2118.431953355983,
                -1663.6943616868123
            ],
            "q99%": -1603.3751308952278,
            "5sigma": [
                -2129.2100981740223,
                -1401.7303436023378
            ],
            "median": -2017.7310793108927,
            "q90%": -1811.1794079087956,
            "sigma": 111.24937709777817,
            "q01%": -2120.848291934753,
            "q10%": -2109.9411677266307,
            "1sigma": [
                -2093.5130254451824,
                -1871.014271249626
            ],
            "3sigma": [
                -2124.399209560994,
                -1502.8109233222601
            ]
        },
        {
            "q75%": 742.7960883830904,
            "q25%": 640.4892469875643,
            "2sigma": [
                459.8978999289488,
                786.5141766434932
            ],
            "q99%": 789.7007760973839,
            "5sigma": [
                273.1426919695021,
                802.0948197838173
            ],
            "median": 702.062871080552,
            "q90%": 778.3542051418956,
            "sigma": 75.89073330859458,
            "q01%": 418.0739885857426,
            "q10%": 560.4913840687478,
            "1sigma": [
                601.9653718638058,
                753.7468384809949
            ],
            "3sigma": [
                344.3237664288369,
                795.6318417070023
            ]
        },
        {
            "q75%": -81.93772931569411,
            "q25%": -107.11373538041151,
            "2sigma": [
                -121.50968510594018,
                -37.117996384550395
            ],
            "q99%": -26.94152806199056,
            "5sigma": [
                -127.69865509261565,
                10.803203056075118
            ],
            "median": -97.27047979002127,
            "q90%": -62.35053192509946,
            "sigma": 18.694027092795693,
            "q01%": -122.70616035443116,
            "q10%": -118.61290198821534,
            "1sigma": [
                -109.95465879809463,
                -72.56660461250324
            ],
            "3sigma": [
                -124.90998770689274,
                -7.492320746462035
            ]
        },
        {
            "q75%": 0.9098723625235308,
            "q25%": 0.4229789274890353,
            "2sigma": [
                0.31182728522689823,
                1.5844030742119695
            ],
            "q99%": 1.7911646816946347,
            "5sigma": [
                0.22190214290493498,
                1.9985851016971563
            ],
            "median": 0.564178823495327,
            "q90%": 1.1687670369875014,
            "sigma": 0.3345484580484879,
            "q01%": 0.2947571260031241,
            "q10%": 0.3560007607094332,
            "1sigma": [
                0.38121777025934867,
                1.0503146863563244
            ],
            "3sigma": [
                0.2686100753146757,
                1.9618279185641727
            ]
        },
        {
            "q75%": 74.26252628751388,
            "q25%": 73.3279483167731,
            "2sigma": [
                71.67772440995192,
                86.79827412803611
            ],
            "q99%": 86.91204809737609,
            "5sigma": [
                60.18257489009044,
                87.38009381931776
            ],
            "median": 73.82304693326068,
            "q90%": 86.46851884309693,
            "sigma": 0.7683698768989444,
            "q01%": 71.33602613918721,
            "q10%": 72.67519194246034,
            "1sigma": [
                73.02191330521038,
                74.55865305900826
            ],
            "3sigma": [
                62.131959323133785,
                87.09277014341593
            ]
        },
        {
            "q75%": 22.48937526595644,
            "q25%": 16.4636214985273,
            "2sigma": [
                14.551736084529052,
                39.920790836642006
            ],
            "q99%": 39.97265449324863,
            "5sigma": [
                12.026329639749267,
                39.999972983524444
            ],
            "median": 18.55825595987706,
            "q90%": 39.463397278487385,
            "sigma": 5.196298175460019,
            "q01%": 14.168212518023616,
            "q10%": 15.414429665303901,
            "1sigma": [
                15.845572407806713,
                26.23816875872675
            ],
            "3sigma": [
                13.553230565577664,
                39.9939167152815
            ]
        },
        {
            "q75%": 1.3077820783699325,
            "q25%": 0.12056340447936803,
            "2sigma": [
                0.010929050128872792,
                9.21229243569681
            ],
            "q99%": 9.642919774563502,
            "5sigma": [
                4.644134800751167e-05,
                9.980879966367374
            ],
            "median": 0.33235800388256304,
            "q90%": 7.070983381331544,
            "sigma": 1.3974386150152716,
            "q01%": 0.004434574109227626,
            "q10%": 0.0429094761879408,
            "1sigma": [
                0.07233124796002968,
                2.8672084779905727
            ],
            "3sigma": [
                0.00019734003265401383,
                9.921116809616914
            ]
        },
        {
            "q75%": 0.026224208479195658,
            "q25%": 0.02265548647435741,
            "2sigma": [
                0.019927854161021864,
                0.030695513396859653
            ],
            "q99%": 0.03227148727939881,
            "5sigma": [
                0.015796749749039846,
                0.04805775488121144
            ],
            "median": 0.024344318579525244,
            "q90%": 0.02824239226438144,
            "sigma": 0.002722359402929227,
            "q01%": 0.01922461076988094,
            "q10%": 0.021288839702191555,
            "1sigma": [
                0.02191363598102243,
                0.027358354786880885
            ],
            "3sigma": [
                0.01755892971286408,
                0.03526568550782477
            ]
        }
    ],