{
    "global evidence": 52.937419499405635,
    "global evidence error": 0.03727753105878596,
    "nested importance sampling global log-evidence error": 0.03727753105878596,
    "marginals": [
        {
            "5sigma": [
                2735.403232895242,
                2834.258725142811
            ],
            "q01%": 2737.950253319653,
            "q99%": 2806.3093842023172,
            "q25%": 2741.731288669389,
            "sigma": 14.334242843106722,
            "q90%": 2776.5215568835606,
            "2sigma": [
                2738.2606007455433,
                2795.284426860819
            ],
            "median": 2749.033124637006,
            "q10%": 2739.9059959554556,
            "1sigma": [
                2740.710577530653,
                2769.3790632168666
            ],
            "3sigma": [
                2737.6396936967117,
                2817.9428149457126
            ],
            "q75%": 2761.9489682650023
        },
        {
            "5sigma": [
                2566.732015552047,
                2999.9941256349134
            ],
            "q01%": 2693.9195878036558,
            "q99%": 2999.834315376504,
            "q25%": 2894.01496771621,
            "sigma": 66.82833341312585,
            "q90%": 2996.6700313525266,
            "2sigma": [
                2744.7102351266863,
                2999.3535399435127
            ],
            "median": 2951.056737250982,
            "q10%": 2829.5036845641876,
            "1sigma": [
                2860.192768763384,
                2993.8494355896355
            ],
            "3sigma": [
                2642.100351457467,
                2999.9821686746614
            ],
            "q75%": 2985.8616822416543
        },
        {
            "5sigma": [
                -2128.3032417290037,
                -1400.0275412005228
            ],
            "q01%": -2120.300940855456,
            "q99%": -1606.1992103886162,
            "q25%": -2077.769015281198,
            "sigma": 108.84579369468486,
            "q90%": -1826.5228801584642,
            "2sigma": [
                -2117.199392206618,
                -1688.4853704121413
            ],
            "median": -2022.1302304774013,
            "q10%": -2107.2547695579287,
            "1sigma": [
                -2093.645753218172,
                -1875.9541658288024
            ],
            "3sigma": [
                -2122.8376795225863,
                -1518.5949039603784
            ],
            "q75%": -1930.3503380265831
        },
        {
            "5sigma": [
                274.1324412943148,
                800.6382495965329
            ],
            "q01%": 419.7488230650109,
            "q99%": 788.0518118953797,
            "q25%": 642.8760747266873,
            "sigma": 74.63537261109911,
            "q90%": 776.0116016096378,
            "2sigma": [
                476.6145631977201,
                785.0057861144039
            ],
            "median": 705.3589261685563,
            "q10%": 570.6531054632482,
            "1sigma": [
                604.8673202059942,
                754.1380654281925
            ],
            "3sigma": [
                355.91968170363435,
                793.397310526448
            ],
            "q75%": 743.087842476132
        },
        {
            "5sigma": [
                -126.79821524899846,
                10.456962456494598
            ],
            "q01%": -122.04375795472059,
            "q99%": -27.47616282023134,
            "q25%": -107.28807503065234,
            "sigma": 18.41204758751342,
            "q90%": -64.74696379897627,
            "2sigma": [
                -120.9944134073049,
                -41.53616448759426
            ],
            "median": -97.95171665934409,
            "q10%": -117.93745149577981,
            "1sigma": [
                -110.00337724487066,
                -73.17928206984382
            ],
            "3sigma": [
                -124.0587526852129,
                -10.539338732845126
            ],
            "q75%": -82.61330474376486
        },
        {
            "5sigma": [
                0.22349999903521162,
                1.998708243834518
            ],
            "q01%": 0.2991819545799459,
            "q99%": 1.7936366150261356,
            "q25%": 0.4147058303850062,
            "sigma": 0.31992387171485875,
            "q90%": 1.119103571713275,
            "2sigma": [
                0.3144282086015527,
                1.5202860891119911
            ],
            "median": 0.5506531345277115,
            "q10%": 0.3535187295168797,
            "1sigma": [
                0.3748949338440509,
                1.0147426772737684
            ],
            "3sigma": [
                0.267799146962427,
                1.968679233918625
            ],
            "q75%": 0.8679824328536428
        },
        {
            "5sigma": [
                60.00553779693071,
                87.31250919887492
            ],
            "q01%": 71.35052899175102,
            "q99%": 86.91930105665607,
            "q25%": 73.34955819028698,
            "sigma": 0.7414188500439565,
            "q90%": 86.37437402338695,
            "2sigma": [
                71.83932030851471,
                86.79968090374491
            ],
            "median": 73.84305304569132,
            "q10%": 72.73305212343149,
            "1sigma": [
                73.04716238874663,
                74.53000008883454
            ],
            "3sigma": [
                62.07934232486611,
                87.17034121458678
            ],
            "q75%": 74.26529051205038
        },
        {
            "5sigma": [
                12.402684467546944,
                39.99983092386521
            ],
            "q01%": 14.216775965358057,
            "q99%": 39.97046801488937,
            "q25%": 16.387740658409133,
            "sigma": 4.806428160798321,
            "q90%": 39.324121220033085,
            "2sigma": [
                14.525411344338863,
                39.919994642883836
            ],
            "median": 18.4690292859736,
            "q10%": 15.340694207781771,
            "1sigma": [
                15.75242997554258,
                25.36528629713922
            ],
            "3sigma": [
                13.568286041577158,
                39.99692857092341
            ],
            "q75%": 21.89391001329975
        },
        {
            "5sigma": [
                4.332973400873589e-05,
                9.99868996359102
            ],
            "q01%": 0.004046321373910528,
            "q99%": 9.71713824284711,
            "q25%": 0.1258633598688368,
            "sigma": 1.227896358997548,
            "q90%": 6.968845050475879,
            "2sigma": [
                0.009198147665251295,
                9.324140523358583
            ],
            "median": 0.3664564328282222,
            "q10%": 0.04533955481081896,
            "1sigma": [
                0.07535868190455476,
                2.5311513998996507
            ],
            "3sigma": [
                0.0007689831910579805,
                9.978534055606382
            ],
            "q75%": 1.3178573641249247
        },
        {
            "5sigma": [
                0.01724359810513939,
                0.04911693394748691
            ],
            "q01%": 0.019262843528726325,
            "q99%": 0.032555502203557435,
            "q25%": 0.022736630470362295,
            "sigma": 0.0028802709683699683,
            "q90%": 0.028579091663370925,
            "2sigma": [
                0.019924599558863228,
                0.031025312889428665
            ],
            "median": 0.024519925073531332,
            "q10%": 0.021341002525611295,
            "1sigma": [
                0.02192261530530218,
                0.027683157242042115
            ],
            "3sigma": [
                0.01814390848093528,
                0.03551089359481847
            ],