{
    "nested importance sampling global log-evidence error": 0.008306317214169159,
    "nested importance sampling global log-evidence": 62.92954724695833,
    "nested sampling global log-evidence error": 0.38870905980559023,
    "nested sampling global log-evidence": 67.13303537101869,
    "global evidence": 62.92954724695833,
    "marginals": [
        {
            "q90%": 2726.623948544086,
            "q01%": 2712.6828253299536,
            "3sigma": [
                2687.1997958593843,
                2733.8864370182737
            ],
            "q75%": 2724.5857279649967,
            "median": 2722.2955040574243,
            "q25%": 2719.904473715503,
            "5sigma": [
                2674.6262917656823,
                2742.50250350708
            ],
            "1sigma": [
                2718.662295955226,
                2725.686151376004
            ],
            "2sigma": [
                2714.6883346003874,
                2729.216105748402
            ],
            "sigma": 3.5119277103890454,
            "q99%": 2730.541399675271,
            "q10%": 2717.6020578338093
        },
        {
            "q90%": 3097.515699901793,
            "q01%": 3041.4857526749597,
            "3sigma": [
                3027.5680888787074,
                3254.4649073175115
            ],
            "q75%": 3087.2728527648223,
            "median": 3077.014959429264,
            "q25%": 3067.0425787728823,
            "5sigma": [
                2984.7565920073525,
                3307.8109777607824
            ],
            "1sigma": [
                3062.443852428283,
                3092.3832238435416
            ],
            "2sigma": [
                3047.7254358503824,
                3109.655578480798
            ],
            "sigma": 14.969685707629196,
            "q99%": 3118.600798582974,
            "q10%": 3058.137011420546
        },
        {
            "q90%": -2209.0996556185696,
            "q01%": -2308.2119391251786,
            "3sigma": [
                -2573.9789234482446,
                -2162.3728819638754
            ],
            "q75%": -2223.5130952648865,
            "median": -2239.090442539766,
            "q25%": -2255.4591503843512,
            "5sigma": [
                -2661.2684152189377,
                -2088.500831472376
            ],
            "1sigma": [
                -2263.6966009480575,
                -2216.0838312536416
            ],
            "2sigma": [
                -2290.720607456029,
                -2193.3204531581946
            ],
            "sigma": 23.806384847207937,
            "q99%": -2183.076726942004,
            "q10%": -2271.6965936133333
        },
        {
            "q90%": 889.3333965879758,
            "q01%": 828.2003987993163,
            "3sigma": [
                816.419804461206,
                1136.225068650111
            ],
            "q75%": 877.7073431476047,
            "median": 866.3132946949212,
            "q25%": 855.581727450356,
            "5sigma": [
                759.5120159337312,
                1206.3223388289362
            ],
            "1sigma": [
                850.4082238790659,
                883.5594704920989
            ],
            "2sigma": [
                834.6524534080409,
                903.7096588284969
            ],
            "sigma": 16.57562330651649,
            "q99%": 915.4678842642937,
            "q10%": 845.6229194539886
        },
        {
            "q90%": -135.5376081455686,
            "q01%": -153.89285895157073,
            "3sigma": [
                -219.56234045844337,
                -128.09896130892434
            ],
            "q75%": -138.11733986787902,
            "median": -140.80754845866886,
            "q25%": -143.8405890395972,
            "5sigma": [
                -240.41614827147842,
                -112.54008791844073
            ],
            "1sigma": [
                -145.3648132704726,
                -136.77844506538784
            ],
            "2sigma": [
                -150.7963000098179,
                -132.7216900385619
            ],
            "sigma": 4.293184102542384,
            "q99%": -131.11336276502192,
            "q10%": -146.8111567618431
        },
        {
            "q90%": 0.9443248988769943,
            "q01%": 0.6616036942919286,
            "3sigma": [
                0.6233010998861586,
                1.782294414727671
            ],
            "q75%": 0.8695930484475611,
            "median": 0.812762812400977,
            "q25%": 0.7669317665121345,
            "5sigma": [
                0.3794146540585208,
                1.9943434403551534
            ],
            "1sigma": [
                0.745806453297153,
                0.9047617854228519
            ],
            "2sigma": [
                0.6855567092065685,
                1.0802570077938534
            ],
            "sigma": 0.07947766606284945,
            "q99%": 1.1927406302065027,
            "q10%": 0.7276204332404931
        },
        {
            "q90%": 87.55253231775382,
            "q01%": 85.90346579320246,
            "3sigma": [
                83.21644295089722,
                88.08160468791198
            ],
            "q75%": 87.33232676970486,
            "median": 87.07297447959694,
            "q25%": 86.76282086020619,
            "5sigma": [
                74.29675136710082,
                88.57952775531382
            ],
            "1sigma": [
                86.60111028657964,
                87.4521930642116
            ],
            "2sigma": [
                86.09895899558182,
                87.76786613967782
            ],
            "sigma": 0.42554138881597936,
            "q99%": 87.87687878208285,
            "q10%": 86.44878000621041
        },
        {
            "q90%": 39.82947770226035,
            "q01%": 36.04332040702741,
            "3sigma": [
                30.34136604511401,
                39.995314001513506
            ],
            "q75%": 39.545516455909485,
            "median": 38.98338933716556,
            "q25%": 38.2751174702374,
            "5sigma": [
                15.897524208105452,
                39.99966447012891
            ],
            "1sigma": [
                37.85752088911792,
                39.70642409064963
            ],
            "2sigma": [
                36.572511449246925,
                39.95237066958162
            ],
            "sigma": 0.9244516007658525,
            "q99%": 39.97852578014779,
            "q10%": 37.49749573150259
        },
        {
            "q90%": 9.790986464099978,
            "q01%": 5.077751256092775,
            "3sigma": [
                2.5295277841755395,
                9.997323061824327
            ],
            "q75%": 9.464493136467114,
            "median": 8.818331576639567,
            "q25%": 7.908510803465905,
            "5sigma": [
                1.6228388164807066,
                9.999681519545954
            ],
            "1sigma": [
                7.436010224416765,
                9.65993102988846
            ],
            "2sigma": [
                5.779466264635336,
                9.953663089513107
            ],
            "sigma": 1.1119604027358476,
            "q99%": 9.981426008118095,
            "q10%": 6.948202034050243
        },
        {
            "q90%": 0.022091237402016167,
            "q01%": 0.0151066583908514,
            "3sigma": [
                0.01411282158488954,
                0.027844661462119297
            ],
            "q75%": 0.020530394698888822,
            "median": 0.01900253292139559,
            "q25%": 0.017585924865780787,
            "5sigma": [
                0.011853574898592593,
                0.037946343892686404
            ],
            "1sigma": [
                0.017044007836315683,
                0.02140045265339112
            ],