{
    "modes": [
        {
            "strictly local log-evidence error": 0.015825711132160063,
            "maximum a posterior": [
                7.46741111542952,
                -2.570251772625518,
                -0.03643072462487851,
                0.05720795773748932,
                0.1290618828381227,
                0.29961493873714296,
                77.47293710558407,
                5.804269031972996
            ],
            "strictly local log-evidence": 2.499221627463562,
            "local log-evidence": 2.499221627463562,
            "maximum": [
                7.46741111542952,
                -2.570251772625518,
                -0.03643072462487851,
                0.05720795773748932,
                0.1290618828381227,
                0.29961493873714296,
                77.47293710558407,
                5.804269031972996
            ],
            "sigma": [
                0.00027624564691158473,
                0.000917653500471946,
                0.002125056032523942,
                0.010166892390007525,
                0.01106435857964094,
                0.4848654809439824,
                0.46664618877861386,
                2.1111761514381673
            ],
            "mean": [
                7.467692312162133,
                -2.569258078440313,
                -0.038675490680889546,
                0.04509527547545776,
                0.11800134223324721,
                0.7934403598626711,
                77.6621886145181,
                8.70010214332556
            ],
            "index": 0,
            "local log-evidence error": 0.015825711132160063
        }
    ],
    "nested sampling global log-evidence error": 0.4206978095902826,
    "nested importance sampling global log-evidence": 2.499221627463562,
    "nested importance sampling global log-evidence error": 0.015825711132160063,
    "global evidence error": 0.015825711132160063,
    "marginals": [
        {
            "median": 7.467593366190749,
            "2sigma": [
                7.46738620025132,
                7.468318115855185
            ],
            "q25%": 7.467470717514412,
            "q10%": 7.467414745719388,
            "sigma": 0.0003015923728488801,
            "q99%": 7.468360427266448,
            "5sigma": [
                7.467349829255453,
                7.4684045642313945
            ],
            "q01%": 7.467376800364181,
            "q90%": 7.468163079955396,
            "3sigma": [
                7.467363191705171,
                7.468382768961224
            ],
            "1sigma": [
                7.467434553807775,
                7.468037738553472
            ],
            "q75%": 7.467860411766173
        },
        {
            "median": -2.5695459892351193,
            "2sigma": [
                -2.570334463082878,
                -2.567203931116977
            ],
            "q25%": -2.5700032423368846,
            "q10%": -2.570214812322713,
            "sigma": 0.0009951058799988477,
            "q99%": -2.5670212365309553,
            "5sigma": [
                -2.5704929791694497,
                -2.5663940344906764
            ],
            "q01%": -2.570375056005472,
            "q90%": -2.5677519831873274,
            "3sigma": [
                -2.570439154332768,
                -2.566620491205261
            ],
            "1sigma": [
                -2.5701387467472276,
                -2.56814853498723
            ],
            "q75%": -2.56864702681132
        },
        {
            "median": -0.03820642488637185,
            "2sigma": [
                -0.04329543830672342,
                -0.03574562432950675
            ],
            "q25%": -0.04015121121736147,
            "q10%": -0.04192515982492584,
            "sigma": 0.002272773330295262,
            "q99%": -0.03557492601119811,
            "5sigma": [
                -0.046610597225028756,
                -0.03447296135431971
            ],
            "q01%": -0.044033588467477056,
            "q90%": -0.036253975392236515,
            "3sigma": [
                -0.04518899037725672,
                -0.0352345580200952
            ],
            "1sigma": [
                -0.04109950443369589,
                -0.03655395777310536
            ],
            "q75%": -0.03698201647826241
        },
        {
            "median": 0.04758616088773231,
            "2sigma": [
                0.023757014226130715,
                0.05835151582350274
            ],
            "q25%": 0.03764966468584197,
            "q10%": 0.029140720468674584,
            "sigma": 0.011336643311300885,
            "q99%": 0.05906593479104434,
            "5sigma": [
                0.014589552700567948,
                0.061955398514875394
            ],
            "q01%": 0.021578903541897187,
            "q90%": 0.056619787689430996,
            "3sigma": [
                0.017520265707236988,
                0.060182675066234106
            ],
            "1sigma": [
                0.03269028732898054,
                0.05536357395158231
            ],
            "q75%": 0.05354189122624714
        },
        {
            "median": 0.1206649547038847,
            "2sigma": [
                0.0929578476821829,
                0.13369028127644433
            ],
            "q25%": 0.11128305750866074,
            "q10%": 0.10195601409903547,
            "sigma": 0.011098654523525792,
            "q99%": 0.13542536156018908,
            "5sigma": [
                0.0661505011784261,
                0.15677684041186968
            ],
            "q01%": 0.08697815377713838,
            "q90%": 0.13006332012882074,
            "3sigma": [
                0.07679296625685378,
                0.13980165786781856
            ],
            "1sigma": [
                0.10622956740774822,
                0.1284268764547998
            ],
            "q75%": 0.12618700613711975
        },
        {
            "median": 0.6176134777373266,
            "2sigma": [
                0.2619901885985301,
                1.8994500940403782
            ],
            "q25%": 0.40316722239871033,
            "q10%": 0.3085863006598816,
            "sigma": 0.5315531766096622,
            "q99%": 1.963969687210588,
            "5sigma": [
                0.19387478951113957,
                1.9999584152351302
            ],
            "q01%": 0.24643347315495528,
            "q90%": 1.623192545042572,
            "3sigma": [
                0.2239956432027057,
                1.9909359540297802
            ],
            "1sigma": [
                0.3407283027581808,
                1.403834655977505
            ],
            "q75%": 1.0902448859490013
        },
        {
            "median": 77.64953833776427,
            "2sigma": [
                76.6235469833564,
                78.57009954017762
            ],
            "q25%": 77.40397849302413,
            "q10%": 77.11421444750108,
            "sigma": 0.4182182810042292,
            "q99%": 78.76505461249457,
            "5sigma": [
                73.7718254790769,
                79.88262636561933
            ],
            "q01%": 76.35856033888828,
            "q90%": 78.23589889615623,
            "3sigma": [
                75.74383640003342,
                79.07786126925122
            ],
            "1sigma": [
                77.26904571014614,
                78.1054822721546
            ],
            "q75%": 77.95030038938597
        },
        {
            "median": 8.558110818416852,
            "2sigma": [
                5.195688580004272,
                12.379159533671157
            ],
            "q25%": 6.9898022729337175,
            "q10%": 5.9216235075391905,
            "sigma": 2.4470156885939955,
            "q99%": 12.554711519666242,
            "5sigma": [
                4.097711050650048,
                13.60319551671497
            ],
            "q01%": 4.856721808890473,
            "q90%": 11.779745396863468,