{
    "marginals": [
        {
            "q75%": 1348.4798622804346,
            "2sigma": [
                1281.1960355526824,
                1395.482101314003
            ],
            "5sigma": [
                1260.4096920290867,
                1573.5250755444904
            ],
            "q10%": 1296.9151558429355,
            "q90%": 1369.1293487655978,
            "median": 1329.6962544399144,
            "q01%": 1275.7536359279761,
            "q25%": 1312.2061355010778,
            "q99%": 1408.7997062839106,
            "sigma": 26.870030163483875,
            "3sigma": [
                1266.2294924082653,
                1440.963449035431
            ],
            "1sigma": [
                1304.0932276523683,
                1357.833287979336
            ]
        },
        {
            "q75%": 2062.5697625950784,
            "2sigma": [
                1722.712465070783,
                2186.654133697292
            ],
            "5sigma": [
                995.0763855877494,
                2271.5394566874934
            ],
            "q10%": 1830.6968940481559,
            "q90%": 2123.985547410592,
            "median": 1992.4180262934867,
            "q01%": 1669.3953399943894,
            "q25%": 1914.94132493678,
            "q99%": 2208.748745903084,
            "sigma": 109.6436379793613,
            "3sigma": [
                1537.386417050534,
                2242.8556355271144
            ],
            "1sigma": [
                1875.8382568787138,
                2095.1255328374364
            ]
        },
        {
            "q75%": -2945.3816498888823,
            "2sigma": [
                -3353.5578512078646,
                -2653.774756355298
            ],
            "5sigma": [
                -3480.682423947317,
                -1546.5596291770437
            ],
            "q10%": -3258.063838600757,
            "q90%": -2814.8059889763736,
            "median": -3059.7307166140868,
            "q01%": -3387.249338165531,
            "q25%": -3167.2255152512175,
            "q99%": -2573.7432985387095,
            "sigma": 164.5432311560512,
            "3sigma": [
                -3450.2425646817846,
                -2372.6134964058147
            ],
            "1sigma": [
                -3215.096702449319,
                -2886.0102401372164
            ]
        },
        {
            "q75%": 2018.6215824119454,
            "2sigma": [
                1676.4013976382494,
                2141.3832480625097
            ],
            "5sigma": [
                936.0666544809138,
                2225.9030275198593
            ],
            "q10%": 1784.55322009927,
            "q90%": 2078.2367566957887,
            "median": 1946.5464798726523,
            "q01%": 1623.5347981508676,
            "q25%": 1871.8758995725439,
            "q99%": 2162.5629117078156,
            "sigma": 109.47379940007625,
            "3sigma": [
                1488.5788599851874,
                2198.791985976477
            ],
            "1sigma": [
                1831.881529216633,
                2050.8291280167855
            ]
        },
        {
            "q75%": -439.8412029470802,
            "2sigma": [
                -506.5185600855175,
                -391.45113417682273
            ],
            "5sigma": [
                -526.9441166807665,
                -208.34370286611173
            ],
            "q10%": -490.7658165108976,
            "q90%": -418.229136275566,
            "median": -458.2378244886989,
            "q01%": -511.82726484242653,
            "q25%": -476.1072545329307,
            "q99%": -378.6751551268857,
            "sigma": 26.9646040858201,
            "3sigma": [
                -522.7573242926536,
                -345.17555741113034
            ],
            "1sigma": [
                -484.16087962581105,
                -430.23167145417085
            ]
        },
        {
            "q75%": 0.4848600621674128,
            "2sigma": [
                0.3400548145347303,
                0.5252951580394603
            ],
            "5sigma": [
                0.11191427531310796,
                0.5608726996020476
            ],
            "q10%": 0.38601794299798325,
            "q90%": 0.50499928522745,
            "median": 0.4553952495598035,
            "q01%": 0.3164478924680356,
            "q25%": 0.42206502482786556,
            "q99%": 0.5319189555488617,
            "sigma": 0.046151778243072816,
            "3sigma": [
                0.2632380478462648,
                0.5409577438386405
            ],
            "1sigma": [
                0.40360621602319335,
                0.495909772509339
            ]
        },
        {
            "q75%": 87.47096380348682,
            "2sigma": [
                86.86918849354821,
                87.66323306344746
            ],
            "5sigma": [
                83.36625983344106,
                87.85815640011974
            ],
            "q10%": 87.04402517075896,
            "q90%": 87.56232643816604,
            "median": 87.3444999017669,
            "q01%": 86.76498464937367,
            "q25%": 87.19572181150525,
            "q99%": 87.70530586559737,
            "sigma": 0.2014943015112749,
            "3sigma": [
                86.51183416043733,
                87.75911123327789
            ],
            "1sigma": [
                87.11577408489264,
                87.51876268791518
            ]
        },
        {
            "q75%": 15.453111382781461,
            "2sigma": [
                14.318235406960143,
                15.805035164627558
            ],
            "5sigma": [
                6.822256993994402,
                16.17272159165908
            ],
            "q10%": 14.678320006159417,
            "q90%": 15.63796163807694,
            "median": 15.218212580225181,
            "q01%": 14.139482527342242,
            "q25%": 14.960694738144753,
            "q99%": 15.897873238494912,
            "sigma": 0.36630952936424155,
            "3sigma": [
                13.585085186586504,
                16.045341268344803
            ],
            "1sigma": [
                14.8217706069971,
                15.554389665725584
            ]
        },
        {
            "q75%": 3.703268784796895,
            "2sigma": [
                2.1467175930406173,
                5.071960511528537
            ],
            "5sigma": [
                0.003663879457493223,
                9.975611950726272
            ],
            "q10%": 2.493374036959496,
            "q90%": 4.2808270597761915,
            "median": 3.239123720395027,
            "q01%": 1.9915509049799403,
            "q25%": 2.8394842704542866,
            "q99%": 5.514590273142632,
            "sigma": 0.6669378552550633,
            "3sigma": [
                1.645736192951804,
                6.403993200492529
            ],
            "1sigma": [
                2.657750335386584,
                3.9916260458967106
            ]
        }
    ],
    "modes": [
        {
            "index": 0,
            "mean": [
                1331.8009615742997,
                1982.5045676628856,
                -3045.6463040185286,
                1937.6631758899564,
                -456.0823943667733,
                0.4495999051774646,
                87.3215119640385,
                15.181766146934283,
                3.3288846625003963
            ],
            "strictly local log-evidence error": 0.019618205579682937,
            "maximum": [
                1290.0576208955754,
                2152.129580961642,
                -3301.8465863420424,
                2107.964300600379,
                -498.0615312567861,
                0.5100372243369328,
                87.45832600066285,
                15.445062711606795,
                3.290423939062839
            ],