{
    "nested importance sampling global log-evidence error": 0.03535175955169509,
    "global evidence": 129.4742795047026,
    "global evidence error": 0.03535175955169509,
    "marginals": [
        {
            "q99%": 2710.8433449053978,
            "q25%": 2582.766322238787,
            "q01%": 2488.2399600002504,
            "3sigma": [
                2452.4023192060463,
                2717.252276594097
            ],
            "q75%": 2653.6893514096946,
            "q10%": 2547.0881503128485,
            "sigma": 53.1357676138241,
            "q90%": 2681.2575744492483,
            "2sigma": [
                2510.7568219786017,
                2704.0498723965593
            ],
            "1sigma": [
                2563.2752238718317,
                2669.54675909948
            ],
            "median": 2618.123367883704,
            "5sigma": [
                2429.0340718827797,
                2731.863649427373
            ]
        },
        {
            "q99%": -3473.369906180953,
            "q25%": -4352.751550905053,
            "q01%": -4651.662998408207,
            "3sigma": [
                -4680.599678600057,
                -3283.8664750916564
            ],
            "q75%": -3974.7180790708017,
            "q10%": -4497.858409283781,
            "sigma": 282.36618329430735,
            "q90%": -3788.3951991021413,
            "2sigma": [
                -4619.510646483252,
                -3591.3233466735105
            ],
            "1sigma": [
                -4436.965540844043,
                -3872.2331742554284
            ],
            "median": -4161.12479890197,
            "5sigma": [
                -4734.783084281265,
                -3173.0656649141283
            ]
        },
        {
            "q99%": 9586.488608002666,
            "q25%": 8161.6535221228405,
            "q01%": 7133.846349956402,
            "3sigma": [
                6692.234343854538,
                9633.750466630836
            ],
            "q75%": 8961.613141903428,
            "q10%": 7775.396615881104,
            "sigma": 589.1286204595121,
            "q90%": 9258.516534438224,
            "2sigma": [
                7373.205457638796,
                9513.959723108997
            ],
            "1sigma": [
                7951.982676264865,
                9130.23991718389
            ],
            "median": 8558.318260150922,
            "5sigma": [
                6509.628397234996,
                9690.578843407826
            ]
        },
        {
            "q99%": -7425.5530731839735,
            "q25%": -9297.119668740392,
            "q01%": -9952.105017963557,
            "3sigma": [
                -9992.68618314978,
                -6943.582710117544
            ],
            "q75%": -8464.288350978006,
            "q10%": -9603.925087759466,
            "sigma": 615.6255278311073,
            "q90%": -8069.018789252055,
            "2sigma": [
                -9878.84018004253,
                -7644.826450301455
            ],
            "1sigma": [
                -9477.660957716278,
                -8246.409902054063
            ],
            "median": -8883.579724484263,
            "5sigma": [
                -9999.330934012332,
                -6787.302283487397
            ]
        },
        {
            "q99%": 5063.216880980569,
            "q25%": 4305.154610712192,
            "q01%": 3774.1681509479104,
            "3sigma": [
                3533.807550081471,
                5096.51983662674
            ],
            "q75%": 4732.711051260563,
            "q10%": 4102.577529737874,
            "sigma": 312.7532652749578,
            "q90%": 4893.0509649430005,
            "2sigma": [
                3882.4737210326384,
                5031.902909603562
            ],
            "1sigma": [
                4197.376248893947,
                4822.882779443863
            ],
            "median": 4520.894981050839,
            "5sigma": [
                3451.4661551671484,
                5110.5947162443
            ]
        },
        {
            "q99%": -751.6226018481294,
            "q25%": -945.7889012238869,
            "q01%": -1014.0145926390336,
            "3sigma": [
                -1022.3207762405325,
                -704.5790188997028
            ],
            "q75%": -859.5833966302635,
            "q10%": -978.658397426889,
            "sigma": 63.75487518171201,
            "q90%": -817.8678768110758,
            "2sigma": [
                -1006.7000130278984,
                -773.6513345835003
            ],
            "1sigma": [
                -964.6272624501736,
                -837.1175120867496
            ],
            "median": -903.0500785541207,
            "5sigma": [
                -1027.5284826417237,
                -683.6474236843197
            ]
        },
        {
            "q99%": 0.07200747826754564,
            "q25%": 0.04325261253517095,
            "q01%": 0.024971667649982363,
            "3sigma": [
                0.018373219647324093,
                0.07986488876668092
            ],
            "q75%": 0.05647067379997417,
            "q10%": 0.037184044381236875,
            "sigma": 0.009653650181132671,
            "q90%": 0.06231959512063357,
            "2sigma": [
                0.029367933679946633,
                0.06895620817020764
            ],
            "1sigma": [
                0.04029913276930634,
                0.059606433131571684
            ],
            "median": 0.04969292161975161,
            "5sigma": [
                0.00018630880045099983,
                0.09336341425435676
            ]
        },
        {
            "q99%": 6.939648092445536,
            "q25%": 1.8662620838504338,
            "q01%": 0.02517245104958073,
            "3sigma": [
                0.0018661721991324637,
                6.991006503166131
            ],
            "q75%": 5.7668024207111666,
            "q10%": 0.4522242459954849,
            "sigma": 2.657505423902371,
            "q90%": 6.440476446911185,
            "2sigma": [
                0.09119908351159628,
                6.8589033752836785
            ],
            "1sigma": [
                0.8329383668668181,
                6.14794921467156
            ],
            "median": 4.748334595628713,
            "5sigma": [
                0.0007894897539465397,
                6.999892847514443
            ]
        },
        {
            "q99%": 13.461878361812978,
            "q25%": 12.017069280773937,
            "q01%": 11.308648886448687,
            "3sigma": [
                10.992344197992129,
                14.033250232906198
            ],
            "q75%": 12.582380749535067,
            "q10%": 11.746184671897021,
            "sigma": 0.40561324292151735,
            "q90%": 12.793928616084859,
            "2sigma": [
                11.460052630042243,
                13.233430453396666
            ],
            "1sigma": [
                11.872392345974127,
                12.683618831817162
            ],
            "median": 12.330887422566683,
            "5sigma": [
                0.11809537968224121,
                14.933234546905851
            ]
        }
    ],
    "nested sampling global log-evidence": 132.11405747536028,
    "nested sampling global log-evidence error": 0.3849835132344814,
    "modes": [
        {
            "strictly local log-evidence": 129.4742795047026,
            "maximum": [
                2614.0623360410573,
                -4143.7079774919275,
                8522.752656543598,
                -8847.213166748807,
                4504.612505493131,
                -900.2909975092007,
                0.054374689942918546,
                5.261368039086329,
                12.12989705745332
            ],
            "local log-evidence error": 0.03535175955169509,