{
    "global evidence": 101.61662644718587,
    "global evidence error": 0.010350739157599298,
    "nested importance sampling global log-evidence error": 0.010350739157599298,
    "marginals": [
        {
            "1sigma": [
                2679.249199249165,
                2704.41783741501
            ],
            "q90%": 2706.124539254028,
            "q25%": 2684.750319766017,
            "q01%": 2655.7534768942346,
            "sigma": 12.584319082922548,
            "q10%": 2674.772569867706,
            "q99%": 2710.4883603228363,
            "2sigma": [
                2662.5865045705455,
                2709.140633501229
            ],
            "median": 2694.100560725742,
            "q75%": 2701.5590350757293,
            "5sigma": [
                2616.751846995672,
                2715.9021319759368
            ],
            "3sigma": [
                2645.792958357093,
                2712.4052584694105
            ]
        },
        {
            "1sigma": [
                -4630.730816594262,
                -4496.642865870034
            ],
            "q90%": -4473.059626622879,
            "q25%": -4616.096718336252,
            "q01%": -4658.6913361258485,
            "sigma": 67.043975362114,
            "q10%": -4639.9552910178445,
            "q99%": -4374.017097379511,
            "2sigma": [
                -4654.045999246613,
                -4410.395518624475
            ],
            "median": -4576.460086470615,
            "q75%": -4524.976170028184,
            "5sigma": [
                -4679.869388432473,
                -4166.375907100657
            ],
            "3sigma": [
                -4666.064824010851,
                -4316.92770578758
            ]
        },
        {
            "1sigma": [
                9280.117247142596,
                9561.39103738424
            ],
            "q90%": 9581.547427794872,
            "q25%": 9337.518037069696,
            "q01%": 9021.610188370538,
            "sigma": 140.63689512082146,
            "q10%": 9231.085211764117,
            "q99%": 9614.663826411712,
            "2sigma": [
                9095.795871683806,
                9606.823715142646
            ],
            "median": 9445.493674668389,
            "q75%": 9529.480871950445,
            "5sigma": [
                8583.58728426697,
                9638.742787668209
            ],
            "3sigma": [
                8900.762878280962,
                9622.618838779583
            ]
        },
        {
            "1sigma": [
                -9942.9321888697,
                -9649.055601484439
            ],
            "q90%": -9598.82800754679,
            "q25%": -9907.817579100805,
            "q01%": -9996.602496243933,
            "sigma": 146.9382936926304,
            "q10%": -9963.732816808024,
            "q99%": -9375.839616892617,
            "2sigma": [
                -9990.53668629074,
                -9456.126213574027
            ],
            "median": -9820.560357438106,
            "q75%": -9707.723245290557,
            "5sigma": [
                -9999.997297391665,
                -8908.745780463178
            ],
            "3sigma": [
                -9999.423564032333,
                -9253.504557697406
            ]
        },
        {
            "1sigma": [
                4923.861266112796,
                5075.6501725111275
            ],
            "q90%": 5086.873803752532,
            "q25%": 4952.7121502678765,
            "q01%": 4782.04770269896,
            "sigma": 75.89445319916558,
            "q10%": 4896.539810327271,
            "q99%": 5105.171675223689,
            "2sigma": [
                4824.651845217379,
                5101.406049973881
            ],
            "median": 5012.397732832307,
            "q75%": 5057.483433786676,
            "5sigma": [
                4534.0399159027775,
                5114.646587123046
            ],
            "3sigma": [
                4718.607515913333,
                5109.124670083943
            ]
        },
        {
            "1sigma": [
                -1018.0202683810878,
                -986.7994963352811
            ],
            "q90%": -981.0187206791157,
            "q25%": -1014.2936091276865,
            "q01%": -1024.956332435818,
            "sigma": 15.610386022903356,
            "q10%": -1020.3486052176362,
            "q99%": -957.3886432650606,
            "2sigma": [
                -1023.7185456638794,
                -966.1606650987192
            ],
            "median": -1004.9831240603063,
            "q75%": -992.8791103938278,
            "5sigma": [
                -1028.3308227057569,
                -905.7781087981514
            ],
            "3sigma": [
                -1026.2951473900534,
                -944.4732802312858
            ]
        },
        {
            "1sigma": [
                0.059252276980539045,
                0.06535168526803602
            ],
            "q90%": 0.0662494600716571,
            "q25%": 0.06009482144460588,
            "q01%": 0.05530213560496781,
            "sigma": 0.0030497041437484856,
            "q10%": 0.05842991532375129,
            "q99%": 0.06906273591041089,
            "2sigma": [
                0.05636570317601946,
                0.06803551725244568
            ],
            "median": 0.06222020174018315,
            "q75%": 0.06432747555180983,
            "5sigma": [
                0.04788571977756988,
                0.07814083372884141
            ],
            "3sigma": [
                0.053100452874426524,
                0.07109176769966795
            ]
        },
        {
            "1sigma": [
                1.163064664556549,
                1.902560751895229
            ],
            "q90%": 2.025070516310424,
            "q25%": 1.2783791415012866,
            "q01%": 0.6484279697582256,
            "sigma": 0.36974804366934,
            "q10%": 1.059386857292456,
            "q99%": 6.736150437073779,
            "2sigma": [
                0.7987004022448935,
                2.3508780833600844
            ],
            "median": 1.551955454903166,
            "q75%": 1.7882784181403681,
            "5sigma": [
                0.05206537169208134,
                6.996976825717961
            ],
            "3sigma": [
                0.45764351553130445,
                6.985142625818599
            ]
        },
        {
            "1sigma": [
                13.00795860948313,
                13.290386074196578
            ],
            "q90%": 13.333408725263045,
            "q25%": 13.054216288936997,
            "q01%": 12.78692371588747,
            "sigma": 0.1412137323567242,
            "q10%": 12.966858943291008,
            "q99%": 13.494888216945869,
            "2sigma": [
                12.843029588661263,
                13.441027224096082
            ],
            "median": 13.159090461878742,
            "q75%": 13.248302182189596,
            "5sigma": [
                12.43616151029326,
                13.973847798217898
            ],
            "3sigma": [
                12.719227927730099,
                13.611337925907586
            ]
        }
    ],
    "nested sampling global log-evidence error": 0.4165677482975925,
    "nested importance sampling global log-evidence": 101.61662644718587,
    "nested sampling global log-evidence": 105.3508760000787,
    "modes": [
        {
            "mean": [
                2692.007702769274,
                -4564.631843188571,
                9421.534535246808,
                -9795.639905011814,
                4999.198661573371,
                -1002.2613915149269,
                0.062249565227415045,
                1.6010573061469429,
                13.151849499593931
            ],
            "strictly local log-evidence error": 0.010350739157599298,
            "local log-evidence error": 0.010350739157599298,