{
    "marginals": [
        {
            "q25%": 2627.9705705999954,
            "median": 2634.7100208645106,
            "q90%": 2647.21878783868,
            "3sigma": [
                2605.939169412352,
                2664.108093577771
            ],
            "q01%": 2611.4455280603156,
            "q75%": 2641.126591282677,
            "q10%": 2622.004385731286,
            "2sigma": [
                2615.279304536932,
                2654.5029085522197
            ],
            "q99%": 2657.5044658400043,
            "1sigma": [
                2624.772968425653,
                2644.291126815266
            ],
            "sigma": 9.759079194806645,
            "5sigma": [
                2589.60157451983,
                2680.6807097217165
            ]
        },
        {
            "q25%": -4290.232505055633,
            "median": -4255.607632338015,
            "q90%": -4186.846835253383,
            "3sigma": [
                -4412.796863430396,
                -4100.7128935640885
            ],
            "q01%": -4379.256751394182,
            "q75%": -4218.608851169323,
            "q10%": -4322.759599849701,
            "2sigma": [
                -4361.854558512609,
                -4151.162093446098
            ],
            "q99%": -4131.295698870958,
            "1sigma": [
                -4307.120988241667,
                -4201.633265934311
            ],
            "sigma": 52.743861153678154,
            "5sigma": [
                -4506.324010410724,
                -4013.1797255856122
            ]
        },
        {
            "q25%": 8681.826400329353,
            "median": 8760.878574582206,
            "q90%": 8904.419949696317,
            "3sigma": [
                8433.437687194759,
                9093.291031042394
            ],
            "q01%": 8495.689918370885,
            "q75%": 8835.634569782014,
            "q10%": 8614.266592978709,
            "2sigma": [
                8536.63211699341,
                8988.789602203016
            ],
            "q99%": 9024.157869418805,
            "1sigma": [
                8646.399140191097,
                8871.524415804975
            ],
            "sigma": 112.56263780693916,
            "5sigma": [
                8244.470754702661,
                9302.740356148688
            ]
        },
        {
            "q25%": -9175.497591493724,
            "median": -9096.931827045139,
            "q90%": -8942.501810230224,
            "3sigma": [
                -9447.726045595047,
                -8754.22522010356
            ],
            "q01%": -9374.07520386401,
            "q75%": -9013.410165114246,
            "q10%": -9248.19390922263,
            "2sigma": [
                -9336.737749863358,
                -8858.60835227214
            ],
            "q99%": -8813.378732016063,
            "1sigma": [
                -9214.211912062075,
                -8975.514941590516
            ],
            "sigma": 119.34848523577966,
            "5sigma": [
                -9676.38530335942,
                -8550.4281962696
            ]
        },
        {
            "q25%": 4589.158857342359,
            "median": 4633.271507315692,
            "q90%": 4712.325174753614,
            "3sigma": [
                4455.593117305128,
                4816.211408528773
            ],
            "q01%": 4485.141784456763,
            "q75%": 4673.872867723782,
            "q10%": 4552.0210790749725,
            "2sigma": [
                4507.642981320326,
                4759.22056425965
            ],
            "q99%": 4778.281925338273,
            "1sigma": [
                4568.82867960869,
                4693.911898222202
            ],
            "sigma": 62.54160930675562,
            "5sigma": [
                4346.56443360376,
                4939.250106971509
            ]
        },
        {
            "q25%": -934.6582831030054,
            "median": -926.2801430368796,
            "q90%": -909.3506640768524,
            "3sigma": [
                -964.1357053046596,
                -889.5182695642451
            ],
            "q01%": -956.4306160602038,
            "q75%": -917.1756245034525,
            "q10%": -942.749302794793,
            "2sigma": [
                -952.2819433191138,
                -900.4630610749117
            ],
            "q99%": -895.8789772862033,
            "1sigma": [
                -938.9840366749836,
                -912.8198491327108
            ],
            "sigma": 13.082093771136385,
            "5sigma": [
                -990.3559822150277,
                -867.0763687964545
            ]
        },
        {
            "q25%": 0.05990285985184224,
            "median": 0.060927709585027204,
            "q90%": 0.06267892562642423,
            "3sigma": [
                0.0566106324983738,
                0.06519098540057701
            ],
            "q01%": 0.05769717256524095,
            "q75%": 0.0618834591191915,
            "q10%": 0.05907072720867188,
            "2sigma": [
                0.05811052388259107,
                0.06372419835359142
            ],
            "q99%": 0.06427746192627803,
            "1sigma": [
                0.05939464344108859,
                0.06229635105788039
            ],
            "sigma": 0.0014508538083958973,
            "5sigma": [
                0.054046479811422306,
                0.0675106464564361
            ]
        },
        {
            "q25%": 0.7512872678765234,
            "median": 0.8610016651570397,
            "q90%": 6.940310261259354,
            "3sigma": [
                0.41691149424508445,
                6.999305355062365
            ],
            "q01%": 0.5132856276739676,
            "q75%": 1.036293684776593,
            "q10%": 0.6589961639169197,
            "2sigma": [
                0.5726825449866656,
                6.988228172814613
            ],
            "q99%": 6.996044232598666,
            "1sigma": [
                0.7031864909192065,
                6.8778545182509925
            ],
            "sigma": 3.087334013665893,
            "5sigma": [
                0.12002564716323359,
                6.999999286301427
            ]
        },
        {
            "q25%": 12.729689649639587,
            "median": 12.764459309157974,
            "q90%": 12.839346989256445,
            "3sigma": [
                12.62822476426115,
                12.940500144569064
            ],
            "q01%": 12.657600266095976,
            "q75%": 12.804204955737152,
            "q10%": 12.704935187429736,
            "2sigma": [
                12.673992406908244,
                12.87749513226008
            ],
            "q99%": 12.899580810171662,
            "1sigma": [
                12.716861485686854,
                12.8218624795038
            ],
            "sigma": 0.052500496908472805,
            "5sigma": [
                12.511741938085589,
                13.014621613821735
            ]
        }
    ],
    "nested importance sampling global log-evidence": 119.3981694206876,
    "global evidence": 119.3981694206876,
    "nested importance sampling global log-evidence error": 0.00903511566564443,
    "nested sampling global log-evidence": 122.81983940916209,
    "modes": [
        {
            "sigma": [
                9.821150746461583,
                52.97540868805836,
                113.14854391618879,
                119.62761038477723,
                62.612630764789614,
                12.980386992241392,
                0.0014291248726944483,
                2.437338263172059,
                0.05283469301822694
            ],