{
    "nested importance sampling global log-evidence error": 0.008312238918351362,
    "marginals": [
        {
            "sigma": 2.8453604842377445,
            "median": 2711.162660977781,
            "q75%": 2712.7490938083,
            "2sigma": [
                2702.712279158486,
                2714.6485284330192
            ],
            "q25%": 2708.9789036090265,
            "3sigma": [
                2695.9245571057904,
                2716.009892814849
            ],
            "q10%": 2706.2687256155587,
            "1sigma": [
                2707.5774301708943,
                2713.26815113937
            ],
            "q01%": 2700.502922977504,
            "q90%": 2713.7258330455516,
            "q99%": 2715.145133150507,
            "5sigma": [
                2681.6418467156795,
                2717.3943201971697
            ]
        },
        {
            "sigma": 14.875158606106197,
            "median": -4657.511740181694,
            "q75%": -4645.438258480583,
            "2sigma": [
                -4673.629868515837,
                -4611.429080034459
            ],
            "q25%": -4665.4061289079855,
            "3sigma": [
                -4678.5017011622695,
                -4576.814983378366
            ],
            "q10%": -4669.630636344397,
            "1sigma": [
                -4667.831439476803,
                -4638.081122264591
            ],
            "q01%": -4675.431880251376,
            "q90%": -4630.760134233188,
            "q99%": -4600.714525156064,
            "5sigma": [
                -4683.896533608262,
                -4498.612916265291
            ]
        },
        {
            "sigma": 30.889841903714114,
            "median": 9600.738995917442,
            "q75%": 9617.021508580952,
            "2sigma": [
                9503.435987445037,
                9630.849652319888
            ],
            "q25%": 9575.032365132327,
            "3sigma": [
                9428.714587111332,
                9636.701728180415
            ],
            "q10%": 9544.040839378591,
            "1sigma": [
                9560.302625186976,
                9622.082308994404
            ],
            "q01%": 9480.683307765026,
            "q90%": 9624.820712886012,
            "q99%": 9632.874422245308,
            "5sigma": [
                9262.222140889728,
                9642.781400946838
            ]
        },
        {
            "sigma": 32.61302464338041,
            "median": -9968.870814555763,
            "q75%": -9941.7651047774,
            "2sigma": [
                -9998.80589073808,
                -9866.975555453835
            ],
            "q25%": -9986.290012117333,
            "3sigma": [
                -9999.916448058446,
                -9790.070633579771
            ],
            "q10%": -9994.695340788323,
            "1sigma": [
                -9991.447440777198,
                -9926.221391490437
            ],
            "q01%": -9999.670851472987,
            "q90%": -9909.444472465651,
            "q99%": -9844.164674622842,
            "5sigma": [
                -9999.965002270934,
                -9612.399418611678
            ]
        },
        {
            "sigma": 17.27366301976417,
            "median": 5083.744899424222,
            "q75%": 5093.226755288506,
            "2sigma": [
                5030.548584673069,
                5100.647439808182
            ],
            "q25%": 5070.00344448498,
            "3sigma": [
                4991.230572197874,
                5103.974140037262
            ],
            "q10%": 5053.013746022495,
            "1sigma": [
                5061.296262649134,
                5095.843588688663
            ],
            "q01%": 5017.558429383338,
            "q90%": 5097.844538292473,
            "q99%": 5102.1550591775085,
            "5sigma": [
                4897.9786205546325,
                5106.419787016713
            ]
        },
        {
            "sigma": 3.6698364887927255,
            "median": -1019.0385246093057,
            "q75%": -1016.1677912653762,
            "2sigma": [
                -1023.0845605592108,
                -1007.9089212682404
            ],
            "q25%": -1021.0715666243666,
            "3sigma": [
                -1024.3036576774803,
                -999.6132959272027
            ],
            "q10%": -1022.1650048301956,
            "1sigma": [
                -1021.7534111155558,
                -1014.4137381379703
            ],
            "q01%": -1023.5757405546344,
            "q90%": -1012.7454965386057,
            "q99%": -1005.3377325394166,
            "5sigma": [
                -1025.7246740734097,
                -980.7361803229792
            ]
        },
        {
            "sigma": 0.001072237414825681,
            "median": 0.052905137100085854,
            "q75%": 0.05363349525699094,
            "2sigma": [
                0.05087428994282508,
                0.054948833698230726
            ],
            "q25%": 0.052173715762649855,
            "3sigma": [
                0.049707137053699696,
                0.05614247440086151
            ],
            "q10%": 0.051536777888595335,
            "1sigma": [
                0.05183647956227654,
                0.053980954391927904
            ],
            "q01%": 0.05046256415815108,
            "q90%": 0.05422905275147004,
            "q99%": 0.05543584718784089,
            "5sigma": [
                0.04819414137403931,
                0.05795620281717706
            ]
        },
        {
            "sigma": 0.1856521349350455,
            "median": 4.494423989200754,
            "q75%": 4.620448518490977,
            "2sigma": [
                4.133854800029702,
                4.848766804779693
            ],
            "q25%": 4.367363554958512,
            "3sigma": [
                3.9499927368766925,
                5.0227699961616405
            ],
            "q10%": 4.252010844753745,
            "1sigma": [
                4.304937560214235,
                4.676241830084326
            ],
            "q01%": 4.078758815167251,
            "q90%": 4.725603869082444,
            "q99%": 4.910452004108566,
            "5sigma": [
                3.588569973017805,
                5.418572237439679
            ]
        },
        {
            "sigma": 0.05409341110551402,
            "median": 11.992263676120736,
            "q75%": 12.028450135461455,
            "2sigma": [
                11.88822774477205,
                12.095632976976468
            ],
            "q25%": 11.953835812134212,
            "3sigma": [
                11.829929737479546,
                12.15046133731607
            ],
            "q10%": 11.922692412422446,
            "1sigma": [
                11.93652977428256,
                12.044716596493588
            ],
            "q01%": 11.868775043735793,
            "q90%": 12.05849554151121,
            "q99%": 12.116613811183297,
            "5sigma": [
                11.724852009884158,
                12.263007057343952
            ]
        }
    ],
    "nested importance sampling global log-evidence": 50.026111680013905,
    "nested sampling global log-evidence": 54.05585782774776,
    "nested sampling global log-evidence error": 0.4470090372111053,
    "global evidence error": 0.008312238918351362,
    "global evidence": 50.026111680013905,
    "modes": [
        {
            "strictly local log-evidence error": 0.008312238918351362,
            "local log-evidence error": 0.008312238918351362,
            "index": 0,
            "maximum": [
                2713.017650486412,
                -4668.203936024174,
                9625.793882073616,
                -9998.319252802126,
                5100.954337252699,
                -1023.0199567293057,
                0.0534757560576314,
                4.616097261752229,
                12.027188918011909
            ],