{
    "global evidence error": 0.008675081749570521,
    "nested importance sampling global log-evidence": 51.301630704806634,
    "modes": [
        {
            "strictly local log-evidence error": 0.008675081749570521,
            "maximum": [
                2659.1646843636445,
                -4380.903249418794,
                9017.252447119234,
                -9358.042485879554,
                4766.024237341382,
                -953.2916978819194,
                0.060037671243330655,
                0.3930048669098205,
                12.644603948475
            ],
            "maximum a posterior": [
                2659.1646843636445,
                -4380.903249418794,
                9017.252447119234,
                -9358.042485879554,
                4766.024237341382,
                -953.2916978819194,
                0.060037671243330655,
                0.3930048669098205,
                12.644603948475
            ],
            "mean": [
                2661.1441338486493,
                -4391.606858095698,
                9040.095586347676,
                -9382.091513359062,
                4778.515323682355,
                -955.8527835685333,
                0.059323689736782266,
                3.569031561171986,
                12.650198235177383
            ],
            "sigma": [
                7.603461015803075,
                41.244206155519976,
                88.52741530521169,
                93.98330243014715,
                49.354993154100896,
                10.258839956479152,
                0.0019121647153160525,
                3.1280164733878917,
                0.06312566605439811
            ],
            "index": 0,
            "local log-evidence error": 0.008675081749570521,
            "local log-evidence": 51.301630704806634,
            "strictly local log-evidence": 51.301630704806634
        }
    ],
    "marginals": [
        {
            "median": 2661.236009831806,
            "q75%": 2666.2744254721656,
            "q99%": 2677.8758108209,
            "q90%": 2670.78105895725,
            "1sigma": [
                2653.32384993792,
                2668.770847282663
            ],
            "2sigma": [
                2646.008005270193,
                2675.9311669632475
            ],
            "q01%": 2643.6425393779823,
            "q10%": 2651.2713959707826,
            "sigma": 7.723498672371534,
            "5sigma": [
                2622.7158415134045,
                2697.5872719802765
            ],
            "3sigma": [
                2638.3478062887357,
                2683.7764493664813
            ],
            "q25%": 2655.9408021412432
        },
        {
            "median": -4392.593262208303,
            "q75%": -4363.055749352028,
            "q99%": -4295.109903285281,
            "q90%": -4338.247182794298,
            "1sigma": [
                -4432.9816133456,
                -4349.675891578732
            ],
            "2sigma": [
                -4470.822951582323,
                -4309.04336222298
            ],
            "q01%": -4481.922061536704,
            "q10%": -4443.985604352525,
            "sigma": 41.65286088343373,
            "5sigma": [
                -4588.914817143294,
                -4181.6432434514945
            ],
            "3sigma": [
                -4513.436391626933,
                -4268.05601896191
            ],
            "q25%": -4419.473425138872
        },
        {
            "median": 9042.60215609188,
            "q75%": 9100.484861684728,
            "q99%": 9232.752295447593,
            "q90%": 9152.13759205487,
            "1sigma": [
                8950.290387937717,
                9129.810191491428
            ],
            "2sigma": [
                8864.52673703399,
                9208.271983418988
            ],
            "q01%": 8832.449410806257,
            "q10%": 8925.040632721979,
            "sigma": 89.75990177685526,
            "5sigma": [
                8586.410564822703,
                9460.897023803369
            ],
            "3sigma": [
                8774.56352795347,
                9299.014581616471
            ],
            "q25%": 8978.653277218185
        },
        {
            "median": -9384.48154368363,
            "q75%": -9316.655336301188,
            "q99%": -9162.575422338137,
            "q90%": -9258.919476152549,
            "1sigma": [
                -9476.62781546763,
                -9285.331126300913
            ],
            "2sigma": [
                -9562.233950761387,
                -9195.380928398099
            ],
            "q01%": -9588.18666179328,
            "q10%": -9501.102940280922,
            "sigma": 95.64834458335827,
            "5sigma": [
                -9826.799923528737,
                -8898.28947671587
            ],
            "3sigma": [
                -9654.28599023286,
                -9102.235592716044
            ],
            "q25%": -9446.081005070168
        },
        {
            "median": 4779.834039103617,
            "q75%": 4812.284959856243,
            "q99%": 4886.555817067934,
            "q90%": 4841.741423692886,
            "1sigma": [
                4727.418517775141,
                4827.6524583190285
            ],
            "2sigma": [
                4680.62621378852,
                4873.228638384721
            ],
            "q01%": 4663.821111139302,
            "q10%": 4714.2161336162635,
            "sigma": 50.116970271943956,
            "5sigma": [
                4523.312023995833,
                5014.269557324574
            ],
            "3sigma": [
                4630.548317086735,
                4919.819627632359
            ],
            "q25%": 4744.009249178107
        },
        {
            "median": -956.1383446780984,
            "q75%": -948.6873534336603,
            "q99%": -932.1443093072407,
            "q90%": -942.4229221108599,
            "1sigma": [
                -966.1458125946842,
                -945.253788535288
            ],
            "2sigma": [
                -975.5697736026592,
                -935.6574959786627
            ],
            "q01%": -978.2570763516314,
            "q10%": -968.9669935613201,
            "sigma": 10.446012029698124,
            "5sigma": [
                -1005.7795325272544,
                -902.6874078683064
            ],
            "3sigma": [
                -984.9446916303133,
                -924.8865050896435
            ],
            "q25%": -962.8865609799501
        },
        {
            "median": 0.05938211777854052,
            "q75%": 0.06057875067167656,
            "q99%": 0.06399809040344956,
            "q90%": 0.06173894374232597,
            "1sigma": [
                0.05742579393282786,
                0.061160947793727
            ],
            "2sigma": [
                0.0555277768492354,
                0.06310142738057377
            ],
            "q01%": 0.054978659214940294,
            "q10%": 0.05688752990100724,
            "sigma": 0.0018675769304495708,
            "5sigma": [
                0.04956683501310083,
                0.06907521592669055
            ],
            "3sigma": [
                0.05317233096268807,
                0.06512862327795281
            ],
            "q25%": 0.0580080232162102
        },
        {
            "median": 6.163036632053978,
            "q75%": 6.683285550582158,
            "q99%": 6.979075147064505,
            "q90%": 6.843116717301245,
            "1sigma": [
                0.33133052880338537,
                6.783000946115718
            ],
            "2sigma": [
                0.11257115838694519,
                6.949277848996803
            ],
            "q01%": 0.06354163430266893,
            "q10%": 0.25013752323436655,
            "sigma": 3.225835208656166,
            "5sigma": [
                0.000372334566128297,
                6.999518380813241
            ],