{
    "marginals": [
        {
            "q10%": 2685.9098026899273,
            "median": 2699.8108111486617,
            "q90%": 2710.8553916167066,
            "3sigma": [
                2668.012778979747,
                2716.171098921735
            ],
            "1sigma": [
                2688.901570670952,
                2708.9774283223032
            ],
            "q99%": 2715.1471639274264,
            "5sigma": [
                2644.542649303358,
                2717.562614274691
            ],
            "2sigma": [
                2678.876674621234,
                2714.4062970433065
            ],
            "sigma": 10.037928825675635,
            "q01%": 2674.8929012487174,
            "q75%": 2706.2272167420315,
            "q25%": 2692.4730487070883
        },
        {
            "q10%": -4655.613617649785,
            "median": -4595.852307105132,
            "q90%": -4522.074103679901,
            "3sigma": [
                -4682.226606048406,
                -4425.141853980943
            ],
            "1sigma": [
                -4644.886249397261,
                -4537.849459030392
            ],
            "q99%": -4462.331296578636,
            "5sigma": [
                -4687.320404548785,
                -4298.65952754377
            ],
            "2sigma": [
                -4674.108264016852,
                -4484.146859163043
            ],
            "sigma": 53.51839518343468,
            "q01%": -4678.095193170874,
            "q75%": -4556.372647324652,
            "q25%": -4630.436358257361
        },
        {
            "q10%": 9306.029089531545,
            "median": 9463.337354730917,
            "q90%": 9589.993503410136,
            "3sigma": [
                9094.779997794847,
                9644.328774287138
            ],
            "1sigma": [
                9341.037019650224,
                9566.740935884476
            ],
            "q99%": 9637.126659027825,
            "5sigma": [
                8829.556405156738,
                9648.738921198526
            ],
            "2sigma": [
                9226.584315242611,
                9629.232070475595
            ],
            "sigma": 112.85195811712583,
            "q01%": 9180.303648552846,
            "q75%": 9536.775641153474,
            "q25%": 9380.180980277108
        },
        {
            "q10%": -9944.78638673903,
            "median": -9812.125264301605,
            "q90%": -9645.711605152512,
            "3sigma": [
                -9999.660629209002,
                -9423.849036136296
            ],
            "1sigma": [
                -9920.48225263564,
                -9682.856073469176
            ],
            "q99%": -9517.34369390086,
            "5sigma": [
                -9999.952247933852,
                -9144.411227940089
            ],
            "2sigma": [
                -9986.650425090442,
                -9564.178192362033
            ],
            "sigma": 118.81308958323189,
            "q01%": -9995.169760548148,
            "q75%": -9723.897318848261,
            "q25%": -9888.370497361811
        },
        {
            "q10%": 4905.309988588492,
            "median": 4991.545321771361,
            "q90%": 5060.765322370345,
            "3sigma": [
                4791.891304781297,
                5089.8746328989755
            ],
            "1sigma": [
                4924.140348650492,
                5048.506480652319
            ],
            "q99%": 5087.236491241514,
            "5sigma": [
                4644.089857559515,
                5092.561398622723
            ],
            "2sigma": [
                4862.343830936998,
                5082.480899955602
            ],
            "sigma": 62.183066000913186,
            "q01%": 4840.255206860976,
            "q75%": 5031.938337884961,
            "q25%": 4946.198079109208
        },
        {
            "q10%": -1011.464396695794,
            "median": -997.2020821031635,
            "q90%": -979.5064160557351,
            "3sigma": [
                -1017.7845474202559,
                -956.5602138843255
            ],
            "1sigma": [
                -1009.0064583148434,
                -983.4663129591229
            ],
            "q99%": -966.2084261896305,
            "5sigma": [
                -1018.8821194119223,
                -925.624916109373
            ],
            "2sigma": [
                -1015.8796730787402,
                -970.6930831129974
            ],
            "sigma": 12.770072677860242,
            "q01%": -1016.8853978241601,
            "q75%": -987.9219403287593,
            "q25%": -1005.517941748234
        },
        {
            "q10%": 0.06258863602900362,
            "median": 0.06518096880300758,
            "q90%": 0.0678429310101816,
            "3sigma": [
                0.0590588735166247,
                0.07080006349044057
            ],
            "1sigma": [
                0.06316369906377571,
                0.06724806364934961
            ],
            "q99%": 0.06988316712111647,
            "5sigma": [
                0.05500490336137282,
                0.07428946587448923
            ],
            "2sigma": [
                0.06108281568094806,
                0.06916806105193647
            ],
            "sigma": 0.002042182292786951,
            "q01%": 0.06032104632195821,
            "q75%": 0.0665942740927719,
            "q25%": 0.06384914387794009
        },
        {
            "q10%": 3.918938885661666,
            "median": 4.0832052396863485,
            "q90%": 4.24576094877128,
            "3sigma": [
                3.7009763846050157,
                4.468615069953164
            ],
            "1sigma": [
                3.9549904044267787,
                4.209004465372913
            ],
            "q99%": 4.380826451865077,
            "5sigma": [
                3.4777240165497894,
                4.737492976623667
            ],
            "2sigma": [
                3.8444176540697086,
                4.335848021486382
            ],
            "sigma": 0.12700703047306705,
            "q01%": 3.8003523595882935,
            "q75%": 4.167884726031023,
            "q25%": 3.9988051723376836
        },
        {
            "q10%": 11.616531171568768,
            "median": 11.66447806266798,
            "q90%": 11.711735921038064,
            "3sigma": [
                11.553055107741592,
                11.77975893056896
            ],
            "1sigma": [
                11.627014772527046,
                11.701075062747801
            ],
            "q99%": 11.752791370007351,
            "5sigma": [
                11.479114082797052,
                11.853034242922329
            ],
            "2sigma": [
                11.594975426965616,
                11.738193053807041
            ],
            "sigma": 0.03703014511037761,
            "q01%": 11.584661506145062,
            "q75%": 11.689163922519784,
            "q25%": 11.639393656220161
        }
    ],
    "global evidence": 32.515290313116886,
    "nested importance sampling global log-evidence error": 0.011231695802003526,
    "nested sampling global log-evidence": 36.75004176454851,
    "modes": [
        {
            "sigma": [
                9.512844520338938,
                50.999216916528624,
                108.20570443890092,
                113.56521707898307,
                58.96244323193278,
                12.117853766708734,
                0.0020542664965918804,
                0.12612675218423972,
                0.036840662619886645
            ],
            "strictly local log-evidence error": 0.011231695802003526,