{
    "nested importance sampling global log-evidence": 129.5028470350685,
    "nested importance sampling global log-evidence error": 0.07866721754415316,
    "global evidence error": 0.07866721754415316,
    "marginals": [
        {
            "3sigma": [
                2456.994284974785,
                2718.40523311555
            ],
            "1sigma": [
                2566.48018426637,
                2671.3404440118575
            ],
            "q25%": 2584.23014059204,
            "q99%": 2711.6404918516373,
            "sigma": 52.43012987274369,
            "q10%": 2550.0063812692442,
            "q75%": 2655.965620490254,
            "2sigma": [
                2510.387065805193,
                2704.2922285515574
            ],
            "q90%": 2684.2941873497557,
            "q01%": 2490.462610608975,
            "median": 2620.4133932821082,
            "5sigma": [
                2373.9265527830566,
                2727.645545600865
            ]
        },
        {
            "3sigma": [
                -4686.434819091778,
                -3314.6368525772004
            ],
            "1sigma": [
                -4445.196854065966,
                -3889.1850127040857
            ],
            "q25%": -4363.940603310339,
            "q99%": -3498.2504337604496,
            "sigma": 278.00592068094033,
            "q10%": -4512.329948697967,
            "q75%": -3982.0895415778946,
            "2sigma": [
                -4616.62449786792,
                -3594.2164887757854
            ],
            "q90%": -3803.6578949364266,
            "q01%": -4656.669154726614,
            "median": -4177.054410889053,
            "5sigma": [
                -4721.348808037836,
                -2870.6822267027264
            ]
        },
        {
            "3sigma": [
                6791.185488319802,
                9640.82999397874
            ],
            "1sigma": [
                7986.433820818978,
                9149.178904676955
            ],
            "q25%": 8176.735456724813,
            "q99%": 9596.26242096358,
            "sigma": 581.3725419289885,
            "q10%": 7805.474702883746,
            "q75%": 8980.80781928385,
            "2sigma": [
                7367.530453591942,
                9508.16540992294
            ],
            "q90%": 9284.754223954493,
            "q01%": 7167.579927556192,
            "median": 8591.45235277923,
            "5sigma": [
                5845.181500690346,
                9663.781112687671
            ]
        },
        {
            "3sigma": [
                -9995.734355093304,
                -7063.5801005251615
            ],
            "1sigma": [
                -9496.69591909365,
                -8285.399048818485
            ],
            "q25%": -9315.745457073801,
            "q99%": -7436.817001899802,
            "sigma": 605.648435137583,
            "q10%": -9631.175566225358,
            "q75%": -8483.687535174162,
            "2sigma": [
                -9867.990734287958,
                -7644.001102435269
            ],
            "q90%": -8104.603439122733,
            "q01%": -9951.411730111358,
            "median": -8916.245735147812,
            "5sigma": [
                -9999.689131359875,
                -6066.876497436877
            ]
        },
        {
            "3sigma": [
                3592.733035220219,
                5095.49045488913
            ],
            "1sigma": [
                4211.495919957019,
                4836.232499086029
            ],
            "q25%": 4315.422623252209,
            "q99%": 5066.458026054466,
            "sigma": 312.3682895645047,
            "q10%": 4116.955205123818,
            "q75%": 4742.450724457181,
            "2sigma": [
                3879.4085888128757,
                5023.050032927729
            ],
            "q90%": 4904.28446484718,
            "q01%": 3778.1063011089655,
            "median": 4536.9785095595325,
            "5sigma": [
                3074.2285957456943,
                5112.47148621101
            ]
        },
        {
            "3sigma": [
                -1021.0960239447759,
                -716.5696433493005
            ],
            "1sigma": [
                -967.3790915455847,
                -840.0737223985881
            ],
            "q25%": -948.2646372452155,
            "q99%": -751.88983248133,
            "sigma": 63.652684573498334,
            "q10%": -981.3396308604603,
            "q75%": -861.4709194758161,
            "2sigma": [
                -1005.2964126135242,
                -770.6610985593259
            ],
            "q90%": -820.7353396766322,
            "q01%": -1014.292705832019,
            "median": -906.3094544268635,
            "5sigma": [
                -1029.4552111643332,
                -609.3702620476475
            ]
        },
        {
            "3sigma": [
                0.018290026550735475,
                0.07935341967920276
            ],
            "1sigma": [
                0.039028339830278334,
                0.05987410279269447
            ],
            "q25%": 0.04260381181519765,
            "q99%": 0.0728780596397089,
            "sigma": 0.010422881481208068,
            "q10%": 0.03603230119500685,
            "q75%": 0.05638658862863886,
            "2sigma": [
                0.029425036765174533,
                0.06944251104951922
            ],
            "q90%": 0.06301179887978724,
            "q01%": 0.02643976636953912,
            "median": 0.049037654620591536,
            "5sigma": [
                8.605103620993416e-05,
                0.09238981196181181
            ]
        },
        {
            "3sigma": [
                0.005203463336705905,
                6.986164506892821
            ],
            "1sigma": [
                0.9316154717886561,
                6.153115301928941
            ],
            "q25%": 1.8555734305580864,
            "q99%": 6.910845260466533,
            "sigma": 2.6107499150701425,
            "q10%": 0.5064290150955552,
            "q75%": 5.772768631314078,
            "2sigma": [
                0.10371616493991358,
                6.824780154071101
            ],
            "q90%": 6.425745936746495,
            "q01%": 0.04440209525477022,
            "median": 4.753975666237586,
            "5sigma": [
                0.0002630580179089674,
                6.998724733900774
            ]
        },
        {
            "3sigma": [
                11.050887419799288,
                14.11008528490236
            ],
            "1sigma": [
                11.888629885404102,
                12.70241947206756
            ],
            "q25%": 12.0199376976249,
            "q99%": 13.453280439683256,
            "sigma": 0.4068947933317286,
            "q10%": 11.770488408221699,
            "q75%": 12.587941318241455,
            "2sigma": [
                11.459142657632563,
                13.190341248623723
            ],
            "q90%": 12.84362124848755,
            "q01%": 11.285780327254086,
            "median": 12.335360680594244,
            "5sigma": [
                0.04089209069576905,
                14.992959768703631
            ]
        }
    ],
    "nested sampling global log-evidence error": 0.3862027118768874,
    "nested sampling global log-evidence": 131.66700705034594,
    "global evidence": 129.5028470350685,
    "modes": [
        {
            "maximum": [
                2580.395329157638,
                -3962.6478091382523,
                8137.917218702471,
                -8442.931110465894,
                4294.57250164212,
                -857.0928878942977,
                0.05001184331205721,
                5.431441157829684,
                12.20115617600967
            ],
            "index": 0,
            "strictly local log-evidence error": 0.07866721754415316,
            "local log-evidence error": 0.07866721754415316,