{
    "nested sampling global log-evidence error": 0.4366795072216322,
    "marginals": [
        {
            "5sigma": [
                2555.2013973494354,
                2647.512279514303
            ],
            "q25%": 2593.66748074505,
            "q90%": 2613.1418812670495,
            "3sigma": [
                2571.264929018281,
                2629.870814419624
            ],
            "q99%": 2624.0144968774453,
            "sigma": 9.886572087064451,
            "q10%": 2587.7921486550063,
            "median": 2600.3473551591364,
            "q01%": 2578.0435373324253,
            "2sigma": [
                2581.8145794495185,
                2619.503880548131
            ],
            "1sigma": [
                2590.5817559963466,
                2610.3549001704755
            ],
            "q75%": 2607.176972412394
        },
        {
            "5sigma": [
                -4329.774211490659,
                -3840.010470228487
            ],
            "q25%": -4118.24115833058,
            "q90%": -4015.197929524576,
            "3sigma": [
                -4239.893453296538,
                -3925.923620719069
            ],
            "q99%": -3962.9168559578475,
            "sigma": 52.74161138873251,
            "q10%": -4150.312509254872,
            "median": -4081.4671440071306,
            "q01%": -4208.415254335428,
            "2sigma": [
                -4184.19978452149,
                -3982.1808956746145
            ],
            "1sigma": [
                -4135.227021039208,
                -4029.743798261743
            ],
            "q75%": -4045.9988668216747
        },
        {
            "5sigma": [
                7900.050610797407,
                8943.742386987573
            ],
            "q25%": 8339.141166752135,
            "q90%": 8559.201282344127,
            "3sigma": [
                8082.87649963674,
                8746.461012240465
            ],
            "q99%": 8680.154564772383,
            "sigma": 111.31888327957131,
            "q10%": 8272.271816348317,
            "median": 8414.354739809287,
            "q01%": 8162.689836253589,
            "2sigma": [
                8202.063477259087,
                8629.965830309953
            ],
            "1sigma": [
                8304.54800995666,
                8527.185776515802
            ],
            "q75%": 8492.009748384646
        },
        {
            "5sigma": [
                -9310.79884690628,
                -8215.07718873543
            ],
            "q25%": -8835.837734964813,
            "q90%": -8606.26636605025,
            "3sigma": [
                -9099.500957043005,
                -8408.397801310874
            ],
            "q99%": -8492.291198234592,
            "sigma": 116.41463554305756,
            "q10%": -8906.780143104774,
            "median": -8754.767399324595,
            "q01%": -9032.202949163448,
            "2sigma": [
                -8981.592328522636,
                -8532.241445841291
            ],
            "1sigma": [
                -8873.296667854062,
                -8640.467396767946
            ],
            "q75%": -8676.997565322756
        },
        {
            "5sigma": [
                4185.9077124688565,
                4753.459196856718
            ],
            "q25%": 4426.299086957585,
            "q90%": 4545.341992511787,
            "3sigma": [
                4287.752231606538,
                4644.733533236452
            ],
            "q99%": 4609.245993162849,
            "sigma": 60.308879401005015,
            "q10%": 4390.108025986438,
            "median": 4466.814343360503,
            "q01%": 4330.926386944805,
            "2sigma": [
                4351.130840606183,
                4583.515170973301
            ],
            "1sigma": [
                4407.521672094503,
                4528.139430896513
            ],
            "q75%": 4508.455302654528
        },
        {
            "5sigma": [
                -952.9114121026669,
                -836.6175894745992
            ],
            "q25%": -902.7647435917588,
            "q90%": -878.6884652859665,
            "3sigma": [
                -930.7923517858991,
                -857.7177988295474
            ],
            "q99%": -866.4965241282057,
            "sigma": 12.301267117730845,
            "q10%": -910.4840060833412,
            "median": -894.420875365088,
            "q01%": -923.4164129195048,
            "2sigma": [
                -918.1627874888675,
                -870.7733182770635
            ],
            "1sigma": [
                -906.8423667493777,
                -882.239832513916
            ],
            "q75%": -886.0249472312704
        },
        {
            "5sigma": [
                0.05438962134911504,
                0.06743468170288668
            ],
            "q25%": 0.06024246040184738,
            "q90%": 0.06280621163890773,
            "3sigma": [
                0.05700119133596247,
                0.06499824067273385
            ],
            "q99%": 0.06423501170794794,
            "sigma": 0.0012883528835997693,
            "q10%": 0.05951812803903862,
            "median": 0.061113498127388234,
            "q01%": 0.05816116123168428,
            "2sigma": [
                0.05863976186027506,
                0.06377642687886456
            ],
            "1sigma": [
                0.0598348375169715,
                0.06241154328417104
            ],
            "q75%": 0.06198706762826515
        },
        {
            "5sigma": [
                0.0011399902248228546,
                6.9998777438382005
            ],
            "q25%": 0.6414712654319148,
            "q90%": 6.916907605591908,
            "3sigma": [
                0.0749464466592522,
                6.998672902661542
            ],
            "q99%": 6.991142771175075,
            "sigma": 3.149255128642084,
            "q10%": 0.4819880585734375,
            "median": 0.8697968795166399,
            "q01%": 0.23232741279631952,
            "2sigma": [
                0.33140761192603047,
                6.982251957323295
            ],
            "1sigma": [
                0.5571425803076598,
                6.855652837591827
            ],
            "q75%": 6.746273145697406
        },
        {
            "5sigma": [
                12.459356285012863,
                13.14661224922932
            ],
            "q25%": 12.730471936102298,
            "q90%": 12.883620319938862,
            "3sigma": [
                12.566668267057212,
                13.021068805632707
            ],
            "q99%": 12.971308150936224,
            "sigma": 0.07566742217412514,
            "q10%": 12.68780762135176,
            "median": 12.778307198747699,
            "q01%": 12.613292518770294,
            "2sigma": [
                12.641510197962477,
                12.941873096640743
            ],
            "1sigma": [
                12.70701952499295,
                12.8583543693412
            ],
            "q75%": 12.827094667808044
        }
    ],
    "nested sampling global log-evidence": 64.25284676395341,
    "global evidence": 60.61337745418038,
    "nested importance sampling global log-evidence": 60.61337745418038,
    "nested importance sampling global log-evidence error": 0.008463798787078506,
    "global evidence error": 0.008463798787078506,
    "modes": [
        {
            "strictly local log-evidence": 60.61337745418038,
            "sigma": [
                9.880676874331058,
                52.59906928520767,
                110.96421061540744,
                115.91543588263704,
                59.94108277752835,
                12.27236488947294,
                0.0013033642784313242,
                2.913726783467542,
                0.075664644972052
            ],
            "local log-evidence error": 0.008463798787078506,
            "strictly local log-evidence error": 0.008463798787078506,