{
    "modes": [
        {
            "strictly local log-evidence error": 0.008244880807675008,
            "strictly local log-evidence": -23.917071768215507,
            "local log-evidence error": 0.008244880807675008,
            "maximum a posterior": [
                2683.399915961687,
                -4497.646905708565,
                9237.77336102257,
                -9562.368009081838,
                4859.050561354765,
                -969.9829618600143,
                0.037881059693880226,
                2.1630534799301113,
                11.206312390809714
            ],
            "mean": [
                2679.453647548106,
                -4476.53237005532,
                9193.092825809264,
                -9515.621384320633,
                4834.861637262893,
                -965.0287721865137,
                0.0381940994497806,
                2.2075235732104805,
                11.222298452396709
            ],
            "sigma": [
                6.532386245321281,
                35.45197444918577,
                76.2338828127454,
                81.16396613927253,
                42.77435385789356,
                8.925477781108771,
                0.001744557574581427,
                0.31368990951709674,
                0.07625110231103072
            ],
            "maximum": [
                2683.399915961687,
                -4497.646905708565,
                9237.77336102257,
                -9562.368009081838,
                4859.050561354765,
                -969.9829618600143,
                0.037881059693880226,
                2.1630534799301113,
                11.206312390809714
            ],
            "index": 0,
            "local log-evidence": -23.917071768215507
        }
    ],
    "nested sampling global log-evidence": -19.95843404376903,
    "nested importance sampling global log-evidence error": 0.008244880807675008,
    "global evidence": -23.917071768215507,
    "global evidence error": 0.008244880807675008,
    "nested importance sampling global log-evidence": -23.917071768215507,
    "marginals": [
        {
            "q90%": 2687.6931444030397,
            "q10%": 2670.948273256276,
            "median": 2679.4935552617553,
            "q99%": 2694.392778658983,
            "1sigma": [
                2672.959319644641,
                2685.9145969536535
            ],
            "q75%": 2683.8842413554453,
            "5sigma": [
                2647.729703658913,
                2709.611139229532
            ],
            "q25%": 2675.2003407701636,
            "sigma": 6.477638654506336,
            "2sigma": [
                2666.310569352082,
                2692.1805396649515
            ],
            "q01%": 2663.917690464141,
            "3sigma": [
                2660.0510460245664,
                2699.703654813701
            ]
        },
        {
            "q90%": -4430.539659386025,
            "q10%": -4521.603012252332,
            "median": -4476.90665724759,
            "q99%": -4392.894350473581,
            "1sigma": [
                -4511.392945240808,
                -4441.324981047684
            ],
            "q75%": -4453.358553085051,
            "5sigma": [
                -4641.133684676488,
                -4308.065365771006
            ],
            "q25%": -4500.341522715393,
            "sigma": 35.03398209656234,
            "2sigma": [
                -4545.60173523441,
                -4405.735453947177
            ],
            "q01%": -4556.835131061101,
            "3sigma": [
                -4588.404283375827,
                -4371.310685987764
            ]
        },
        {
            "q90%": 9289.96016427888,
            "q10%": 9094.558968182522,
            "median": 9193.375036976775,
            "q99%": 9366.007908097325,
            "1sigma": [
                9117.513323512501,
                9267.714330645698
            ],
            "q75%": 9244.379448894219,
            "5sigma": [
                8834.8180964237,
                9547.944014465505
            ],
            "q25%": 9143.321153838644,
            "sigma": 75.10050356659849,
            "2sigma": [
                9040.579558893323,
                9342.001626823043
            ],
            "q01%": 9014.40486055158,
            "3sigma": [
                8965.925149247436,
                9434.10728797212
            ]
        },
        {
            "q90%": -9410.616285283022,
            "q10%": -9620.093296763833,
            "median": -9516.016966959896,
            "q99%": -9325.008706745568,
            "1sigma": [
                -9594.316368133814,
                -9435.210972663723
            ],
            "q75%": -9462.119855733374,
            "5sigma": [
                -9895.627199631483,
                -9137.83929066795
            ],
            "q25%": -9570.479963726739,
            "sigma": 79.55269773504551,
            "2sigma": [
                -9673.520517255418,
                -9352.445927497087
            ],
            "q01%": -9700.555604590003,
            "3sigma": [
                -9771.2755661253,
                -9273.852877134634
            ]
        },
        {
            "q90%": 4890.10483480228,
            "q10%": 4779.3344871802165,
            "median": 4835.232316171181,
            "q99%": 4931.98895322626,
            "1sigma": [
                4792.160558818985,
                4876.2968785813955
            ],
            "q75%": 4864.015593159964,
            "5sigma": [
                4637.657622932378,
                5035.937538140133
            ],
            "q25%": 4806.350767808981,
            "sigma": 42.06815988120525,
            "2sigma": [
                4749.385323842435,
                4918.469555327619
            ],
            "q01%": 4734.783763463758,
            "3sigma": [
                4707.268092574657,
                4968.858957818562
            ]
        },
        {
            "q90%": -953.5106611666167,
            "q10%": -976.4622375462286,
            "median": -965.1463170267215,
            "q99%": -944.01107334443,
            "1sigma": [
                -973.7108814352322,
                -956.1765279224685
            ],
            "q75%": -959.0840844021875,
            "5sigma": [
                -1007.229287151262,
                -924.333092703304
            ],
            "q25%": -971.0913594306122,
            "sigma": 8.767176756381843,
            "2sigma": [
                -982.4864797261489,
                -947.1556829331543
            ],
            "q01%": -985.5809368592712,
            "3sigma": [
                -992.8256703290176,
                -938.758224878101
            ]
        },
        {
            "q90%": 0.04040672593917015,
            "q10%": 0.03595892459831006,
            "median": 0.03820819533168223,
            "q99%": 0.04227551962780577,
            "1sigma": [
                0.03646522070480132,
                0.03994093442721837
            ],
            "q75%": 0.039367024780522245,
            "5sigma": [
                0.030682253984279474,
                0.04705884423504439
            ],
            "q25%": 0.037001042470920634,
            "sigma": 0.001737856861208524,
            "2sigma": [
                0.03475260561048877,
                0.041586737927150286
            ],
            "q01%": 0.034161506347465544,
            "3sigma": [
                0.03311489728283941,
                0.04349949132403604
            ]
        },
        {
            "q90%": 2.6149821891427276,
            "q10%": 1.800721875310652,
            "median": 2.2000395494656226,
            "q99%": 2.970842955610677,
            "1sigma": [
                1.8967768052689082,
                2.5198017399315975
            ],
            "q75%": 2.41069170177572,
            "5sigma": [
                0.7383011383315561,
                3.853711522434771
            ],