{
    "global evidence error": 0.031424916767817467,
    "marginals": [
        {
            "q25%": 7.46852849888643,
            "q99%": 7.468561785759061,
            "5sigma": [
                7.46833720725042,
                7.468572425016623
            ],
            "median": 7.468542122721717,
            "3sigma": [
                7.468437939181351,
                7.46856421883725
            ],
            "sigma": 1.7153373337297495e-05,
            "1sigma": [
                7.468519272126545,
                7.46855357887322
            ],
            "q01%": 7.468469282543472,
            "q75%": 7.468550833618109,
            "q90%": 7.468555987847085,
            "q10%": 7.468510815644488,
            "2sigma": [
                7.468486805685075,
                7.468559992759135
            ]
        },
        {
            "q25%": -2.565694155596789,
            "q99%": -2.5654158309675537,
            "5sigma": [
                -2.566412101645349,
                -2.5652038333983542
            ],
            "median": -2.5656263447629617,
            "3sigma": [
                -2.566002760912956,
                -2.565361164832974
            ],
            "sigma": 9.979919449665253e-05,
            "1sigma": [
                -2.5657317473247567,
                -2.5655321489357634
            ],
            "q01%": -2.5658998403957294,
            "q75%": -2.5655607790564248,
            "q90%": -2.5655069567996915,
            "q10%": -2.5657680128495852,
            "2sigma": [
                -2.5658486302832837,
                -2.565450657910216
            ]
        },
        {
            "q25%": -0.04653418081510299,
            "q99%": -0.045703262520220445,
            "5sigma": [
                -0.04761362091152734,
                -0.04475044942719591
            ],
            "median": -0.046349141771940924,
            "3sigma": [
                -0.047115519869474626,
                -0.04545340030279544
            ],
            "sigma": 0.0002582329660376116,
            "1sigma": [
                -0.046615516693999125,
                -0.0460990507619239
            ],
            "q01%": -0.046961849027886575,
            "q75%": -0.04618029609401037,
            "q90%": -0.04601083642699128,
            "q10%": -0.046693430151853774,
            "2sigma": [
                -0.04685646239944131,
                -0.04579828884127901
            ]
        },
        {
            "q25%": -0.0095755871351644,
            "q99%": -0.005661806053143309,
            "5sigma": [
                -0.01430040326590454,
                -5.343859925580582e-05
            ],
            "median": -0.008758403349212796,
            "3sigma": [
                -0.012158265780665825,
                -0.004535289030351545
            ],
            "sigma": 0.0012449324241161149,
            "1sigma": [
                -0.010008179347066427,
                -0.007518314498834197
            ],
            "q01%": -0.011462276818444018,
            "q75%": -0.00795933081921399,
            "q90%": -0.007098736630330293,
            "q10%": -0.010273535824890573,
            "2sigma": [
                -0.011080846581652657,
                -0.006159713463042848
            ]
        },
        {
            "q25%": 0.05445505144564553,
            "q99%": 0.06346850343361014,
            "5sigma": [
                0.04252308434112051,
                0.07022516349648843
            ],
            "median": 0.05644946091517265,
            "3sigma": [
                0.04813740054561562,
                0.06534929037933386
            ],
            "sigma": 0.002952075907913264,
            "1sigma": [
                0.0534576370297428,
                0.05936178884556933
            ],
            "q01%": 0.049751145597023684,
            "q75%": 0.058418986343630505,
            "q90%": 0.060145275354142505,
            "q10%": 0.05276249092890624,
            "2sigma": [
                0.05084352512787686,
                0.06223275388659353
            ]
        },
        {
            "q25%": 1.950407632566896,
            "q99%": 1.9996053188565683,
            "5sigma": [
                1.6081406058518468,
                1.9999865859206116
            ],
            "median": 1.973611408669667,
            "3sigma": [
                1.7904704584006053,
                1.9999027264049154
            ],
            "sigma": 0.029305808746524553,
            "1sigma": [
                1.9346701601861973,
                1.9932817776792464
            ],
            "q01%": 1.8484852772555973,
            "q75%": 1.9890471955762772,
            "q90%": 1.9959553921359834,
            "q10%": 1.9198543380915039,
            "2sigma": [
                1.8779836602620077,
                1.9989610195239844
            ]
        },
        {
            "q25%": 77.98374487665221,
            "q99%": 78.37938177275656,
            "5sigma": [
                77.36173715757235,
                78.72226774447614
            ],
            "median": 78.07499957906944,
            "3sigma": [
                77.64368205317821,
                78.45469410115086
            ],
            "sigma": 0.13670105624836992,
            "1sigma": [
                77.93570103400715,
                78.20910314650389
            ],
            "q01%": 77.74152473411988,
            "q75%": 78.1675000479889,
            "q90%": 78.24541212373127,
            "q10%": 77.89657246584966,
            "2sigma": [
                77.79796508857076,
                78.33231813717667
            ]
        },
        {
            "q25%": 10.254191987516524,
            "q99%": 10.48770990665233,
            "5sigma": [
                9.566712049703643,
                10.619283225242697
            ],
            "median": 10.313183189693328,
            "3sigma": [
                9.954759459859979,
                10.517212108289922
            ],
            "sigma": 0.08424090703133835,
            "1sigma": [
                10.223662134690299,
                10.392143948752976
            ],
            "q01%": 10.05843039759144,
            "q75%": 10.37113875502078,
            "q90%": 10.410867763603312,
            "q10%": 10.19494596781669,
            "2sigma": [
                10.111881266039074,
                10.46069129120541
            ]
        }
    ],
    "modes": [
        {
            "maximum": [
                7.46855599723699,
                -2.565594379665754,
                -0.046519571659018766,
                -0.009030711620198417,
                0.05664717797276353,
                1.996694668200976,
                78.03747537463767,
                10.372018031208437
            ],
            "mean": [
                7.468537036644189,
                -2.5656321757304665,
                -0.046352657050530446,
                -0.008734220187332725,
                0.056448802301067275,
                1.964274440100911,
                78.07303076446092,
                10.307143108502956
            ],
            "maximum a posterior": [
                7.46855599723699,
                -2.565594379665754,
                -0.046519571659018766,
                -0.009030711620198417,
                0.05664717797276353,
                1.996694668200976,
                78.03747537463767,
                10.372018031208437
            ],
            "strictly local log-evidence": -110.68270492865373,
            "index": 0,
            "local log-evidence error": 0.031424916767817467,
            "local log-evidence": -110.68270492865373,
            "sigma": [
                1.9395245169012746e-05,
                0.0001016468094095413,
                0.0002679287439567992,
                0.0012465479107514202,
                0.002938738480682652,
                0.033240237974623284,
                0.1374336425484479,
                0.08828541402021073
            ],