{
    "global evidence error": 0.023760253995724297,
    "modes": [
        {
            "strictly local log-evidence error": 0.023760253995724297,
            "maximum": [
                7.4674980541258265,
                -2.569806710280318,
                -0.03286597646729206,
                0.051262473927636165,
                0.09586587437843264,
                0.7480630826728544,
                56.4422607467874,
                3.7434026071443283
            ],
            "sigma": [
                1.3486991523486091e-06,
                1.7200536295448745e-05,
                0.0002715776939909339,
                0.0009392908833981784,
                0.00346039859397291,
                0.07208200261406977,
                0.30351719819371703,
                0.18627971242503066
            ],
            "mean": [
                7.467498044529448,
                -2.569799437555611,
                -0.032757635413053994,
                0.05084931843879263,
                0.09403540693580396,
                0.7536709508227012,
                56.42705803394479,
                3.791156191946926
            ],
            "strictly local log-evidence": -128.50776074880275,
            "local log-evidence error": 0.023760253995724297,
            "index": 0,
            "local log-evidence": -128.50776074880275,
            "maximum a posterior": [
                7.4674980541258265,
                -2.569806710280318,
                -0.03286597646729206,
                0.051262473927636165,
                0.09586587437843264,
                0.7480630826728544,
                56.4422607467874,
                3.7434026071443283
            ]
        }
    ],
    "nested sampling global log-evidence": -127.17431388340445,
    "global evidence": -128.50776074880275,
    "nested importance sampling global log-evidence error": 0.023760253995724297,
    "nested sampling global log-evidence error": 0.5146031978328772,
    "marginals": [
        {
            "median": 7.467498064504128,
            "2sigma": [
                7.467495223891531,
                7.46750085039466
            ],
            "1sigma": [
                7.467496572464857,
                7.4674994999597955
            ],
            "q01%": 7.4674947353929415,
            "q10%": 7.467496148130244,
            "sigma": 1.4637474690104568e-06,
            "q99%": 7.467501356350048,
            "3sigma": [
                7.467493514690326,
                7.467502140473044
            ],
            "q75%": 7.467499054487845,
            "q25%": 7.467497049404411,
            "q90%": 7.467499875551982,
            "5sigma": [
                7.467490539002935,
                7.467504777563363
            ]
        },
        {
            "median": -2.569799830699157,
            "2sigma": [
                -2.5698332337938083,
                -2.569765294353986
            ],
            "1sigma": [
                -2.5698164693496124,
                -2.5697821148134716
            ],
            "q01%": -2.5698403405252885,
            "q10%": -2.569821237770082,
            "sigma": 1.717726807037856e-05,
            "q99%": -2.569758285927156,
            "3sigma": [
                -2.569852728602483,
                -2.5697454906996104
            ],
            "q75%": -2.5697880053318496,
            "q25%": -2.569811059384575,
            "q90%": -2.5697773486828206,
            "5sigma": [
                -2.5698860855052086,
                -2.569722026155569
            ]
        },
        {
            "median": -0.03277153368224447,
            "2sigma": [
                -0.03325822120228645,
                -0.03222166640369125
            ],
            "1sigma": [
                -0.03302357885306563,
                -0.032483589235150365
            ],
            "q01%": -0.03335923151874563,
            "q10%": -0.03309987346026028,
            "sigma": 0.0002699948089576326,
            "q99%": -0.03210367443635774,
            "3sigma": [
                -0.03354437557899941,
                -0.03189992871947349
            ],
            "q75%": -0.032575063576856224,
            "q25%": -0.03294626501174759,
            "q90%": -0.03240164230641472,
            "5sigma": [
                -0.033893127239550354,
                -0.0313522028775309
            ]
        },
        {
            "median": 0.050875216558935565,
            "2sigma": [
                0.04894605809020891,
                0.05261471156188318
            ],
            "1sigma": [
                0.04990008620181986,
                0.0517824129228508
            ],
            "q01%": 0.04860399008583944,
            "q10%": 0.04962568345176666,
            "sigma": 0.00094116336051547,
            "q99%": 0.053012327558339206,
            "3sigma": [
                0.04783914608424145,
                0.053755534388122035
            ],
            "q75%": 0.051490924014620625,
            "q25%": 0.050250463836259474,
            "q90%": 0.052025413734883064,
            "5sigma": [
                0.0461891536434719,
                0.05529179223649965
            ]
        },
        {
            "median": 0.09406970786367298,
            "2sigma": [
                0.08708535025693416,
                0.10058942759339971
            ],
            "1sigma": [
                0.09056035463358628,
                0.09754247912275776
            ],
            "q01%": 0.08595406710383957,
            "q10%": 0.08960788793734842,
            "sigma": 0.0034910622445857437,
            "q99%": 0.10195852493917658,
            "3sigma": [
                0.08346920372422038,
                0.10449344147946377
            ],
            "q75%": 0.09639134005938563,
            "q25%": 0.09169242195096682,
            "q90%": 0.09839965891600044,
            "5sigma": [
                0.07740966202739435,
                0.10909265306131839
            ]
        },
        {
            "median": 0.7481885243234605,
            "2sigma": [
                0.625343299621583,
                0.9123355417007478
            ],
            "1sigma": [
                0.6844482640467111,
                0.8216389771959713
            ],
            "q01%": 0.6014907261444938,
            "q10%": 0.6682553496769486,
            "sigma": 0.06859535657463012,
            "q99%": 0.9575144434355868,
            "3sigma": [
                0.5636302224772692,
                1.0078567397285068
            ],
            "q75%": 0.7983206049167328,
            "q25%": 0.7039796929272806,
            "q90%": 0.8456489592052534,
            "5sigma": [
                0.48286033440480663,
                1.3233595710364714
            ]
        },
        {
            "median": 56.44688180703071,
            "2sigma": [
                55.77947575363433,
                56.969524100958246
            ],
            "1sigma": [
                56.12863778508996,
                56.7255102797449
            ],
            "q01%": 55.62751564212449,
            "q10%": 56.03739807030036,
            "sigma": 0.29843624732747287,
            "q99%": 57.07255201022216,
            "3sigma": [
                55.31712725934493,
                57.24195453379328
            ],
            "q75%": 56.634610202451874,
            "q25%": 56.22969042560382,
            "q90%": 56.79914026148863,
            "5sigma": [
                54.31499923194935,
                57.63954526531042
            ]
        },
        {
            "median": 3.7839159021912327,
            "2sigma": [
                3.4445076987104835,
                4.184458302500501
            ],
            "1sigma": [
                3.6073844469227856,
                3.975052342148212
            ],
            "q01%": 3.3943879996981243,
            "q10%": 3.5592943048320125,
            "sigma": 0.1838339476127131,
            "q99%": 4.271710302419558,