{
    "nested importance sampling global log-evidence error": 0.43516086716154734,
    "modes": [
        {
            "sigma": [
                4.1295309247228556e-07,
                1.6323404237781945e-07,
                1.2990531157078367e-07,
                5.840038639982171e-07,
                2.78041453115716e-06,
                9.657056180250437e-08,
                2.7392209274950164e-06,
                1.2615925364802316e-06
            ],
            "strictly local log-evidence": -1556241540.396751,
            "local log-evidence error": 0.43516086716154734,
            "strictly local log-evidence error": 0.43516086716154734,
            "local log-evidence": -1556241540.396751,
            "mean": [
                7.462540803546948,
                -2.291612865452256,
                1.8789519042291545,
                -8.269600418928743,
                -33.27401669471693,
                1.649584410939659,
                41.61218285596915,
                23.416257285648438
            ],
            "index": 0,
            "maximum": [
                7.462540803431693,
                -2.2916128705874144,
                1.878951904898713,
                -8.269600413155786,
                -33.27401667230697,
                1.649584411951169,
                41.612179860687036,
                23.416258176554773
            ],
            "maximum a posterior": [
                7.462540803431693,
                -2.2916128705874144,
                1.878951904898713,
                -8.269600413155786,
                -33.27401667230697,
                1.649584411951169,
                41.612179860687036,
                23.416258176554773
            ]
        }
    ],
    "nested sampling global log-evidence": -1556241542.2868826,
    "marginals": [
        {
            "sigma": 1.3096723705530167e-10,
            "q01%": 7.462540803251613,
            "q75%": 7.462540803639058,
            "q25%": 7.46254080345534,
            "q90%": 7.46254080370818,
            "5sigma": [
                7.462540799773482,
                7.462540804359057
            ],
            "2sigma": [
                7.462540803295269,
                7.462540803790034
            ],
            "median": 7.462540803548109,
            "q99%": 7.462540803839147,
            "1sigma": [
                7.462540803415322,
                7.462540803677257
            ],
            "q10%": 7.462540803375305,
            "3sigma": [
                7.462540803184311,
                7.462540803950105
            ]
        },
        {
            "sigma": 2.62053978516974e-09,
            "q01%": -2.2916128708347405,
            "q75%": -2.2916128642027616,
            "q25%": -2.2916128673760294,
            "q90%": -2.2916128617580083,
            "5sigma": [
                -2.291612897841139,
                -2.291612834566886
            ],
            "2sigma": [
                -2.2916128701154204,
                -2.2916128579137367
            ],
            "median": -2.291612865847128,
            "q99%": -2.2916128535889584,
            "1sigma": [
                -2.2916128681551298,
                -2.29161286291405
            ],
            "q10%": -2.2916128688995663,
            "3sigma": [
                -2.2916128722639293,
                -2.2916128467579338
            ]
        },
        {
            "sigma": 7.685230229981244e-10,
            "q01%": 1.878951902002882,
            "q75%": 1.878951904733185,
            "q25%": 1.8789519037745777,
            "q90%": 1.878951905251597,
            "5sigma": [
                1.8789518864887214,
                1.8789519382527278
            ],
            "2sigma": [
                1.8789519024686905,
                1.8789519057705715
            ],
            "median": 1.878951904243877,
            "q99%": 1.8789519060446764,
            "1sigma": [
                1.8789519034817204,
                1.8789519050187664
            ],
            "q10%": 1.878951903196139,
            "3sigma": [
                1.8789519003713986,
                1.8789519066608826
            ]
        },
        {
            "sigma": 5.477771125583786e-09,
            "q01%": -8.269600433190135,
            "q75%": -8.269600415024629,
            "q25%": -8.269600422425249,
            "q90%": -8.269600412043452,
            "5sigma": [
                -8.269600498680344,
                -8.269600365441345
            ],
            "2sigma": [
                -8.269600430581704,
                -8.269600409774633
            ],
            "median": -8.269600418743913,
            "q99%": -8.269600408283887,
            "1sigma": [
                -8.269600424168386,
                -8.269600413212844
            ],
            "q10%": -8.269600425752706,
            "3sigma": [
                -8.269600438891272,
                -8.2696004056373
            ]
        },
        {
            "sigma": 1.3051923986040492e-08,
            "q01%": -33.27401672605626,
            "q75%": -33.27401668575583,
            "q25%": -33.274016703402665,
            "q90%": -33.27401667840422,
            "5sigma": [
                -33.27401693281356,
                -33.274016605167496
            ],
            "2sigma": [
                -33.27401672101415,
                -33.27401667038826
            ],
            "median": -33.27401669461625,
            "q99%": -33.2740166642242,
            "1sigma": [
                -33.27401670766947,
                -33.27401668156562
            ],
            "q10%": -33.27401671138732,
            "3sigma": [
                -33.274016736212545,
                -33.27401665303701
            ]
        },
        {
            "sigma": 1.251591608131264e-09,
            "q01%": 1.6495844078155029,
            "q75%": 1.649584411799688,
            "q25%": 1.6495844101733415,
            "q90%": 1.6495844124647712,
            "5sigma": [
                1.6495843888568784,
                1.6495844568181302
            ],
            "2sigma": [
                1.649584408267567,
                1.6495844132286355
            ],
            "median": 1.6495844110230713,
            "q99%": 1.6495844135501672,
            "1sigma": [
                1.649584409659843,
                1.6495844121630263
            ],
            "q10%": 1.6495844091458318,
            "3sigma": [
                1.649584406363696,
                1.649584414319755
            ]
        },
        {
            "sigma": 1.61368035378473e-06,
            "q01%": 41.61217927874937,
            "q75%": 41.6121836232845,
            "q25%": 41.61218162111383,
            "q90%": 41.61218529139172,
            "5sigma": [
                41.61216221399312,
                41.6122107272339
            ],
            "2sigma": [
                41.61217974082551,
                41.6121882828094
            ],
            "median": 41.61218256697708,
            "q99%": 41.61219042799264,
            "1sigma": [
                41.61218113653028,
                41.61218436389099
            ],
            "q10%": 41.61218073884993,
            "3sigma": [
                41.61217883324705,
                41.61219359584707
            ]
        },
        {
            "sigma": 7.71927377130055e-07,
            "q01%": 23.416255108161934,
            "q75%": 23.41625780301865,
            "q25%": 23.416256820941193,
            "q90%": 23.416258363638445,
            "5sigma": [
                23.416249060531985,
                23.41627303229044
            ],
            "2sigma": [
                23.416255794374383,
                23.41625874279123
            ],
            "median": 23.416257247124957,
            "q99%": 23.416258854977453,
            "1sigma": [
                23.41625656919078,
                23.416258113045533
            ],
            "q10%": 23.41625636547367,