{
    "marginals": [
        {
            "q75%": 7.46835517560453,
            "q99%": 7.468434912427418,
            "q01%": 7.4680673497398065,
            "sigma": 8.558401086711243e-05,
            "2sigma": [
                7.468105944492862,
                7.468423644523258
            ],
            "q90%": 7.468394696961126,
            "3sigma": [
                7.467993027246665,
                7.468457803568341
            ],
            "5sigma": [
                7.467864077113494,
                7.468468257508072
            ],
            "median": 7.468303204004696,
            "q10%": 7.468178407110262,
            "1sigma": [
                7.4682053833138635,
                7.468376551335598
            ],
            "q25%": 7.468239343424013
        },
        {
            "q75%": -2.5663051043205134,
            "q99%": -2.5659388543447212,
            "q01%": -2.567489479613824,
            "sigma": 0.0003587351461962207,
            "2sigma": [
                -2.567338833603673,
                -2.566009009110597
            ],
            "q90%": -2.5661365188392264,
            "3sigma": [
                -2.567821400547041,
                -2.565862403725145
            ],
            "5sigma": [
                -2.5684064851776998,
                -2.5658211382232894
            ],
            "median": -2.566530691271936,
            "q10%": -2.567039994669716,
            "1sigma": [
                -2.5669250340646066,
                -2.566207563772214
            ],
            "q25%": -2.5667868991735205
        },
        {
            "q75%": -0.04479211834956334,
            "q99%": -0.04366203820605284,
            "q01%": -0.04604307315548998,
            "sigma": 0.0005334590518356677,
            "2sigma": [
                -0.04596431628121162,
                -0.043946975813250896
            ],
            "q90%": -0.044402072611509316,
            "3sigma": [
                -0.046234817821425786,
                -0.0431790265124497
            ],
            "5sigma": [
                -0.04634211385928211,
                -0.04200175428633991
            ],
            "median": -0.04518389449367292,
            "q10%": -0.04575548447040739,
            "1sigma": [
                -0.045648003064920985,
                -0.04458108496124965
            ],
            "q25%": -0.04551148681798533
        },
        {
            "q75%": 0.004512837475303555,
            "q99%": 0.013284800635181206,
            "q01%": -0.006142047715389442,
            "sigma": 0.004447780031426533,
            "2sigma": [
                -0.0052667651087750286,
                0.011268617250830568
            ],
            "q90%": 0.007719272266426162,
            "3sigma": [
                -0.0068708659922389935,
                0.017398105194078972
            ],
            "5sigma": [
                -0.007659179627808044,
                0.0263703893998241
            ],
            "median": 0.0013748744862789172,
            "q10%": -0.0035509475987472523,
            "1sigma": [
                -0.0026519106928948816,
                0.006243649369958184
            ],
            "q25%": -0.0015452459483809185
        },
        {
            "q75%": 0.07456433577712082,
            "q99%": 0.08589839660739913,
            "q01%": 0.05967623702154717,
            "sigma": 0.006103121329066263,
            "2sigma": [
                0.060956927295117876,
                0.08332900035321898
            ],
            "q90%": 0.07869164533962254,
            "3sigma": [
                0.057487632479280446,
                0.09147203270033956
            ],
            "5sigma": [
                0.056873614735639226,
                0.10444090129125727
            ],
            "median": 0.07035756520361175,
            "q10%": 0.06339769193959013,
            "1sigma": [
                0.06469429704046147,
                0.07690053969859399
            ],
            "q25%": 0.06630707916999698
        },
        {
            "q75%": 1.6074494157731198,
            "q99%": 1.759002385073858,
            "q01%": 1.0912083579262513,
            "sigma": 0.1547522307508965,
            "2sigma": [
                1.1626486574468944,
                1.732977360908274
            ],
            "q90%": 1.6804433720199976,
            "3sigma": [
                0.958282948167977,
                1.7945847688661498
            ],
            "5sigma": [
                0.7306779786481699,
                1.811588570089062
            ],
            "median": 1.5119186480553253,
            "q10%": 1.2908964389106983,
            "1sigma": [
                1.3390602086113768,
                1.6485646701131698
            ],
            "q25%": 1.3989405003579307
        },
        {
            "q75%": 77.94771037526529,
            "q99%": 78.16115519407596,
            "q01%": 77.4782338194263,
            "sigma": 0.14898333285650267,
            "2sigma": [
                77.53459355562363,
                78.11106017263347
            ],
            "q90%": 78.02820742757181,
            "3sigma": [
                77.3606914648077,
                78.24394048854532
            ],
            "5sigma": [
                76.92916305227764,
                78.47748293403454
            ],
            "median": 77.8485753732974,
            "q10%": 77.6427028295477,
            "1sigma": [
                77.69087207022152,
                77.98883873593452
            ],
            "q25%": 77.74368906098644
        },
        {
            "q75%": 9.90733828490604,
            "q99%": 10.162244200018385,
            "q01%": 8.703989880430779,
            "sigma": 0.3144054996715786,
            "2sigma": [
                8.915048369925513,
                10.12517759594786
            ],
            "q90%": 10.028498139943318,
            "3sigma": [
                8.280674155816557,
                10.222440344456345
            ],
            "5sigma": [
                7.452025727026695,
                10.252389340087026
            ],
            "median": 9.728080393910568,
            "q10%": 9.230596638354472,
            "1sigma": [
                9.348537512331129,
                9.977348511674286
            ],
            "q25%": 9.483153586093003
        }
    ],
    "global evidence": -37.93889495355987,
    "nested sampling global log-evidence error": 0.5132757638765053,
    "nested importance sampling global log-evidence": -37.93889495355987,
    "modes": [
        {
            "strictly local log-evidence error": 0.014178180499721185,
            "strictly local log-evidence": -37.93889495355987,
            "maximum": [
                7.468392651548129,
                -2.5661514766688924,
                -0.04564247628331941,
                -0.0029691975159948925,
                0.06471935290574038,
                1.67979449431362,
                77.9268899241324,
                9.980299852810937
            ],
            "local log-evidence": -37.93889495355987,
            "maximum a posterior": [
                7.468392651548129,
                -2.5661514766688924,
                -0.04564247628331941,
                -0.0029691975159948925,
                0.06471935290574038,
                1.67979449431362,
                77.9268899241324,
                9.980299852810937
            ],
            "sigma": [
                8.357162121382883e-05,
                0.00034932703674630036,
                0.0005296408626724343,
                0.004341902438835134,
                0.005920652163022415,
                0.1511422256964961,
                0.148165311989808,
                0.3218145802589092
            ],
            "local log-evidence error": 0.014178180499721185,
            "index": 0,