{
    "marginals": [
        {
            "5sigma": [
                7.468218985428216,
                7.468619661899955
            ],
            "3sigma": [
                7.468329532980801,
                7.468616842970597
            ],
            "q75%": 7.468587852892806,
            "q25%": 7.4685136364782085,
            "sigma": 5.288247307566607e-05,
            "q90%": 7.468603675206172,
            "median": 7.468556884320533,
            "2sigma": [
                7.468418119678043,
                7.468611417465096
            ],
            "q99%": 7.468613253795445,
            "q01%": 7.4683915148689195,
            "q10%": 7.468470861371572,
            "1sigma": [
                7.46849193480805,
                7.468597699754201
            ]
        },
        {
            "5sigma": [
                -2.5674992530901823,
                -2.5660314436711174
            ],
            "3sigma": [
                -2.567115612361545,
                -2.5661183371709755
            ],
            "q75%": -2.5663202250421855,
            "q25%": -2.566553104725396,
            "sigma": 0.00016758962599072724,
            "q90%": -2.566254437463186,
            "median": -2.5664197357206326,
            "2sigma": [
                -2.5668437670818904,
                -2.5661885560423734
            ],
            "q99%": -2.5661643670164844,
            "q01%": -2.5669191710956576,
            "q10%": -2.566673244974027,
            "1sigma": [
                -2.566620533152439,
                -2.5662853539004575
            ]
        },
        {
            "5sigma": [
                -0.05031273394851141,
                -0.04651574378367193
            ],
            "3sigma": [
                -0.049786194472538424,
                -0.04737326372312728
            ],
            "q75%": -0.048647929590046254,
            "q25%": -0.04915363717840552,
            "sigma": 0.00038735760802495814,
            "q90%": -0.04834037522749008,
            "median": -0.048931497609951004,
            "2sigma": [
                -0.04950910386554189,
                -0.04796195853681651
            ],
            "q99%": -0.04776244231180209,
            "q01%": -0.049603187027990506,
            "q10%": -0.049333198220587675,
            "1sigma": [
                -0.049255446875868455,
                -0.04848073165981854
            ]
        },
        {
            "5sigma": [
                -0.0024111087215889435,
                0.014048801564979903
            ],
            "3sigma": [
                -0.0014549857711333462,
                0.009421758457974985
            ],
            "q75%": 0.0033620550438864753,
            "q25%": 0.0008557862675220451,
            "sigma": 0.0018170629369128686,
            "q90%": 0.004673473425831401,
            "median": 0.0019412519093430455,
            "2sigma": [
                -0.0005980189861059638,
                0.006581411250947115
            ],
            "q99%": 0.0073614589945918095,
            "q01%": -0.0009820657318261692,
            "q10%": 0.00011641903846578295,
            "1sigma": [
                0.00045187504129774855,
                0.004086000915123486
            ]
        },
        {
            "5sigma": [
                0.07855006168803577,
                0.1029008719677352
            ],
            "3sigma": [
                0.08170776172372028,
                0.09742327688047939
            ],
            "q75%": 0.09071752131589281,
            "q25%": 0.08716024570367936,
            "sigma": 0.0026219351779017755,
            "q90%": 0.09248960832362094,
            "median": 0.0889267101773379,
            "2sigma": [
                0.08412734379513023,
                0.09444481329840365
            ],
            "q99%": 0.09545541209626754,
            "q01%": 0.08326182873658629,
            "q10%": 0.0856751147447003,
            "1sigma": [
                0.0863871350412773,
                0.09163100539708086
            ]
        },
        {
            "5sigma": [
                1.3056988331005017,
                1.9999756289660948
            ],
            "3sigma": [
                1.5028324918732348,
                1.9998827454399428
            ],
            "q75%": 1.9549716736516987,
            "q25%": 1.8239734879071094,
            "sigma": 0.09260283900981758,
            "q90%": 1.9828289642767152,
            "median": 1.9007956711861715,
            "2sigma": [
                1.655574421177775,
                1.9958485550377687
            ],
            "q99%": 1.998360754546802,
            "q01%": 1.6144514368754241,
            "q10%": 1.7490533631316159,
            "1sigma": [
                1.786475857564261,
                1.9716815355838961
            ]
        },
        {
            "5sigma": [
                76.23749589588233,
                77.26528375907104
            ],
            "3sigma": [
                76.45347428681085,
                77.10407306425812
            ],
            "q75%": 76.85838255586708,
            "q25%": 76.70778443107204,
            "sigma": 0.11026872620705319,
            "q90%": 76.92173113198604,
            "median": 76.78303283286041,
            "2sigma": [
                76.56229392803836,
                76.99492341773829
            ],
            "q99%": 77.02964985657513,
            "q01%": 76.51613451444524,
            "q10%": 76.6426219567946,
            "1sigma": [
                76.67237238913104,
                76.89290984154515
            ]
        },
        {
            "5sigma": [
                9.201757749960034,
                10.88799315054114
            ],
            "3sigma": [
                9.75214438134531,
                10.820214247057113
            ],
            "q75%": 10.663815918052284,
            "q25%": 10.420206182195932,
            "sigma": 0.17263091083602244,
            "q90%": 10.715909588985243,
            "median": 10.561664303675325,
            "2sigma": [
                10.095346387828027,
                10.765543754974384
            ],
            "q99%": 10.783888471903072,
            "q01%": 9.996657748262946,
            "q10%": 10.280500097172117,
            "1sigma": [
                10.3503573586019,
                10.695619180273946
            ]
        }
    ],
    "nested importance sampling global log-evidence error": 0.04740806362325696,
    "global evidence error": 0.04740806362325696,
    "nested sampling global log-evidence": -555.6807868818507,
    "modes": [
        {
            "mean": [
                7.468545647244292,
                -2.5664483711463655,
                -0.04887873267922114,
                0.0022236548676399445,
                0.08901811320570274,
                1.880363049235102,
                76.7816599271709,
                10.525583282462497
            ],
            "local log-evidence error": 0.04740806362325696,
            "sigma": [
                5.261912084438871e-05,
                0.00017045289459753461,
                0.00039345958131309535,
                0.001856186659457548,
                0.0026492405708384986,
                0.09246139277666253,
                0.110806737685595,
                0.17853274365216107
            ],
            "maximum a posterior": [
                7.468591298275896,
                -2.566326771707736,
                -0.049249367940319644,
                0.0008471490314150287,
                0.08816255170177101,
                1.9598253377115882,
                76.75303704553286,
                10.658246417997168
            ],
            "strictly local log-evidence": -557.9643018291806,
            "strictly local log-evidence error": 0.04740806362325696,
            "index": 0,