{
    "nested importance sampling global log-evidence error": 0.08928746656143692,
    "nested sampling global log-evidence error": 0.5994978599953187,
    "global evidence error": 0.08928746656143692,
    "nested sampling global log-evidence": -1059695.8516538092,
    "marginals": [
        {
            "median": 503.72774401214343,
            "sigma": 4.894162941582181e-05,
            "3sigma": [
                503.72757390911755,
                503.7278891682881
            ],
            "1sigma": [
                503.7276827357027,
                503.7277806189615
            ],
            "q90%": 503.72779036477885,
            "q10%": 503.7276648317559,
            "q99%": 503.7278266538953,
            "2sigma": [
                503.72762240205714,
                503.727812208943
            ],
            "q75%": 503.72776954762713,
            "q25%": 503.72770524081034,
            "5sigma": [
                503.7272379527311,
                503.72802926197255
            ],
            "q01%": 503.7276022178812
        },
        {
            "median": -0.5253964437491903,
            "sigma": 7.835865090677352e-07,
            "3sigma": [
                -0.5253987697111909,
                -0.5253941398395092
            ],
            "1sigma": [
                -0.525397296724656,
                -0.5253957295516378
            ],
            "q90%": -0.5253955169779849,
            "q10%": -0.5253974963296005,
            "q99%": -0.5253945990756139,
            "2sigma": [
                -0.525398029327889,
                -0.5253949027232582
            ],
            "q75%": -0.5253959501407167,
            "q25%": -0.5253970031680806,
            "5sigma": [
                -0.5253998726117847,
                -0.5253935881966836
            ],
            "q01%": -0.5253982217675107
        },
        {
            "median": -1.3459946358589117,
            "sigma": 6.707244319947847e-07,
            "3sigma": [
                -1.3459959903203391,
                -1.3459932347840884
            ],
            "1sigma": [
                -1.3459951503463625,
                -1.3459938088974985
            ],
            "q90%": -1.3459936944484658,
            "q10%": -1.3459952724022255,
            "q99%": -1.3459933895420122,
            "2sigma": [
                -1.3459956067517247,
                -1.3459934786109522
            ],
            "q75%": -1.3459939877848752,
            "q25%": -1.3459949939192235,
            "5sigma": [
                -1.3459964034171754,
                -1.3459890501506733
            ],
            "q01%": -1.3459957897665071
        },
        {
            "median": -0.2562548780525468,
            "sigma": 7.213119429527737e-08,
            "3sigma": [
                -0.2562550756434277,
                -0.2562546330220637
            ],
            "1sigma": [
                -0.25625493040905994,
                -0.25625478614667135
            ],
            "q90%": -0.256254759167205,
            "q10%": -0.256254947739318,
            "q99%": -0.2562546816965209,
            "2sigma": [
                -0.2562549967673028,
                -0.2562547072551032
            ],
            "q75%": -0.2562548188845421,
            "q25%": -0.2562549130834115,
            "5sigma": [
                -0.25625532634132697,
                -0.25625449561567665
            ],
            "q01%": -0.2562550285294204
        },
        {
            "median": 1101.0628301541085,
            "sigma": 0.0001170538636188212,
            "3sigma": [
                1101.0625433069588,
                1101.0631839841792
            ],
            "1sigma": [
                1101.0627383122476,
                1101.0629724199748
            ],
            "q90%": 1101.063002588981,
            "q10%": 1101.0627216302973,
            "q99%": 1101.063108306452,
            "2sigma": [
                1101.0626821236306,
                1101.0630725894334
            ],
            "q75%": 1101.0629318422405,
            "q25%": 1101.062758027849,
            "5sigma": [
                1101.0622655569446,
                1101.0633136197912
            ],
            "q01%": 1101.0626503442757
        },
        {
            "median": 2.491043938503522,
            "sigma": 4.437772481824531e-05,
            "3sigma": [
                2.4909598139004983,
                2.4911199869414733
            ],
            "1sigma": [
                2.4909941655121437,
                2.49108292096178
            ],
            "q90%": 2.4910892560677684,
            "q10%": 2.4909875159018466,
            "q99%": 2.4911078381158824,
            "2sigma": [
                2.490973685165747,
                2.4911021485174314
            ],
            "q75%": 2.491073960813764,
            "q25%": 2.491005755891882,
            "5sigma": [
                2.4909447288036812,
                2.491218681989796
            ],
            "q01%": 2.490968950584739
        },
        {
            "median": 89.99997017006285,
            "sigma": 2.1648842142951708e-05,
            "3sigma": [
                89.99986232446844,
                89.99999995317052
            ],
            "1sigma": [
                89.99994360204225,
                89.99998689972654
            ],
            "q90%": 89.99999047119007,
            "q10%": 89.99993095549715,
            "q99%": 89.99999913942513,
            "2sigma": [
                89.99990324890408,
                89.99999757364048
            ],
            "q75%": 89.99998158436105,
            "q25%": 89.99995562375095,
            "5sigma": [
                89.99939262261385,
                89.99999999615504
            ],
            "q01%": 89.99988957701449
        },
        {
            "median": 35.35932902355856,
            "sigma": 0.0003926945980303742,
            "3sigma": [
                35.35834627916569,
                35.360404784951896
            ],
            "1sigma": [
                35.35901429217424,
                35.3597996813703
            ],
            "q90%": 35.359914921655424,
            "q10%": 35.35894113771849,
            "q99%": 35.36027571640974,
            "2sigma": [
                35.358762721502096,
                35.36013298378026
            ],
            "q75%": 35.35962840607396,
            "q25%": 35.359102954075404,
            "5sigma": [
                35.357429341373845,
                35.360767195543104
            ],
            "q01%": 35.35863957919741
        },
        {
            "median": 0.0006220478398726359,
            "sigma": 9.675632396944039e-05,
            "3sigma": [
                0.000417188509528585,
                0.0009213152495615572
            ],
            "1sigma": [
                0.0005433213090408127,
                0.0007368339569796935
            ],
            "q90%": 0.0007624649493017925,
            "q10%": 0.0005257748435056164,
            "q99%": 0.000857543363110652,
            "2sigma": [
                0.0004803164373060609,
                0.0008264411845217452
            ],
            "q75%": 0.0007019968439130784,
            "q25%": 0.000563914489289555,
            "5sigma": [
                0.0003235376691426511,
                0.0010728166047358704
            ],
            "q01%": 0.00045059685360146696
        }
    ],
    "global evidence": -1059693.9514227195,
    "modes": [
        {
            "sigma": [
                1.4273290202232137e-05,
                7.81174811092381e-07,
                6.041865030739693e-07,
                7.356858871181122e-08,
                8.631674575031098e-05,
                3.8650981078974134e-05,
                2.5123481506957038e-05,
                0.0003731475463780064,
                9.306369355659413e-05
            ],
            "strictly local log-evidence": -1059693.9514227195,